2025-07-16 10:22:04,701 [Worker-8: Loading available Gradle versions] INFO  o.e.b.c.i.u.g.PublishedGradleVersions - Gradle version information cache is not available. Remote download required.
2025-07-16 10:30:20,369 [Worker-1: Import Getting Started Content] INFO  o.e.m.c.i.l.LifecycleMappingFactory - Using org.eclipse.m2e.jdt.JarLifecycleMapping lifecycle mapping for MavenProject: com.cps:customerclaims:0.0.1-SNAPSHOT @ D:\IQGateway\Module 21 - CPS\Microservices\customerclaims\pom.xml.
2025-07-16 10:30:20,761 [Worker-1: Import Getting Started Content] INFO  o.e.m.c.i.e.AbstractTransferListenerAdapter - Downloading https://repo.maven.apache.org/maven2/org/springframework/boot/spring-boot-starter-data-mongodb-reactive/3.5.3/spring-boot-starter-data-mongodb-reactive-3.5.3.pom
2025-07-16 10:30:20,798 [Worker-1: Import Getting Started Content] INFO  o.e.m.c.i.e.AbstractTransferListenerAdapter - Downloaded https://repo.maven.apache.org/maven2/org/springframework/boot/spring-boot-starter-data-mongodb-reactive/3.5.3/spring-boot-starter-data-mongodb-reactive-3.5.3.pom
2025-07-16 10:30:20,838 [Worker-1: Import Getting Started Content] INFO  o.e.m.c.i.e.AbstractTransferListenerAdapter - Downloading https://repo.maven.apache.org/maven2/org/mongodb/mongodb-driver-reactivestreams/5.5.1/mongodb-driver-reactivestreams-5.5.1.pom
2025-07-16 10:30:20,850 [Worker-1: Import Getting Started Content] INFO  o.e.m.c.i.e.AbstractTransferListenerAdapter - Downloaded https://repo.maven.apache.org/maven2/org/mongodb/mongodb-driver-reactivestreams/5.5.1/mongodb-driver-reactivestreams-5.5.1.pom
2025-07-16 10:30:21,727 [Worker-1: Import Getting Started Content] INFO  o.e.m.c.i.e.AbstractTransferListenerAdapter - Downloading https://repo.maven.apache.org/maven2/org/springframework/boot/spring-boot-starter-data-mongodb-reactive/3.5.3/spring-boot-starter-data-mongodb-reactive-3.5.3.jar
2025-07-16 10:30:21,745 [Worker-1: Import Getting Started Content] INFO  o.e.m.c.i.e.AbstractTransferListenerAdapter - Downloaded https://repo.maven.apache.org/maven2/org/springframework/boot/spring-boot-starter-data-mongodb-reactive/3.5.3/spring-boot-starter-data-mongodb-reactive-3.5.3.jar
2025-07-16 10:30:21,766 [BasicRepositoryConnector-repo.maven.apache.org-0-0] INFO  o.e.m.c.i.e.AbstractTransferListenerAdapter - Downloading https://repo.maven.apache.org/maven2/org/mongodb/mongodb-driver-reactivestreams/5.5.1/mongodb-driver-reactivestreams-5.5.1.jar
2025-07-16 10:30:21,976 [BasicRepositoryConnector-repo.maven.apache.org-0-0] INFO  o.e.m.c.i.e.AbstractTransferListenerAdapter - Downloaded https://repo.maven.apache.org/maven2/org/mongodb/mongodb-driver-reactivestreams/5.5.1/mongodb-driver-reactivestreams-5.5.1.jar
2025-07-16 10:30:22,879 [Worker-1: Import Getting Started Content] INFO  o.e.m.j.i.AbstractJavaProjectConfigurator - Adding source folder /customerclaims/src/main/java
2025-07-16 10:30:22,880 [Worker-1: Import Getting Started Content] INFO  o.e.m.j.i.AbstractJavaProjectConfigurator - Adding resource folder /customerclaims/src/main/resources
2025-07-16 10:30:22,886 [Worker-1: Import Getting Started Content] INFO  o.e.m.j.i.AbstractJavaProjectConfigurator - Adding resource folder /customerclaims/src/main/resources
2025-07-16 10:30:22,892 [Worker-1: Import Getting Started Content] INFO  o.e.m.j.i.AbstractJavaProjectConfigurator - Adding source folder /customerclaims/src/test/java
2025-07-16 10:30:22,893 [Worker-1: Import Getting Started Content] INFO  o.e.m.j.i.AbstractJavaProjectConfigurator - Adding resource folder /customerclaims/src/test/resources
2025-07-16 10:30:23,647 [Worker-14: Download sources and javadoc] INFO  o.e.m.c.i.e.AbstractTransferListenerAdapter - Downloading https://repo.maven.apache.org/maven2/org/springframework/boot/spring-boot-starter-data-mongodb-reactive/3.5.3/spring-boot-starter-data-mongodb-reactive-3.5.3-sources.jar
2025-07-16 10:30:23,661 [Worker-14: Download sources and javadoc] INFO  o.e.m.c.i.e.AbstractTransferListenerAdapter - Downloaded https://repo.maven.apache.org/maven2/org/springframework/boot/spring-boot-starter-data-mongodb-reactive/3.5.3/spring-boot-starter-data-mongodb-reactive-3.5.3-sources.jar
2025-07-16 10:30:23,667 [Worker-14: Download sources and javadoc] INFO  o.e.m.j.internal.DownloadSourcesJob - Downloaded sources for org.springframework.boot:spring-boot-starter-data-mongodb-reactive:3.5.3
2025-07-16 10:30:23,726 [Worker-14: Download sources and javadoc] INFO  o.e.m.c.i.e.AbstractTransferListenerAdapter - Downloading https://repo.maven.apache.org/maven2/org/mongodb/mongodb-driver-reactivestreams/5.5.1/mongodb-driver-reactivestreams-5.5.1-sources.jar
2025-07-16 10:30:24,035 [Worker-14: Download sources and javadoc] INFO  o.e.m.c.i.e.AbstractTransferListenerAdapter - Downloaded https://repo.maven.apache.org/maven2/org/mongodb/mongodb-driver-reactivestreams/5.5.1/mongodb-driver-reactivestreams-5.5.1-sources.jar
2025-07-16 10:30:24,055 [Worker-14: Download sources and javadoc] INFO  o.e.m.j.internal.DownloadSourcesJob - Downloaded sources for org.mongodb:mongodb-driver-reactivestreams:5.5.1
2025-07-16 10:30:24,817 [Worker-1: Import Getting Started Content] INFO  o.e.m.c.i.p.ProjectConfigurationManager - Imported and configured 1 project(s) in 6 sec
2025-07-16 10:30:24,818 [Worker-1: Import Getting Started Content] INFO  o.e.m.c.i.p.ProjectConfigurationManager - Update started
2025-07-16 10:30:25,220 [Worker-1: Import Getting Started Content] INFO  o.e.m.c.i.l.LifecycleMappingFactory - Using org.eclipse.m2e.jdt.JarLifecycleMapping lifecycle mapping for MavenProject: com.cps:customerclaims:0.0.1-SNAPSHOT @ D:\IQGateway\Module 21 - CPS\Microservices\customerclaims\pom.xml.
2025-07-16 10:30:26,107 [Worker-1: Import Getting Started Content] INFO  o.e.m.j.i.AbstractJavaProjectConfigurator - Adding source folder /customerclaims/src/main/java
2025-07-16 10:30:26,108 [Worker-1: Import Getting Started Content] INFO  o.e.m.j.i.AbstractJavaProjectConfigurator - Adding resource folder /customerclaims/src/main/resources
2025-07-16 10:30:26,109 [Worker-1: Import Getting Started Content] INFO  o.e.m.j.i.AbstractJavaProjectConfigurator - Adding resource folder /customerclaims/src/main/resources
2025-07-16 10:30:26,109 [Worker-1: Import Getting Started Content] INFO  o.e.m.j.i.AbstractJavaProjectConfigurator - Adding source folder /customerclaims/src/test/java
2025-07-16 10:30:26,110 [Worker-1: Import Getting Started Content] INFO  o.e.m.j.i.AbstractJavaProjectConfigurator - Adding resource folder /customerclaims/src/test/resources
2025-07-16 10:30:26,688 [Worker-1: Import Getting Started Content] INFO  o.e.m.c.i.p.ProjectConfigurationManager - Update completed for 1 poms: local refresh takes 0.00 sec, refresh facades takes 1.00 sec, update config takes 0.00 sec 
2025-07-16 10:30:27,575 [Worker-0: Building] INFO  o.a.m.s.f.DefaultMavenResourcesFiltering - Copying 1 resource from src\main\resources to target\classes
2025-07-16 10:30:27,587 [Worker-0: Building] INFO  o.a.m.s.f.DefaultMavenResourcesFiltering - Copying 0 resource from src\main\resources to target\classes
2025-07-16 10:30:27,589 [Worker-0: Building] INFO  o.a.m.s.f.DefaultMavenResourcesFiltering - skip non existing resourceDirectory D:\IQGateway\Module 21 - CPS\Microservices\customerclaims\src\test\resources
2025-07-16 10:30:49,008 [Worker-15: Building] INFO  o.a.m.s.f.DefaultMavenResourcesFiltering - Copying 1 resource from src\main\resources to target\classes
2025-07-16 10:30:49,019 [Worker-15: Building] INFO  o.a.m.s.f.DefaultMavenResourcesFiltering - Copying 0 resource from src\main\resources to target\classes
2025-07-16 10:30:49,023 [Worker-15: Building] INFO  o.a.m.s.f.DefaultMavenResourcesFiltering - skip non existing resourceDirectory D:\IQGateway\Module 21 - CPS\Microservices\customerclaims\src\test\resources
2025-07-16 10:31:14,512 [Worker-14: Building] INFO  o.a.m.s.f.DefaultMavenResourcesFiltering - Copying 1 resource from src\main\resources to target\classes
2025-07-16 10:31:14,521 [Worker-14: Building] INFO  o.a.m.s.f.DefaultMavenResourcesFiltering - Copying 0 resource from src\main\resources to target\classes
2025-07-16 10:31:14,527 [Worker-14: Building] INFO  o.a.m.s.f.DefaultMavenResourcesFiltering - skip non existing resourceDirectory D:\IQGateway\Module 21 - CPS\Microservices\customerclaims\src\test\resources
2025-07-16 10:35:58,068 [Worker-2: Building] INFO  o.a.m.s.f.DefaultMavenResourcesFiltering - Copying 1 resource from src\main\resources to target\classes
2025-07-16 10:35:58,081 [Worker-2: Building] INFO  o.a.m.s.f.DefaultMavenResourcesFiltering - Copying 0 resource from src\main\resources to target\classes
2025-07-16 10:35:58,089 [Worker-2: Building] INFO  o.a.m.s.f.DefaultMavenResourcesFiltering - skip non existing resourceDirectory D:\IQGateway\Module 21 - CPS\Microservices\customerclaims\src\test\resources
2025-07-16 10:36:05,717 [Worker-13: Building] INFO  o.a.m.s.f.DefaultMavenResourcesFiltering - Copying 1 resource from src\main\resources to target\classes
2025-07-16 10:36:05,724 [Worker-13: Building] INFO  o.a.m.s.f.DefaultMavenResourcesFiltering - Copying 0 resource from src\main\resources to target\classes
2025-07-16 10:36:05,729 [Worker-13: Building] INFO  o.a.m.s.f.DefaultMavenResourcesFiltering - skip non existing resourceDirectory D:\IQGateway\Module 21 - CPS\Microservices\customerclaims\src\test\resources
2025-07-16 10:36:30,430 [Worker-18: Building] INFO  o.a.m.s.f.DefaultMavenResourcesFiltering - Copying 1 resource from src\main\resources to target\classes
2025-07-16 10:36:30,439 [Worker-18: Building] INFO  o.a.m.s.f.DefaultMavenResourcesFiltering - Copying 0 resource from src\main\resources to target\classes
2025-07-16 10:36:30,442 [Worker-18: Building] INFO  o.a.m.s.f.DefaultMavenResourcesFiltering - skip non existing resourceDirectory D:\IQGateway\Module 21 - CPS\Microservices\customerclaims\src\test\resources
2025-07-16 10:36:35,184 [Worker-2: Building] INFO  o.a.m.s.f.DefaultMavenResourcesFiltering - Copying 1 resource from src\main\resources to target\classes
2025-07-16 10:36:35,189 [Worker-2: Building] INFO  o.a.m.s.f.DefaultMavenResourcesFiltering - Copying 0 resource from src\main\resources to target\classes
2025-07-16 10:36:35,192 [Worker-2: Building] INFO  o.a.m.s.f.DefaultMavenResourcesFiltering - skip non existing resourceDirectory D:\IQGateway\Module 21 - CPS\Microservices\customerclaims\src\test\resources
2025-07-16 10:36:52,220 [Worker-2: Building] INFO  o.a.m.s.f.DefaultMavenResourcesFiltering - Copying 1 resource from src\main\resources to target\classes
2025-07-16 10:36:52,225 [Worker-2: Building] INFO  o.a.m.s.f.DefaultMavenResourcesFiltering - Copying 0 resource from src\main\resources to target\classes
2025-07-16 10:36:52,229 [Worker-2: Building] INFO  o.a.m.s.f.DefaultMavenResourcesFiltering - skip non existing resourceDirectory D:\IQGateway\Module 21 - CPS\Microservices\customerclaims\src\test\resources
2025-07-16 10:44:06,922 [Worker-2: Building] INFO  o.a.m.s.f.DefaultMavenResourcesFiltering - Copying 1 resource from src\main\resources to target\classes
2025-07-16 10:44:06,929 [Worker-2: Building] INFO  o.a.m.s.f.DefaultMavenResourcesFiltering - Copying 0 resource from src\main\resources to target\classes
2025-07-16 10:44:06,934 [Worker-2: Building] INFO  o.a.m.s.f.DefaultMavenResourcesFiltering - skip non existing resourceDirectory D:\IQGateway\Module 21 - CPS\Microservices\customerclaims\src\test\resources
2025-07-16 10:44:34,269 [Worker-2: Building] INFO  o.a.m.s.f.DefaultMavenResourcesFiltering - Copying 1 resource from src\main\resources to target\classes
2025-07-16 10:44:34,276 [Worker-2: Building] INFO  o.a.m.s.f.DefaultMavenResourcesFiltering - Copying 0 resource from src\main\resources to target\classes
2025-07-16 10:44:34,278 [Worker-2: Building] INFO  o.a.m.s.f.DefaultMavenResourcesFiltering - skip non existing resourceDirectory D:\IQGateway\Module 21 - CPS\Microservices\customerclaims\src\test\resources
2025-07-16 10:45:15,500 [Worker-21: Building] INFO  o.a.m.s.f.DefaultMavenResourcesFiltering - Copying 1 resource from src\main\resources to target\classes
2025-07-16 10:45:15,506 [Worker-21: Building] INFO  o.a.m.s.f.DefaultMavenResourcesFiltering - Copying 0 resource from src\main\resources to target\classes
2025-07-16 10:45:15,510 [Worker-21: Building] INFO  o.a.m.s.f.DefaultMavenResourcesFiltering - skip non existing resourceDirectory D:\IQGateway\Module 21 - CPS\Microservices\customerclaims\src\test\resources
2025-07-16 10:47:41,190 [Worker-15: Building] INFO  o.a.m.s.f.DefaultMavenResourcesFiltering - Copying 1 resource from src\main\resources to target\classes
2025-07-16 10:47:41,196 [Worker-15: Building] INFO  o.a.m.s.f.DefaultMavenResourcesFiltering - Copying 0 resource from src\main\resources to target\classes
2025-07-16 10:47:41,198 [Worker-15: Building] INFO  o.a.m.s.f.DefaultMavenResourcesFiltering - skip non existing resourceDirectory D:\IQGateway\Module 21 - CPS\Microservices\customerclaims\src\test\resources
2025-07-16 10:47:54,618 [Worker-20: Building] INFO  o.a.m.s.f.DefaultMavenResourcesFiltering - Copying 1 resource from src\main\resources to target\classes
2025-07-16 10:47:54,624 [Worker-20: Building] INFO  o.a.m.s.f.DefaultMavenResourcesFiltering - Copying 0 resource from src\main\resources to target\classes
2025-07-16 10:47:54,626 [Worker-20: Building] INFO  o.a.m.s.f.DefaultMavenResourcesFiltering - skip non existing resourceDirectory D:\IQGateway\Module 21 - CPS\Microservices\customerclaims\src\test\resources
2025-07-16 10:48:22,825 [Worker-2: Building] INFO  o.a.m.s.f.DefaultMavenResourcesFiltering - Copying 1 resource from src\main\resources to target\classes
2025-07-16 10:48:22,832 [Worker-2: Building] INFO  o.a.m.s.f.DefaultMavenResourcesFiltering - Copying 0 resource from src\main\resources to target\classes
2025-07-16 10:48:22,835 [Worker-2: Building] INFO  o.a.m.s.f.DefaultMavenResourcesFiltering - skip non existing resourceDirectory D:\IQGateway\Module 21 - CPS\Microservices\customerclaims\src\test\resources
2025-07-16 10:49:27,065 [Worker-15: Building] INFO  o.a.m.s.f.DefaultMavenResourcesFiltering - Copying 1 resource from src\main\resources to target\classes
2025-07-16 10:49:27,070 [Worker-15: Building] INFO  o.a.m.s.f.DefaultMavenResourcesFiltering - Copying 0 resource from src\main\resources to target\classes
2025-07-16 10:49:27,073 [Worker-15: Building] INFO  o.a.m.s.f.DefaultMavenResourcesFiltering - skip non existing resourceDirectory D:\IQGateway\Module 21 - CPS\Microservices\customerclaims\src\test\resources
2025-07-16 10:57:45,673 [Worker-20: Building] INFO  o.a.m.s.f.DefaultMavenResourcesFiltering - Copying 1 resource from src\main\resources to target\classes
2025-07-16 10:57:45,678 [Worker-20: Building] INFO  o.a.m.s.f.DefaultMavenResourcesFiltering - Copying 0 resource from src\main\resources to target\classes
2025-07-16 10:57:45,680 [Worker-20: Building] INFO  o.a.m.s.f.DefaultMavenResourcesFiltering - skip non existing resourceDirectory D:\IQGateway\Module 21 - CPS\Microservices\customerclaims\src\test\resources
2025-07-16 10:58:35,716 [Worker-23: Building] INFO  o.a.m.s.f.DefaultMavenResourcesFiltering - Copying 1 resource from src\main\resources to target\classes
2025-07-16 10:58:35,720 [Worker-23: Building] INFO  o.a.m.s.f.DefaultMavenResourcesFiltering - Copying 0 resource from src\main\resources to target\classes
2025-07-16 10:58:35,723 [Worker-23: Building] INFO  o.a.m.s.f.DefaultMavenResourcesFiltering - skip non existing resourceDirectory D:\IQGateway\Module 21 - CPS\Microservices\customerclaims\src\test\resources
2025-07-16 10:58:39,321 [Worker-22: Building] INFO  o.a.m.s.f.DefaultMavenResourcesFiltering - Copying 1 resource from src\main\resources to target\classes
2025-07-16 10:58:39,328 [Worker-22: Building] INFO  o.a.m.s.f.DefaultMavenResourcesFiltering - Copying 0 resource from src\main\resources to target\classes
2025-07-16 10:58:39,330 [Worker-22: Building] INFO  o.a.m.s.f.DefaultMavenResourcesFiltering - skip non existing resourceDirectory D:\IQGateway\Module 21 - CPS\Microservices\customerclaims\src\test\resources
2025-07-16 10:58:58,140 [Worker-23: Building] INFO  o.a.m.s.f.DefaultMavenResourcesFiltering - Copying 1 resource from src\main\resources to target\classes
2025-07-16 10:58:58,145 [Worker-23: Building] INFO  o.a.m.s.f.DefaultMavenResourcesFiltering - Copying 0 resource from src\main\resources to target\classes
2025-07-16 10:58:58,147 [Worker-23: Building] INFO  o.a.m.s.f.DefaultMavenResourcesFiltering - skip non existing resourceDirectory D:\IQGateway\Module 21 - CPS\Microservices\customerclaims\src\test\resources
2025-07-16 10:59:23,787 [Worker-15: Building] INFO  o.a.m.s.f.DefaultMavenResourcesFiltering - Copying 1 resource from src\main\resources to target\classes
2025-07-16 10:59:23,793 [Worker-15: Building] INFO  o.a.m.s.f.DefaultMavenResourcesFiltering - Copying 0 resource from src\main\resources to target\classes
2025-07-16 10:59:23,795 [Worker-15: Building] INFO  o.a.m.s.f.DefaultMavenResourcesFiltering - skip non existing resourceDirectory D:\IQGateway\Module 21 - CPS\Microservices\customerclaims\src\test\resources
2025-07-16 11:04:10,161 [Worker-15: Building] INFO  o.a.m.s.f.DefaultMavenResourcesFiltering - Copying 1 resource from src\main\resources to target\classes
2025-07-16 11:04:10,167 [Worker-15: Building] INFO  o.a.m.s.f.DefaultMavenResourcesFiltering - Copying 0 resource from src\main\resources to target\classes
2025-07-16 11:04:10,171 [Worker-15: Building] INFO  o.a.m.s.f.DefaultMavenResourcesFiltering - skip non existing resourceDirectory D:\IQGateway\Module 21 - CPS\Microservices\customerclaims\src\test\resources
2025-07-16 11:04:29,068 [Worker-22: Building] INFO  o.a.m.s.f.DefaultMavenResourcesFiltering - Copying 1 resource from src\main\resources to target\classes
2025-07-16 11:04:29,072 [Worker-22: Building] INFO  o.a.m.s.f.DefaultMavenResourcesFiltering - Copying 0 resource from src\main\resources to target\classes
2025-07-16 11:04:29,075 [Worker-22: Building] INFO  o.a.m.s.f.DefaultMavenResourcesFiltering - skip non existing resourceDirectory D:\IQGateway\Module 21 - CPS\Microservices\customerclaims\src\test\resources
2025-07-16 11:09:42,647 [Worker-24: Building] INFO  o.a.m.s.f.DefaultMavenResourcesFiltering - Copying 1 resource from src\main\resources to target\classes
2025-07-16 11:09:42,652 [Worker-24: Building] INFO  o.a.m.s.f.DefaultMavenResourcesFiltering - Copying 0 resource from src\main\resources to target\classes
2025-07-16 11:09:42,654 [Worker-24: Building] INFO  o.a.m.s.f.DefaultMavenResourcesFiltering - skip non existing resourceDirectory D:\IQGateway\Module 21 - CPS\Microservices\customerclaims\src\test\resources
2025-07-16 11:11:14,554 [Worker-28: Building] INFO  o.a.m.s.f.DefaultMavenResourcesFiltering - Copying 1 resource from src\main\resources to target\classes
2025-07-16 11:11:14,563 [Worker-28: Building] INFO  o.a.m.s.f.DefaultMavenResourcesFiltering - Copying 0 resource from src\main\resources to target\classes
2025-07-16 11:11:14,566 [Worker-28: Building] INFO  o.a.m.s.f.DefaultMavenResourcesFiltering - skip non existing resourceDirectory D:\IQGateway\Module 21 - CPS\Microservices\customerclaims\src\test\resources
2025-07-16 11:11:43,515 [Worker-28: Building] INFO  o.a.m.s.f.DefaultMavenResourcesFiltering - Copying 1 resource from src\main\resources to target\classes
2025-07-16 11:11:43,520 [Worker-28: Building] INFO  o.a.m.s.f.DefaultMavenResourcesFiltering - Copying 0 resource from src\main\resources to target\classes
2025-07-16 11:11:43,522 [Worker-28: Building] INFO  o.a.m.s.f.DefaultMavenResourcesFiltering - skip non existing resourceDirectory D:\IQGateway\Module 21 - CPS\Microservices\customerclaims\src\test\resources
2025-07-16 11:12:01,736 [Worker-28: Building] INFO  o.a.m.s.f.DefaultMavenResourcesFiltering - Copying 1 resource from src\main\resources to target\classes
2025-07-16 11:12:01,742 [Worker-28: Building] INFO  o.a.m.s.f.DefaultMavenResourcesFiltering - Copying 0 resource from src\main\resources to target\classes
2025-07-16 11:12:01,744 [Worker-28: Building] INFO  o.a.m.s.f.DefaultMavenResourcesFiltering - skip non existing resourceDirectory D:\IQGateway\Module 21 - CPS\Microservices\customerclaims\src\test\resources
2025-07-16 11:13:31,031 [Worker-29: Building] INFO  o.a.m.s.f.DefaultMavenResourcesFiltering - Copying 1 resource from src\main\resources to target\classes
2025-07-16 11:13:31,036 [Worker-29: Building] INFO  o.a.m.s.f.DefaultMavenResourcesFiltering - Copying 0 resource from src\main\resources to target\classes
2025-07-16 11:13:31,038 [Worker-29: Building] INFO  o.a.m.s.f.DefaultMavenResourcesFiltering - skip non existing resourceDirectory D:\IQGateway\Module 21 - CPS\Microservices\customerclaims\src\test\resources
2025-07-16 11:15:24,446 [Worker-26: Building] INFO  o.a.m.s.f.DefaultMavenResourcesFiltering - Copying 1 resource from src\main\resources to target\classes
2025-07-16 11:15:24,451 [Worker-26: Building] INFO  o.a.m.s.f.DefaultMavenResourcesFiltering - Copying 0 resource from src\main\resources to target\classes
2025-07-16 11:15:24,454 [Worker-26: Building] INFO  o.a.m.s.f.DefaultMavenResourcesFiltering - skip non existing resourceDirectory D:\IQGateway\Module 21 - CPS\Microservices\customerclaims\src\test\resources
2025-07-16 11:15:35,351 [Worker-28: Building] INFO  o.a.m.s.f.DefaultMavenResourcesFiltering - Copying 1 resource from src\main\resources to target\classes
2025-07-16 11:15:35,355 [Worker-28: Building] INFO  o.a.m.s.f.DefaultMavenResourcesFiltering - Copying 0 resource from src\main\resources to target\classes
2025-07-16 11:15:35,357 [Worker-28: Building] INFO  o.a.m.s.f.DefaultMavenResourcesFiltering - skip non existing resourceDirectory D:\IQGateway\Module 21 - CPS\Microservices\customerclaims\src\test\resources
2025-07-16 11:15:48,995 [Worker-27: Building] INFO  o.a.m.s.f.DefaultMavenResourcesFiltering - Copying 1 resource from src\main\resources to target\classes
2025-07-16 11:15:48,999 [Worker-27: Building] INFO  o.a.m.s.f.DefaultMavenResourcesFiltering - Copying 0 resource from src\main\resources to target\classes
2025-07-16 11:15:49,001 [Worker-27: Building] INFO  o.a.m.s.f.DefaultMavenResourcesFiltering - skip non existing resourceDirectory D:\IQGateway\Module 21 - CPS\Microservices\customerclaims\src\test\resources
2025-07-16 11:16:03,785 [Worker-29: Building] INFO  o.a.m.s.f.DefaultMavenResourcesFiltering - Copying 1 resource from src\main\resources to target\classes
2025-07-16 11:16:03,793 [Worker-29: Building] INFO  o.a.m.s.f.DefaultMavenResourcesFiltering - Copying 0 resource from src\main\resources to target\classes
2025-07-16 11:16:03,795 [Worker-29: Building] INFO  o.a.m.s.f.DefaultMavenResourcesFiltering - skip non existing resourceDirectory D:\IQGateway\Module 21 - CPS\Microservices\customerclaims\src\test\resources
2025-07-16 11:16:30,915 [Worker-29: Building] INFO  o.a.m.s.f.DefaultMavenResourcesFiltering - Copying 1 resource from src\main\resources to target\classes
2025-07-16 11:16:30,924 [Worker-29: Building] INFO  o.a.m.s.f.DefaultMavenResourcesFiltering - Copying 0 resource from src\main\resources to target\classes
2025-07-16 11:16:30,926 [Worker-29: Building] INFO  o.a.m.s.f.DefaultMavenResourcesFiltering - skip non existing resourceDirectory D:\IQGateway\Module 21 - CPS\Microservices\customerclaims\src\test\resources
2025-07-16 11:16:37,910 [Worker-28: Building] INFO  o.a.m.s.f.DefaultMavenResourcesFiltering - Copying 1 resource from src\main\resources to target\classes
2025-07-16 11:16:37,915 [Worker-28: Building] INFO  o.a.m.s.f.DefaultMavenResourcesFiltering - Copying 0 resource from src\main\resources to target\classes
2025-07-16 11:16:37,917 [Worker-28: Building] INFO  o.a.m.s.f.DefaultMavenResourcesFiltering - skip non existing resourceDirectory D:\IQGateway\Module 21 - CPS\Microservices\customerclaims\src\test\resources
2025-07-16 11:16:44,652 [Worker-24: Building] INFO  o.a.m.s.f.DefaultMavenResourcesFiltering - Copying 1 resource from src\main\resources to target\classes
2025-07-16 11:16:44,658 [Worker-24: Building] INFO  o.a.m.s.f.DefaultMavenResourcesFiltering - Copying 0 resource from src\main\resources to target\classes
2025-07-16 11:16:44,661 [Worker-24: Building] INFO  o.a.m.s.f.DefaultMavenResourcesFiltering - skip non existing resourceDirectory D:\IQGateway\Module 21 - CPS\Microservices\customerclaims\src\test\resources
2025-07-16 11:17:39,611 [Worker-29: Building] INFO  o.a.m.s.f.DefaultMavenResourcesFiltering - Copying 1 resource from src\main\resources to target\classes
2025-07-16 11:17:39,619 [Worker-29: Building] INFO  o.a.m.s.f.DefaultMavenResourcesFiltering - Copying 0 resource from src\main\resources to target\classes
2025-07-16 11:17:39,622 [Worker-29: Building] INFO  o.a.m.s.f.DefaultMavenResourcesFiltering - skip non existing resourceDirectory D:\IQGateway\Module 21 - CPS\Microservices\customerclaims\src\test\resources
2025-07-16 11:25:41,892 [Worker-29: Building] INFO  o.a.m.s.f.DefaultMavenResourcesFiltering - Copying 1 resource from src\main\resources to target\classes
2025-07-16 11:25:41,898 [Worker-29: Building] INFO  o.a.m.s.f.DefaultMavenResourcesFiltering - Copying 0 resource from src\main\resources to target\classes
2025-07-16 11:25:41,900 [Worker-29: Building] INFO  o.a.m.s.f.DefaultMavenResourcesFiltering - skip non existing resourceDirectory D:\IQGateway\Module 21 - CPS\Microservices\customerclaims\src\test\resources
2025-07-16 11:26:22,581 [Worker-29: Building] INFO  o.a.m.s.f.DefaultMavenResourcesFiltering - Copying 1 resource from src\main\resources to target\classes
2025-07-16 11:26:22,587 [Worker-29: Building] INFO  o.a.m.s.f.DefaultMavenResourcesFiltering - Copying 0 resource from src\main\resources to target\classes
2025-07-16 11:26:22,589 [Worker-29: Building] INFO  o.a.m.s.f.DefaultMavenResourcesFiltering - skip non existing resourceDirectory D:\IQGateway\Module 21 - CPS\Microservices\customerclaims\src\test\resources
2025-07-16 11:26:33,799 [Worker-27: Building] INFO  o.a.m.s.f.DefaultMavenResourcesFiltering - Copying 1 resource from src\main\resources to target\classes
2025-07-16 11:26:33,804 [Worker-27: Building] INFO  o.a.m.s.f.DefaultMavenResourcesFiltering - Copying 0 resource from src\main\resources to target\classes
2025-07-16 11:26:33,805 [Worker-27: Building] INFO  o.a.m.s.f.DefaultMavenResourcesFiltering - skip non existing resourceDirectory D:\IQGateway\Module 21 - CPS\Microservices\customerclaims\src\test\resources
2025-07-16 11:27:35,689 [Worker-30: Building] INFO  o.a.m.s.f.DefaultMavenResourcesFiltering - Copying 1 resource from src\main\resources to target\classes
2025-07-16 11:27:35,696 [Worker-30: Building] INFO  o.a.m.s.f.DefaultMavenResourcesFiltering - Copying 0 resource from src\main\resources to target\classes
2025-07-16 11:27:35,700 [Worker-30: Building] INFO  o.a.m.s.f.DefaultMavenResourcesFiltering - skip non existing resourceDirectory D:\IQGateway\Module 21 - CPS\Microservices\customerclaims\src\test\resources
2025-07-16 11:29:52,928 [Worker-26: Building] INFO  o.a.m.s.f.DefaultMavenResourcesFiltering - Copying 1 resource from src\main\resources to target\classes
2025-07-16 11:29:52,933 [Worker-26: Building] INFO  o.a.m.s.f.DefaultMavenResourcesFiltering - Copying 0 resource from src\main\resources to target\classes
2025-07-16 11:29:52,935 [Worker-26: Building] INFO  o.a.m.s.f.DefaultMavenResourcesFiltering - skip non existing resourceDirectory D:\IQGateway\Module 21 - CPS\Microservices\customerclaims\src\test\resources
2025-07-16 11:30:13,769 [Worker-26: Building] INFO  o.a.m.s.f.DefaultMavenResourcesFiltering - Copying 1 resource from src\main\resources to target\classes
2025-07-16 11:30:13,775 [Worker-26: Building] INFO  o.a.m.s.f.DefaultMavenResourcesFiltering - Copying 0 resource from src\main\resources to target\classes
2025-07-16 11:30:13,777 [Worker-26: Building] INFO  o.a.m.s.f.DefaultMavenResourcesFiltering - skip non existing resourceDirectory D:\IQGateway\Module 21 - CPS\Microservices\customerclaims\src\test\resources
2025-07-16 11:30:50,445 [Worker-24: Building] INFO  o.a.m.s.f.DefaultMavenResourcesFiltering - Copying 1 resource from src\main\resources to target\classes
2025-07-16 11:30:50,448 [Worker-24: Building] INFO  o.a.m.s.f.DefaultMavenResourcesFiltering - Copying 0 resource from src\main\resources to target\classes
2025-07-16 11:30:50,451 [Worker-24: Building] INFO  o.a.m.s.f.DefaultMavenResourcesFiltering - skip non existing resourceDirectory D:\IQGateway\Module 21 - CPS\Microservices\customerclaims\src\test\resources
2025-07-16 11:43:22,171 [Worker-24: Building] INFO  o.a.m.s.f.DefaultMavenResourcesFiltering - Copying 1 resource from src\main\resources to target\classes
2025-07-16 11:43:22,200 [Worker-24: Building] INFO  o.a.m.s.f.DefaultMavenResourcesFiltering - Copying 0 resource from src\main\resources to target\classes
2025-07-16 11:43:22,210 [Worker-24: Building] INFO  o.a.m.s.f.DefaultMavenResourcesFiltering - skip non existing resourceDirectory D:\IQGateway\Module 21 - CPS\Microservices\customerclaims\src\test\resources
2025-07-16 11:43:28,574 [Worker-32: Building] INFO  o.a.m.s.f.DefaultMavenResourcesFiltering - Copying 1 resource from src\main\resources to target\classes
2025-07-16 11:43:28,580 [Worker-32: Building] INFO  o.a.m.s.f.DefaultMavenResourcesFiltering - Copying 0 resource from src\main\resources to target\classes
2025-07-16 11:43:28,582 [Worker-32: Building] INFO  o.a.m.s.f.DefaultMavenResourcesFiltering - skip non existing resourceDirectory D:\IQGateway\Module 21 - CPS\Microservices\customerclaims\src\test\resources
2025-07-16 11:43:41,049 [Worker-26: Building] INFO  o.a.m.s.f.DefaultMavenResourcesFiltering - Copying 1 resource from src\main\resources to target\classes
2025-07-16 11:43:41,055 [Worker-26: Building] INFO  o.a.m.s.f.DefaultMavenResourcesFiltering - Copying 0 resource from src\main\resources to target\classes
2025-07-16 11:43:41,057 [Worker-26: Building] INFO  o.a.m.s.f.DefaultMavenResourcesFiltering - skip non existing resourceDirectory D:\IQGateway\Module 21 - CPS\Microservices\customerclaims\src\test\resources
2025-07-16 11:44:30,084 [Worker-29: Building] INFO  o.a.m.s.f.DefaultMavenResourcesFiltering - Copying 1 resource from src\main\resources to target\classes
2025-07-16 11:44:30,091 [Worker-29: Building] INFO  o.a.m.s.f.DefaultMavenResourcesFiltering - Copying 0 resource from src\main\resources to target\classes
2025-07-16 11:44:30,094 [Worker-29: Building] INFO  o.a.m.s.f.DefaultMavenResourcesFiltering - skip non existing resourceDirectory D:\IQGateway\Module 21 - CPS\Microservices\customerclaims\src\test\resources
2025-07-16 11:45:44,941 [Worker-29: Building] INFO  o.a.m.s.f.DefaultMavenResourcesFiltering - Copying 1 resource from src\main\resources to target\classes
2025-07-16 11:45:44,947 [Worker-29: Building] INFO  o.a.m.s.f.DefaultMavenResourcesFiltering - Copying 0 resource from src\main\resources to target\classes
2025-07-16 11:45:44,950 [Worker-29: Building] INFO  o.a.m.s.f.DefaultMavenResourcesFiltering - skip non existing resourceDirectory D:\IQGateway\Module 21 - CPS\Microservices\customerclaims\src\test\resources
2025-07-16 11:46:35,683 [Worker-26: Building] INFO  o.a.m.s.f.DefaultMavenResourcesFiltering - Copying 1 resource from src\main\resources to target\classes
2025-07-16 11:46:35,687 [Worker-26: Building] INFO  o.a.m.s.f.DefaultMavenResourcesFiltering - Copying 0 resource from src\main\resources to target\classes
2025-07-16 11:46:35,689 [Worker-26: Building] INFO  o.a.m.s.f.DefaultMavenResourcesFiltering - skip non existing resourceDirectory D:\IQGateway\Module 21 - CPS\Microservices\customerclaims\src\test\resources
2025-07-16 11:53:07,420 [Worker-33: Building] INFO  o.a.m.s.f.DefaultMavenResourcesFiltering - Copying 1 resource from src\main\resources to target\classes
2025-07-16 11:53:07,427 [Worker-33: Building] INFO  o.a.m.s.f.DefaultMavenResourcesFiltering - Copying 0 resource from src\main\resources to target\classes
2025-07-16 11:53:07,430 [Worker-33: Building] INFO  o.a.m.s.f.DefaultMavenResourcesFiltering - skip non existing resourceDirectory D:\IQGateway\Module 21 - CPS\Microservices\customerclaims\src\test\resources
2025-07-16 11:53:18,741 [Worker-26: Building] INFO  o.a.m.s.f.DefaultMavenResourcesFiltering - Copying 1 resource from src\main\resources to target\classes
2025-07-16 11:53:18,748 [Worker-26: Building] INFO  o.a.m.s.f.DefaultMavenResourcesFiltering - Copying 0 resource from src\main\resources to target\classes
2025-07-16 11:53:18,749 [Worker-26: Building] INFO  o.a.m.s.f.DefaultMavenResourcesFiltering - skip non existing resourceDirectory D:\IQGateway\Module 21 - CPS\Microservices\customerclaims\src\test\resources
2025-07-16 11:53:31,186 [Worker-32: Building] INFO  o.a.m.s.f.DefaultMavenResourcesFiltering - Copying 1 resource from src\main\resources to target\classes
2025-07-16 11:53:31,192 [Worker-32: Building] INFO  o.a.m.s.f.DefaultMavenResourcesFiltering - Copying 0 resource from src\main\resources to target\classes
2025-07-16 11:53:31,194 [Worker-32: Building] INFO  o.a.m.s.f.DefaultMavenResourcesFiltering - skip non existing resourceDirectory D:\IQGateway\Module 21 - CPS\Microservices\customerclaims\src\test\resources
2025-07-16 11:55:48,889 [Worker-26: Building] INFO  o.a.m.s.f.DefaultMavenResourcesFiltering - Copying 1 resource from src\main\resources to target\classes
2025-07-16 11:55:48,894 [Worker-26: Building] INFO  o.a.m.s.f.DefaultMavenResourcesFiltering - Copying 0 resource from src\main\resources to target\classes
2025-07-16 11:55:48,896 [Worker-26: Building] INFO  o.a.m.s.f.DefaultMavenResourcesFiltering - skip non existing resourceDirectory D:\IQGateway\Module 21 - CPS\Microservices\customerclaims\src\test\resources
2025-07-16 11:56:54,627 [Worker-35: Building] INFO  o.a.m.s.f.DefaultMavenResourcesFiltering - Copying 1 resource from src\main\resources to target\classes
2025-07-16 11:56:54,633 [Worker-35: Building] INFO  o.a.m.s.f.DefaultMavenResourcesFiltering - Copying 0 resource from src\main\resources to target\classes
2025-07-16 11:56:54,635 [Worker-35: Building] INFO  o.a.m.s.f.DefaultMavenResourcesFiltering - skip non existing resourceDirectory D:\IQGateway\Module 21 - CPS\Microservices\customerclaims\src\test\resources
2025-07-16 11:57:15,956 [Worker-37: Building] INFO  o.a.m.s.f.DefaultMavenResourcesFiltering - Copying 1 resource from src\main\resources to target\classes
2025-07-16 11:57:15,964 [Worker-37: Building] INFO  o.a.m.s.f.DefaultMavenResourcesFiltering - Copying 0 resource from src\main\resources to target\classes
2025-07-16 11:57:15,967 [Worker-37: Building] INFO  o.a.m.s.f.DefaultMavenResourcesFiltering - skip non existing resourceDirectory D:\IQGateway\Module 21 - CPS\Microservices\customerclaims\src\test\resources
2025-07-16 11:57:51,727 [Worker-37: Building] INFO  o.a.m.s.f.DefaultMavenResourcesFiltering - Copying 1 resource from src\main\resources to target\classes
2025-07-16 11:57:51,731 [Worker-37: Building] INFO  o.a.m.s.f.DefaultMavenResourcesFiltering - Copying 0 resource from src\main\resources to target\classes
2025-07-16 11:57:51,733 [Worker-37: Building] INFO  o.a.m.s.f.DefaultMavenResourcesFiltering - skip non existing resourceDirectory D:\IQGateway\Module 21 - CPS\Microservices\customerclaims\src\test\resources
2025-07-16 11:59:20,893 [Worker-32: Building] INFO  o.e.m.c.i.l.LifecycleMappingFactory - Using org.eclipse.m2e.jdt.JarLifecycleMapping lifecycle mapping for MavenProject: com.cps:customerclaims:0.0.1-SNAPSHOT @ D:\IQGateway\Module 21 - CPS\Microservices\customerclaims\pom.xml.
2025-07-16 11:59:21,619 [Worker-32: Building] INFO  o.a.m.s.f.DefaultMavenResourcesFiltering - Copying 0 resource from src\main\resources to target\classes
2025-07-16 11:59:21,620 [Worker-32: Building] INFO  o.a.m.s.f.DefaultMavenResourcesFiltering - Copying 0 resource from src\main\resources to target\classes
2025-07-16 11:59:21,625 [Worker-32: Building] INFO  o.a.m.s.f.DefaultMavenResourcesFiltering - skip non existing resourceDirectory D:\IQGateway\Module 21 - CPS\Microservices\customerclaims\src\test\resources
2025-07-16 11:59:22,973 [Worker-26: Building] INFO  o.a.m.s.f.DefaultMavenResourcesFiltering - Copying 1 resource from src\main\resources to target\classes
2025-07-16 11:59:22,995 [Worker-26: Building] INFO  o.a.m.s.f.DefaultMavenResourcesFiltering - Copying 0 resource from src\main\resources to target\classes
2025-07-16 11:59:22,998 [Worker-26: Building] INFO  o.a.m.s.f.DefaultMavenResourcesFiltering - skip non existing resourceDirectory D:\IQGateway\Module 21 - CPS\Microservices\customerclaims\src\test\resources
2025-07-16 11:59:33,687 [Worker-35: Updating Maven Project] INFO  o.e.m.c.i.p.ProjectConfigurationManager - Update started
2025-07-16 11:59:34,011 [Worker-35: Updating Maven Project] INFO  o.e.m.c.i.l.LifecycleMappingFactory - Using org.eclipse.m2e.jdt.JarLifecycleMapping lifecycle mapping for MavenProject: com.cps:customerclaims:0.0.1-SNAPSHOT @ D:\IQGateway\Module 21 - CPS\Microservices\customerclaims\pom.xml.
2025-07-16 11:59:34,544 [Worker-35: Updating Maven Project] INFO  o.e.m.j.i.AbstractJavaProjectConfigurator - Adding source folder /customerclaims/src/main/java
2025-07-16 11:59:34,545 [Worker-35: Updating Maven Project] INFO  o.e.m.j.i.AbstractJavaProjectConfigurator - Adding resource folder /customerclaims/src/main/resources
2025-07-16 11:59:34,545 [Worker-35: Updating Maven Project] INFO  o.e.m.j.i.AbstractJavaProjectConfigurator - Adding resource folder /customerclaims/src/main/resources
2025-07-16 11:59:34,545 [Worker-35: Updating Maven Project] INFO  o.e.m.j.i.AbstractJavaProjectConfigurator - Adding source folder /customerclaims/src/test/java
2025-07-16 11:59:34,546 [Worker-35: Updating Maven Project] INFO  o.e.m.j.i.AbstractJavaProjectConfigurator - Adding resource folder /customerclaims/src/test/resources
2025-07-16 11:59:34,777 [Worker-35: Updating Maven Project] INFO  o.e.m.c.i.p.ProjectConfigurationManager - Update completed for 1 poms: local refresh takes 0.00 sec, refresh facades takes 0.00 sec, update config takes 0.00 sec 
2025-07-16 11:59:35,055 [Worker-32: Building] INFO  o.a.m.s.f.DefaultMavenResourcesFiltering - Copying 1 resource from src\main\resources to target\classes
2025-07-16 11:59:35,066 [Worker-32: Building] INFO  o.a.m.s.f.DefaultMavenResourcesFiltering - Copying 0 resource from src\main\resources to target\classes
2025-07-16 11:59:35,069 [Worker-32: Building] INFO  o.a.m.s.f.DefaultMavenResourcesFiltering - skip non existing resourceDirectory D:\IQGateway\Module 21 - CPS\Microservices\customerclaims\src\test\resources
2025-07-16 12:02:21,251 [Worker-38: Building] INFO  o.a.m.s.f.DefaultMavenResourcesFiltering - Copying 1 resource from src\main\resources to target\classes
2025-07-16 12:02:21,259 [Worker-38: Building] INFO  o.a.m.s.f.DefaultMavenResourcesFiltering - Copying 0 resource from src\main\resources to target\classes
2025-07-16 12:02:21,261 [Worker-38: Building] INFO  o.a.m.s.f.DefaultMavenResourcesFiltering - skip non existing resourceDirectory D:\IQGateway\Module 21 - CPS\Microservices\customerclaims\src\test\resources
2025-07-16 12:09:44,619 [Worker-32: Building] INFO  o.a.m.s.f.DefaultMavenResourcesFiltering - Copying 1 resource from src\main\resources to target\classes
2025-07-16 12:09:44,626 [Worker-32: Building] INFO  o.a.m.s.f.DefaultMavenResourcesFiltering - Copying 0 resource from src\main\resources to target\classes
2025-07-16 12:09:44,628 [Worker-32: Building] INFO  o.a.m.s.f.DefaultMavenResourcesFiltering - skip non existing resourceDirectory D:\IQGateway\Module 21 - CPS\Microservices\customerclaims\src\test\resources
2025-07-16 12:13:54,125 [Worker-33: Building] INFO  o.a.m.s.f.DefaultMavenResourcesFiltering - Copying 1 resource from src\main\resources to target\classes
2025-07-16 12:13:54,131 [Worker-33: Building] INFO  o.a.m.s.f.DefaultMavenResourcesFiltering - Copying 0 resource from src\main\resources to target\classes
2025-07-16 12:13:54,133 [Worker-33: Building] INFO  o.a.m.s.f.DefaultMavenResourcesFiltering - skip non existing resourceDirectory D:\IQGateway\Module 21 - CPS\Microservices\customerclaims\src\test\resources
2025-07-16 12:43:24,448 [Worker-39: Building] INFO  o.a.m.s.f.DefaultMavenResourcesFiltering - Copying 1 resource from src\main\resources to target\classes
2025-07-16 12:43:24,454 [Worker-39: Building] INFO  o.a.m.s.f.DefaultMavenResourcesFiltering - Copying 0 resource from src\main\resources to target\classes
2025-07-16 12:43:24,456 [Worker-39: Building] INFO  o.a.m.s.f.DefaultMavenResourcesFiltering - skip non existing resourceDirectory D:\IQGateway\Module 21 - CPS\Microservices\customerclaims\src\test\resources
2025-07-16 12:43:44,744 [Worker-39: Building] INFO  o.a.m.s.f.DefaultMavenResourcesFiltering - Copying 1 resource from src\main\resources to target\classes
2025-07-16 12:43:44,747 [Worker-39: Building] INFO  o.a.m.s.f.DefaultMavenResourcesFiltering - Copying 0 resource from src\main\resources to target\classes
2025-07-16 12:43:44,749 [Worker-39: Building] INFO  o.a.m.s.f.DefaultMavenResourcesFiltering - skip non existing resourceDirectory D:\IQGateway\Module 21 - CPS\Microservices\customerclaims\src\test\resources
2025-07-16 12:44:13,547 [Worker-39: Building] INFO  o.a.m.s.f.DefaultMavenResourcesFiltering - Copying 1 resource from src\main\resources to target\classes
2025-07-16 12:44:13,553 [Worker-39: Building] INFO  o.a.m.s.f.DefaultMavenResourcesFiltering - Copying 0 resource from src\main\resources to target\classes
2025-07-16 12:44:13,555 [Worker-39: Building] INFO  o.a.m.s.f.DefaultMavenResourcesFiltering - skip non existing resourceDirectory D:\IQGateway\Module 21 - CPS\Microservices\customerclaims\src\test\resources
2025-07-16 12:48:32,144 [Worker-35: Building] INFO  o.a.m.s.f.DefaultMavenResourcesFiltering - Copying 1 resource from src\main\resources to target\classes
2025-07-16 12:48:32,149 [Worker-35: Building] INFO  o.a.m.s.f.DefaultMavenResourcesFiltering - Copying 0 resource from src\main\resources to target\classes
2025-07-16 12:48:32,152 [Worker-35: Building] INFO  o.a.m.s.f.DefaultMavenResourcesFiltering - skip non existing resourceDirectory D:\IQGateway\Module 21 - CPS\Microservices\customerclaims\src\test\resources
2025-07-16 12:48:43,337 [Worker-32: Building] INFO  o.a.m.s.f.DefaultMavenResourcesFiltering - Copying 1 resource from src\main\resources to target\classes
2025-07-16 12:48:43,341 [Worker-32: Building] INFO  o.a.m.s.f.DefaultMavenResourcesFiltering - Copying 0 resource from src\main\resources to target\classes
2025-07-16 12:48:43,344 [Worker-32: Building] INFO  o.a.m.s.f.DefaultMavenResourcesFiltering - skip non existing resourceDirectory D:\IQGateway\Module 21 - CPS\Microservices\customerclaims\src\test\resources
2025-07-16 12:50:38,643 [Worker-35: Building] INFO  o.a.m.s.f.DefaultMavenResourcesFiltering - Copying 1 resource from src\main\resources to target\classes
2025-07-16 12:50:38,649 [Worker-35: Building] INFO  o.a.m.s.f.DefaultMavenResourcesFiltering - Copying 0 resource from src\main\resources to target\classes
2025-07-16 12:50:38,650 [Worker-35: Building] INFO  o.a.m.s.f.DefaultMavenResourcesFiltering - skip non existing resourceDirectory D:\IQGateway\Module 21 - CPS\Microservices\customerclaims\src\test\resources
2025-07-16 12:50:43,952 [Worker-33: Building] INFO  o.a.m.s.f.DefaultMavenResourcesFiltering - Copying 1 resource from src\main\resources to target\classes
2025-07-16 12:50:43,957 [Worker-33: Building] INFO  o.a.m.s.f.DefaultMavenResourcesFiltering - Copying 0 resource from src\main\resources to target\classes
2025-07-16 12:50:43,959 [Worker-33: Building] INFO  o.a.m.s.f.DefaultMavenResourcesFiltering - skip non existing resourceDirectory D:\IQGateway\Module 21 - CPS\Microservices\customerclaims\src\test\resources
2025-07-16 12:50:47,224 [Worker-34: Building] INFO  o.a.m.s.f.DefaultMavenResourcesFiltering - Copying 1 resource from src\main\resources to target\classes
2025-07-16 12:50:47,249 [Worker-34: Building] INFO  o.a.m.s.f.DefaultMavenResourcesFiltering - Copying 0 resource from src\main\resources to target\classes
2025-07-16 12:50:47,253 [Worker-34: Building] INFO  o.a.m.s.f.DefaultMavenResourcesFiltering - skip non existing resourceDirectory D:\IQGateway\Module 21 - CPS\Microservices\customerclaims\src\test\resources
2025-07-16 13:11:58,176 [Worker-33: Building] INFO  o.a.m.s.f.DefaultMavenResourcesFiltering - Copying 1 resource from src\main\resources to target\classes
2025-07-16 13:11:58,183 [Worker-33: Building] INFO  o.a.m.s.f.DefaultMavenResourcesFiltering - Copying 0 resource from src\main\resources to target\classes
2025-07-16 13:11:58,184 [Worker-33: Building] INFO  o.a.m.s.f.DefaultMavenResourcesFiltering - skip non existing resourceDirectory D:\IQGateway\Module 21 - CPS\Microservices\customerclaims\src\test\resources
2025-07-16 13:13:25,514 [Worker-36: Building] INFO  o.e.m.c.i.l.LifecycleMappingFactory - Using org.eclipse.m2e.jdt.JarLifecycleMapping lifecycle mapping for MavenProject: com.cps:customerclaims:0.0.1-SNAPSHOT @ D:\IQGateway\Module 21 - CPS\Microservices\customerclaims\pom.xml.
2025-07-16 13:13:27,110 [Worker-36: Building] INFO  o.a.m.s.f.DefaultMavenResourcesFiltering - Copying 0 resource from src\main\resources to target\classes
2025-07-16 13:13:27,110 [Worker-36: Building] INFO  o.a.m.s.f.DefaultMavenResourcesFiltering - Copying 0 resource from src\main\resources to target\classes
2025-07-16 13:13:27,113 [Worker-36: Building] INFO  o.a.m.s.f.DefaultMavenResourcesFiltering - skip non existing resourceDirectory D:\IQGateway\Module 21 - CPS\Microservices\customerclaims\src\test\resources
2025-07-16 13:13:27,138 [Worker-37: Updating Maven Project] INFO  o.e.m.c.i.p.ProjectConfigurationManager - Update started
2025-07-16 13:13:27,504 [Worker-37: Updating Maven Project] INFO  o.e.m.c.i.l.LifecycleMappingFactory - Using org.eclipse.m2e.jdt.JarLifecycleMapping lifecycle mapping for MavenProject: com.cps:customerclaims:0.0.1-SNAPSHOT @ D:\IQGateway\Module 21 - CPS\Microservices\customerclaims\pom.xml.
2025-07-16 13:13:27,913 [Worker-37: Updating Maven Project] INFO  o.e.m.j.i.AbstractJavaProjectConfigurator - Adding source folder /customerclaims/src/main/java
2025-07-16 13:13:27,914 [Worker-37: Updating Maven Project] INFO  o.e.m.j.i.AbstractJavaProjectConfigurator - Adding resource folder /customerclaims/src/main/resources
2025-07-16 13:13:27,914 [Worker-37: Updating Maven Project] INFO  o.e.m.j.i.AbstractJavaProjectConfigurator - Adding resource folder /customerclaims/src/main/resources
2025-07-16 13:13:27,914 [Worker-37: Updating Maven Project] INFO  o.e.m.j.i.AbstractJavaProjectConfigurator - Adding source folder /customerclaims/src/test/java
2025-07-16 13:13:27,915 [Worker-37: Updating Maven Project] INFO  o.e.m.j.i.AbstractJavaProjectConfigurator - Adding resource folder /customerclaims/src/test/resources
2025-07-16 13:13:28,189 [Worker-37: Updating Maven Project] INFO  o.e.m.c.i.p.ProjectConfigurationManager - Update completed for 1 poms: local refresh takes 0.00 sec, refresh facades takes 0.00 sec, update config takes 0.00 sec 
2025-07-16 13:13:28,569 [Worker-33: Building] INFO  o.a.m.s.f.DefaultMavenResourcesFiltering - Copying 1 resource from src\main\resources to target\classes
2025-07-16 13:13:28,583 [Worker-33: Building] INFO  o.a.m.s.f.DefaultMavenResourcesFiltering - Copying 0 resource from src\main\resources to target\classes
2025-07-16 13:13:28,588 [Worker-33: Building] INFO  o.a.m.s.f.DefaultMavenResourcesFiltering - skip non existing resourceDirectory D:\IQGateway\Module 21 - CPS\Microservices\customerclaims\src\test\resources
2025-07-16 13:13:39,812 [Worker-37: Building] INFO  o.e.m.c.i.l.LifecycleMappingFactory - Using org.eclipse.m2e.jdt.JarLifecycleMapping lifecycle mapping for MavenProject: com.cps:customerclaims:0.0.1-SNAPSHOT @ D:\IQGateway\Module 21 - CPS\Microservices\customerclaims\pom.xml.
2025-07-16 13:13:40,306 [Worker-37: Building] INFO  o.a.m.s.f.DefaultMavenResourcesFiltering - Copying 0 resource from src\main\resources to target\classes
2025-07-16 13:13:40,306 [Worker-37: Building] INFO  o.a.m.s.f.DefaultMavenResourcesFiltering - Copying 0 resource from src\main\resources to target\classes
2025-07-16 13:13:40,309 [Worker-37: Building] INFO  o.a.m.s.f.DefaultMavenResourcesFiltering - skip non existing resourceDirectory D:\IQGateway\Module 21 - CPS\Microservices\customerclaims\src\test\resources
2025-07-16 13:13:40,327 [Worker-37: Updating Maven Project] INFO  o.e.m.c.i.p.ProjectConfigurationManager - Update started
2025-07-16 13:13:40,592 [Worker-37: Updating Maven Project] INFO  o.e.m.c.i.l.LifecycleMappingFactory - Using org.eclipse.m2e.jdt.JarLifecycleMapping lifecycle mapping for MavenProject: com.cps:customerclaims:0.0.1-SNAPSHOT @ D:\IQGateway\Module 21 - CPS\Microservices\customerclaims\pom.xml.
2025-07-16 13:13:41,112 [Worker-37: Updating Maven Project] INFO  o.e.m.j.i.AbstractJavaProjectConfigurator - Adding source folder /customerclaims/src/main/java
2025-07-16 13:13:41,112 [Worker-37: Updating Maven Project] INFO  o.e.m.j.i.AbstractJavaProjectConfigurator - Adding resource folder /customerclaims/src/main/resources
2025-07-16 13:13:41,113 [Worker-37: Updating Maven Project] INFO  o.e.m.j.i.AbstractJavaProjectConfigurator - Adding resource folder /customerclaims/src/main/resources
2025-07-16 13:13:41,113 [Worker-37: Updating Maven Project] INFO  o.e.m.j.i.AbstractJavaProjectConfigurator - Adding source folder /customerclaims/src/test/java
2025-07-16 13:13:41,113 [Worker-37: Updating Maven Project] INFO  o.e.m.j.i.AbstractJavaProjectConfigurator - Adding resource folder /customerclaims/src/test/resources
2025-07-16 13:13:41,361 [Worker-37: Updating Maven Project] INFO  o.e.m.c.i.p.ProjectConfigurationManager - Update completed for 1 poms: local refresh takes 0.00 sec, refresh facades takes 0.00 sec, update config takes 0.00 sec 
2025-07-16 13:13:41,700 [Worker-33: Building] INFO  o.a.m.s.f.DefaultMavenResourcesFiltering - Copying 1 resource from src\main\resources to target\classes
2025-07-16 13:13:41,712 [Worker-33: Building] INFO  o.a.m.s.f.DefaultMavenResourcesFiltering - Copying 0 resource from src\main\resources to target\classes
2025-07-16 13:13:41,717 [Worker-33: Building] INFO  o.a.m.s.f.DefaultMavenResourcesFiltering - skip non existing resourceDirectory D:\IQGateway\Module 21 - CPS\Microservices\customerclaims\src\test\resources
2025-07-16 13:13:52,380 [Worker-32: Updating Maven Project] INFO  o.e.m.c.i.p.ProjectConfigurationManager - Update started
2025-07-16 13:13:52,681 [Worker-32: Updating Maven Project] INFO  o.e.m.c.i.l.LifecycleMappingFactory - Using org.eclipse.m2e.jdt.JarLifecycleMapping lifecycle mapping for MavenProject: com.cps:customerclaims:0.0.1-SNAPSHOT @ D:\IQGateway\Module 21 - CPS\Microservices\customerclaims\pom.xml.
2025-07-16 13:13:53,261 [Worker-32: Updating Maven Project] INFO  o.e.m.j.i.AbstractJavaProjectConfigurator - Adding source folder /customerclaims/src/main/java
2025-07-16 13:13:53,262 [Worker-32: Updating Maven Project] INFO  o.e.m.j.i.AbstractJavaProjectConfigurator - Adding resource folder /customerclaims/src/main/resources
2025-07-16 13:13:53,262 [Worker-32: Updating Maven Project] INFO  o.e.m.j.i.AbstractJavaProjectConfigurator - Adding resource folder /customerclaims/src/main/resources
2025-07-16 13:13:53,262 [Worker-32: Updating Maven Project] INFO  o.e.m.j.i.AbstractJavaProjectConfigurator - Adding source folder /customerclaims/src/test/java
2025-07-16 13:13:53,263 [Worker-32: Updating Maven Project] INFO  o.e.m.j.i.AbstractJavaProjectConfigurator - Adding resource folder /customerclaims/src/test/resources
2025-07-16 13:13:53,497 [Worker-32: Updating Maven Project] INFO  o.e.m.c.i.p.ProjectConfigurationManager - Update completed for 1 poms: local refresh takes 0.00 sec, refresh facades takes 0.00 sec, update config takes 0.00 sec 
2025-07-16 13:13:53,836 [Worker-34: Building] INFO  o.a.m.s.f.DefaultMavenResourcesFiltering - Copying 1 resource from src\main\resources to target\classes
2025-07-16 13:13:53,848 [Worker-34: Building] INFO  o.a.m.s.f.DefaultMavenResourcesFiltering - Copying 0 resource from src\main\resources to target\classes
2025-07-16 13:13:53,852 [Worker-34: Building] INFO  o.a.m.s.f.DefaultMavenResourcesFiltering - skip non existing resourceDirectory D:\IQGateway\Module 21 - CPS\Microservices\customerclaims\src\test\resources
2025-07-16 13:14:14,191 [Worker-39: Launching Main] INFO  o.a.m.s.f.DefaultMavenResourcesFiltering - Copying 1 resource from src\main\resources to target\classes
2025-07-16 13:14:14,197 [Worker-39: Launching Main] INFO  o.a.m.s.f.DefaultMavenResourcesFiltering - Copying 0 resource from src\main\resources to target\classes
2025-07-16 13:14:14,200 [Worker-39: Launching Main] INFO  o.a.m.s.f.DefaultMavenResourcesFiltering - skip non existing resourceDirectory D:\IQGateway\Module 21 - CPS\Microservices\customerclaims\src\test\resources
2025-07-16 13:15:36,524 [Worker-7: Loading available Gradle versions] INFO  o.e.b.c.i.u.g.PublishedGradleVersions - Gradle version information cache is up-to-date. Trying to read.
2025-07-16 13:15:49,220 [Worker-14: Building] INFO  o.e.m.c.i.l.LifecycleMappingFactory - Using org.eclipse.m2e.jdt.JarLifecycleMapping lifecycle mapping for MavenProject: com.cps:customerclaims:0.0.1-SNAPSHOT @ D:\IQGateway\Module 21 - CPS\Microservices\customerclaims\pom.xml.
2025-07-16 13:15:50,762 [Worker-14: Building] INFO  o.a.m.s.f.DefaultMavenResourcesFiltering - Copying 1 resource from src\main\resources to target\classes
2025-07-16 13:15:50,789 [Worker-14: Building] INFO  o.a.m.s.f.DefaultMavenResourcesFiltering - Copying 0 resource from src\main\resources to target\classes
2025-07-16 13:15:50,797 [Worker-14: Building] INFO  o.a.m.s.f.DefaultMavenResourcesFiltering - skip non existing resourceDirectory D:\IQGateway\Module 21 - CPS\Microservices\customerclaims\src\test\resources
2025-07-16 13:26:33,256 [Worker-1: Building] INFO  o.a.m.s.f.DefaultMavenResourcesFiltering - Copying 1 resource from src\main\resources to target\classes
2025-07-16 13:26:33,262 [Worker-1: Building] INFO  o.a.m.s.f.DefaultMavenResourcesFiltering - Copying 0 resource from src\main\resources to target\classes
2025-07-16 13:26:33,266 [Worker-1: Building] INFO  o.a.m.s.f.DefaultMavenResourcesFiltering - skip non existing resourceDirectory D:\IQGateway\Module 21 - CPS\Microservices\customerclaims\src\test\resources
2025-07-16 13:31:32,318 [Worker-15: Building] INFO  o.a.m.s.f.DefaultMavenResourcesFiltering - Copying 1 resource from src\main\resources to target\classes
2025-07-16 13:31:32,340 [Worker-15: Building] INFO  o.a.m.s.f.DefaultMavenResourcesFiltering - Copying 0 resource from src\main\resources to target\classes
2025-07-16 13:31:32,346 [Worker-15: Building] INFO  o.a.m.s.f.DefaultMavenResourcesFiltering - skip non existing resourceDirectory D:\IQGateway\Module 21 - CPS\Microservices\customerclaims\src\test\resources
2025-07-16 13:31:42,697 [Worker-1: Building] INFO  o.a.m.s.f.DefaultMavenResourcesFiltering - Copying 1 resource from src\main\resources to target\classes
2025-07-16 13:31:42,701 [Worker-1: Building] INFO  o.a.m.s.f.DefaultMavenResourcesFiltering - Copying 0 resource from src\main\resources to target\classes
2025-07-16 13:31:42,703 [Worker-1: Building] INFO  o.a.m.s.f.DefaultMavenResourcesFiltering - skip non existing resourceDirectory D:\IQGateway\Module 21 - CPS\Microservices\customerclaims\src\test\resources
2025-07-16 13:32:08,663 [Worker-11: Building] INFO  o.a.m.s.f.DefaultMavenResourcesFiltering - Copying 1 resource from src\main\resources to target\classes
2025-07-16 13:32:08,668 [Worker-11: Building] INFO  o.a.m.s.f.DefaultMavenResourcesFiltering - Copying 0 resource from src\main\resources to target\classes
2025-07-16 13:32:08,670 [Worker-11: Building] INFO  o.a.m.s.f.DefaultMavenResourcesFiltering - skip non existing resourceDirectory D:\IQGateway\Module 21 - CPS\Microservices\customerclaims\src\test\resources
2025-07-16 13:32:28,722 [Worker-1: Building] INFO  o.a.m.s.f.DefaultMavenResourcesFiltering - Copying 1 resource from src\main\resources to target\classes
2025-07-16 13:32:28,726 [Worker-1: Building] INFO  o.a.m.s.f.DefaultMavenResourcesFiltering - Copying 0 resource from src\main\resources to target\classes
2025-07-16 13:32:28,728 [Worker-1: Building] INFO  o.a.m.s.f.DefaultMavenResourcesFiltering - skip non existing resourceDirectory D:\IQGateway\Module 21 - CPS\Microservices\customerclaims\src\test\resources
2025-07-16 13:33:01,121 [Worker-8: Building] INFO  o.a.m.s.f.DefaultMavenResourcesFiltering - Copying 1 resource from src\main\resources to target\classes
2025-07-16 13:33:01,126 [Worker-8: Building] INFO  o.a.m.s.f.DefaultMavenResourcesFiltering - Copying 0 resource from src\main\resources to target\classes
2025-07-16 13:33:01,128 [Worker-8: Building] INFO  o.a.m.s.f.DefaultMavenResourcesFiltering - skip non existing resourceDirectory D:\IQGateway\Module 21 - CPS\Microservices\customerclaims\src\test\resources
2025-07-16 13:33:24,606 [Worker-8: Building] INFO  o.a.m.s.f.DefaultMavenResourcesFiltering - Copying 1 resource from src\main\resources to target\classes
2025-07-16 13:33:24,613 [Worker-8: Building] INFO  o.a.m.s.f.DefaultMavenResourcesFiltering - Copying 0 resource from src\main\resources to target\classes
2025-07-16 13:33:24,615 [Worker-8: Building] INFO  o.a.m.s.f.DefaultMavenResourcesFiltering - skip non existing resourceDirectory D:\IQGateway\Module 21 - CPS\Microservices\customerclaims\src\test\resources
2025-07-16 13:34:29,479 [Worker-15: Building] INFO  o.a.m.s.f.DefaultMavenResourcesFiltering - Copying 1 resource from src\main\resources to target\classes
2025-07-16 13:34:29,483 [Worker-15: Building] INFO  o.a.m.s.f.DefaultMavenResourcesFiltering - Copying 0 resource from src\main\resources to target\classes
2025-07-16 13:34:29,485 [Worker-15: Building] INFO  o.a.m.s.f.DefaultMavenResourcesFiltering - skip non existing resourceDirectory D:\IQGateway\Module 21 - CPS\Microservices\customerclaims\src\test\resources
2025-07-16 13:34:35,438 [Worker-11: Building] INFO  o.a.m.s.f.DefaultMavenResourcesFiltering - Copying 1 resource from src\main\resources to target\classes
2025-07-16 13:34:35,444 [Worker-11: Building] INFO  o.a.m.s.f.DefaultMavenResourcesFiltering - Copying 0 resource from src\main\resources to target\classes
2025-07-16 13:34:35,446 [Worker-11: Building] INFO  o.a.m.s.f.DefaultMavenResourcesFiltering - skip non existing resourceDirectory D:\IQGateway\Module 21 - CPS\Microservices\customerclaims\src\test\resources
2025-07-16 13:35:06,270 [Worker-17: Building] INFO  o.a.m.s.f.DefaultMavenResourcesFiltering - Copying 1 resource from src\main\resources to target\classes
2025-07-16 13:35:06,278 [Worker-17: Building] INFO  o.a.m.s.f.DefaultMavenResourcesFiltering - Copying 0 resource from src\main\resources to target\classes
2025-07-16 13:35:06,280 [Worker-17: Building] INFO  o.a.m.s.f.DefaultMavenResourcesFiltering - skip non existing resourceDirectory D:\IQGateway\Module 21 - CPS\Microservices\customerclaims\src\test\resources
2025-07-16 13:35:16,147 [Worker-8: Building] INFO  o.a.m.s.f.DefaultMavenResourcesFiltering - Copying 1 resource from src\main\resources to target\classes
2025-07-16 13:35:16,152 [Worker-8: Building] INFO  o.a.m.s.f.DefaultMavenResourcesFiltering - Copying 0 resource from src\main\resources to target\classes
2025-07-16 13:35:16,154 [Worker-8: Building] INFO  o.a.m.s.f.DefaultMavenResourcesFiltering - skip non existing resourceDirectory D:\IQGateway\Module 21 - CPS\Microservices\customerclaims\src\test\resources
2025-07-16 13:35:19,412 [Worker-15: Building] INFO  o.a.m.s.f.DefaultMavenResourcesFiltering - Copying 1 resource from src\main\resources to target\classes
2025-07-16 13:35:19,416 [Worker-15: Building] INFO  o.a.m.s.f.DefaultMavenResourcesFiltering - Copying 0 resource from src\main\resources to target\classes
2025-07-16 13:35:19,418 [Worker-15: Building] INFO  o.a.m.s.f.DefaultMavenResourcesFiltering - skip non existing resourceDirectory D:\IQGateway\Module 21 - CPS\Microservices\customerclaims\src\test\resources
2025-07-16 13:35:43,396 [Worker-1: Building] INFO  o.a.m.s.f.DefaultMavenResourcesFiltering - Copying 1 resource from src\main\resources to target\classes
2025-07-16 13:35:43,400 [Worker-1: Building] INFO  o.a.m.s.f.DefaultMavenResourcesFiltering - Copying 0 resource from src\main\resources to target\classes
2025-07-16 13:35:43,403 [Worker-1: Building] INFO  o.a.m.s.f.DefaultMavenResourcesFiltering - skip non existing resourceDirectory D:\IQGateway\Module 21 - CPS\Microservices\customerclaims\src\test\resources
2025-07-16 13:35:45,348 [Worker-15: Building] INFO  o.a.m.s.f.DefaultMavenResourcesFiltering - Copying 1 resource from src\main\resources to target\classes
2025-07-16 13:35:45,351 [Worker-15: Building] INFO  o.a.m.s.f.DefaultMavenResourcesFiltering - Copying 0 resource from src\main\resources to target\classes
2025-07-16 13:35:45,353 [Worker-15: Building] INFO  o.a.m.s.f.DefaultMavenResourcesFiltering - skip non existing resourceDirectory D:\IQGateway\Module 21 - CPS\Microservices\customerclaims\src\test\resources
2025-07-16 13:36:56,170 [Worker-8: Building] INFO  o.a.m.s.f.DefaultMavenResourcesFiltering - Copying 1 resource from src\main\resources to target\classes
2025-07-16 13:36:56,175 [Worker-8: Building] INFO  o.a.m.s.f.DefaultMavenResourcesFiltering - Copying 0 resource from src\main\resources to target\classes
2025-07-16 13:36:56,178 [Worker-8: Building] INFO  o.a.m.s.f.DefaultMavenResourcesFiltering - skip non existing resourceDirectory D:\IQGateway\Module 21 - CPS\Microservices\customerclaims\src\test\resources
2025-07-16 13:37:02,538 [Worker-15: Building] INFO  o.a.m.s.f.DefaultMavenResourcesFiltering - Copying 1 resource from src\main\resources to target\classes
2025-07-16 13:37:02,543 [Worker-15: Building] INFO  o.a.m.s.f.DefaultMavenResourcesFiltering - Copying 0 resource from src\main\resources to target\classes
2025-07-16 13:37:02,545 [Worker-15: Building] INFO  o.a.m.s.f.DefaultMavenResourcesFiltering - skip non existing resourceDirectory D:\IQGateway\Module 21 - CPS\Microservices\customerclaims\src\test\resources
2025-07-16 13:37:41,235 [Worker-1: Building] INFO  o.a.m.s.f.DefaultMavenResourcesFiltering - Copying 1 resource from src\main\resources to target\classes
2025-07-16 13:37:41,239 [Worker-1: Building] INFO  o.a.m.s.f.DefaultMavenResourcesFiltering - Copying 0 resource from src\main\resources to target\classes
2025-07-16 13:37:41,242 [Worker-1: Building] INFO  o.a.m.s.f.DefaultMavenResourcesFiltering - skip non existing resourceDirectory D:\IQGateway\Module 21 - CPS\Microservices\customerclaims\src\test\resources
2025-07-16 13:59:17,086 [Worker-19: Building] INFO  o.a.m.s.f.DefaultMavenResourcesFiltering - Copying 1 resource from src\main\resources to target\classes
2025-07-16 13:59:17,097 [Worker-19: Building] INFO  o.a.m.s.f.DefaultMavenResourcesFiltering - Copying 0 resource from src\main\resources to target\classes
2025-07-16 13:59:17,101 [Worker-19: Building] INFO  o.a.m.s.f.DefaultMavenResourcesFiltering - skip non existing resourceDirectory D:\IQGateway\Module 21 - CPS\Microservices\customerclaims\src\test\resources
2025-07-16 14:00:58,627 [Worker-1: Building] INFO  o.a.m.s.f.DefaultMavenResourcesFiltering - Copying 1 resource from src\main\resources to target\classes
2025-07-16 14:00:58,633 [Worker-1: Building] INFO  o.a.m.s.f.DefaultMavenResourcesFiltering - Copying 0 resource from src\main\resources to target\classes
2025-07-16 14:00:58,636 [Worker-1: Building] INFO  o.a.m.s.f.DefaultMavenResourcesFiltering - skip non existing resourceDirectory D:\IQGateway\Module 21 - CPS\Microservices\customerclaims\src\test\resources
2025-07-16 14:01:43,704 [Worker-8: Building] INFO  o.a.m.s.f.DefaultMavenResourcesFiltering - Copying 1 resource from src\main\resources to target\classes
2025-07-16 14:01:43,710 [Worker-8: Building] INFO  o.a.m.s.f.DefaultMavenResourcesFiltering - Copying 0 resource from src\main\resources to target\classes
2025-07-16 14:01:43,712 [Worker-8: Building] INFO  o.a.m.s.f.DefaultMavenResourcesFiltering - skip non existing resourceDirectory D:\IQGateway\Module 21 - CPS\Microservices\customerclaims\src\test\resources
2025-07-16 14:07:38,957 [Worker-1: Building] INFO  o.a.m.s.f.DefaultMavenResourcesFiltering - Copying 1 resource from src\main\resources to target\classes
2025-07-16 14:07:38,964 [Worker-1: Building] INFO  o.a.m.s.f.DefaultMavenResourcesFiltering - Copying 0 resource from src\main\resources to target\classes
2025-07-16 14:07:38,966 [Worker-1: Building] INFO  o.a.m.s.f.DefaultMavenResourcesFiltering - skip non existing resourceDirectory D:\IQGateway\Module 21 - CPS\Microservices\customerclaims\src\test\resources
2025-07-16 14:21:19,302 [Worker-18: Building] INFO  o.a.m.s.f.DefaultMavenResourcesFiltering - Copying 1 resource from src\main\resources to target\classes
2025-07-16 14:21:19,314 [Worker-18: Building] INFO  o.a.m.s.f.DefaultMavenResourcesFiltering - Copying 0 resource from src\main\resources to target\classes
2025-07-16 14:21:19,318 [Worker-18: Building] INFO  o.a.m.s.f.DefaultMavenResourcesFiltering - skip non existing resourceDirectory D:\IQGateway\Module 21 - CPS\Microservices\customerclaims\src\test\resources
2025-07-16 14:24:28,914 [Worker-20: Building] INFO  o.a.m.s.f.DefaultMavenResourcesFiltering - Copying 1 resource from src\main\resources to target\classes
2025-07-16 14:24:28,921 [Worker-20: Building] INFO  o.a.m.s.f.DefaultMavenResourcesFiltering - Copying 0 resource from src\main\resources to target\classes
2025-07-16 14:24:28,923 [Worker-20: Building] INFO  o.a.m.s.f.DefaultMavenResourcesFiltering - skip non existing resourceDirectory D:\IQGateway\Module 21 - CPS\Microservices\customerclaims\src\test\resources
2025-07-16 14:41:47,941 [Worker-18: Building] INFO  o.a.m.s.f.DefaultMavenResourcesFiltering - Copying 1 resource from src\main\resources to target\classes
2025-07-16 14:41:47,947 [Worker-18: Building] INFO  o.a.m.s.f.DefaultMavenResourcesFiltering - Copying 0 resource from src\main\resources to target\classes
2025-07-16 14:41:47,950 [Worker-18: Building] INFO  o.a.m.s.f.DefaultMavenResourcesFiltering - skip non existing resourceDirectory D:\IQGateway\Module 21 - CPS\Microservices\customerclaims\src\test\resources
2025-07-16 14:49:34,515 [Worker-8: Building] INFO  o.a.m.s.f.DefaultMavenResourcesFiltering - Copying 1 resource from src\main\resources to target\classes
2025-07-16 14:49:34,523 [Worker-8: Building] INFO  o.a.m.s.f.DefaultMavenResourcesFiltering - Copying 0 resource from src\main\resources to target\classes
2025-07-16 14:49:34,525 [Worker-8: Building] INFO  o.a.m.s.f.DefaultMavenResourcesFiltering - skip non existing resourceDirectory D:\IQGateway\Module 21 - CPS\Microservices\customerclaims\src\test\resources
2025-07-16 14:50:28,210 [Worker-20: Building] INFO  o.a.m.s.f.DefaultMavenResourcesFiltering - Copying 1 resource from src\main\resources to target\classes
2025-07-16 14:50:28,215 [Worker-20: Building] INFO  o.a.m.s.f.DefaultMavenResourcesFiltering - Copying 0 resource from src\main\resources to target\classes
2025-07-16 14:50:28,222 [Worker-20: Building] INFO  o.a.m.s.f.DefaultMavenResourcesFiltering - skip non existing resourceDirectory D:\IQGateway\Module 21 - CPS\Microservices\customerclaims\src\test\resources
2025-07-16 14:50:54,642 [Worker-15: Building] INFO  o.a.m.s.f.DefaultMavenResourcesFiltering - Copying 1 resource from src\main\resources to target\classes
2025-07-16 14:50:54,650 [Worker-15: Building] INFO  o.a.m.s.f.DefaultMavenResourcesFiltering - Copying 0 resource from src\main\resources to target\classes
2025-07-16 14:50:54,654 [Worker-15: Building] INFO  o.a.m.s.f.DefaultMavenResourcesFiltering - skip non existing resourceDirectory D:\IQGateway\Module 21 - CPS\Microservices\customerclaims\src\test\resources
2025-07-16 14:51:01,924 [Worker-8: Building] INFO  o.a.m.s.f.DefaultMavenResourcesFiltering - Copying 1 resource from src\main\resources to target\classes
2025-07-16 14:51:01,928 [Worker-8: Building] INFO  o.a.m.s.f.DefaultMavenResourcesFiltering - Copying 0 resource from src\main\resources to target\classes
2025-07-16 14:51:01,930 [Worker-8: Building] INFO  o.a.m.s.f.DefaultMavenResourcesFiltering - skip non existing resourceDirectory D:\IQGateway\Module 21 - CPS\Microservices\customerclaims\src\test\resources
2025-07-16 14:51:18,922 [Worker-15: Building] INFO  o.a.m.s.f.DefaultMavenResourcesFiltering - Copying 1 resource from src\main\resources to target\classes
2025-07-16 14:51:18,927 [Worker-15: Building] INFO  o.a.m.s.f.DefaultMavenResourcesFiltering - Copying 0 resource from src\main\resources to target\classes
2025-07-16 14:51:18,928 [Worker-15: Building] INFO  o.a.m.s.f.DefaultMavenResourcesFiltering - skip non existing resourceDirectory D:\IQGateway\Module 21 - CPS\Microservices\customerclaims\src\test\resources
2025-07-16 14:51:51,339 [Worker-15: Building] INFO  o.a.m.s.f.DefaultMavenResourcesFiltering - Copying 1 resource from src\main\resources to target\classes
2025-07-16 14:51:51,344 [Worker-15: Building] INFO  o.a.m.s.f.DefaultMavenResourcesFiltering - Copying 0 resource from src\main\resources to target\classes
2025-07-16 14:51:51,347 [Worker-15: Building] INFO  o.a.m.s.f.DefaultMavenResourcesFiltering - skip non existing resourceDirectory D:\IQGateway\Module 21 - CPS\Microservices\customerclaims\src\test\resources
2025-07-16 14:54:38,466 [Worker-8: Building] INFO  o.a.m.s.f.DefaultMavenResourcesFiltering - Copying 1 resource from src\main\resources to target\classes
2025-07-16 14:54:38,472 [Worker-8: Building] INFO  o.a.m.s.f.DefaultMavenResourcesFiltering - Copying 0 resource from src\main\resources to target\classes
2025-07-16 14:54:38,475 [Worker-8: Building] INFO  o.a.m.s.f.DefaultMavenResourcesFiltering - skip non existing resourceDirectory D:\IQGateway\Module 21 - CPS\Microservices\customerclaims\src\test\resources
2025-07-16 14:56:03,765 [Worker-8: Building] INFO  o.a.m.s.f.DefaultMavenResourcesFiltering - Copying 1 resource from src\main\resources to target\classes
2025-07-16 14:56:03,771 [Worker-8: Building] INFO  o.a.m.s.f.DefaultMavenResourcesFiltering - Copying 0 resource from src\main\resources to target\classes
2025-07-16 14:56:03,774 [Worker-8: Building] INFO  o.a.m.s.f.DefaultMavenResourcesFiltering - skip non existing resourceDirectory D:\IQGateway\Module 21 - CPS\Microservices\customerclaims\src\test\resources
2025-07-16 16:09:51,003 [Worker-20: Building] INFO  o.a.m.s.f.DefaultMavenResourcesFiltering - Copying 1 resource from src\main\resources to target\classes
2025-07-16 16:09:51,011 [Worker-20: Building] INFO  o.a.m.s.f.DefaultMavenResourcesFiltering - Copying 0 resource from src\main\resources to target\classes
2025-07-16 16:09:51,014 [Worker-20: Building] INFO  o.a.m.s.f.DefaultMavenResourcesFiltering - skip non existing resourceDirectory D:\IQGateway\Module 21 - CPS\Microservices\customerclaims\src\test\resources
2025-07-16 16:10:02,750 [Worker-23: Building] INFO  o.a.m.s.f.DefaultMavenResourcesFiltering - Copying 1 resource from src\main\resources to target\classes
2025-07-16 16:10:02,755 [Worker-23: Building] INFO  o.a.m.s.f.DefaultMavenResourcesFiltering - Copying 0 resource from src\main\resources to target\classes
2025-07-16 16:10:02,760 [Worker-23: Building] INFO  o.a.m.s.f.DefaultMavenResourcesFiltering - skip non existing resourceDirectory D:\IQGateway\Module 21 - CPS\Microservices\customerclaims\src\test\resources
2025-07-16 16:13:35,946 [Worker-18: Building] INFO  o.a.m.s.f.DefaultMavenResourcesFiltering - Copying 1 resource from src\main\resources to target\classes
2025-07-16 16:13:35,952 [Worker-18: Building] INFO  o.a.m.s.f.DefaultMavenResourcesFiltering - Copying 0 resource from src\main\resources to target\classes
2025-07-16 16:13:35,955 [Worker-18: Building] INFO  o.a.m.s.f.DefaultMavenResourcesFiltering - skip non existing resourceDirectory D:\IQGateway\Module 21 - CPS\Microservices\customerclaims\src\test\resources
2025-07-16 16:14:12,343 [Worker-19: Building] INFO  o.a.m.s.f.DefaultMavenResourcesFiltering - Copying 1 resource from src\main\resources to target\classes
2025-07-16 16:14:12,350 [Worker-19: Building] INFO  o.a.m.s.f.DefaultMavenResourcesFiltering - Copying 0 resource from src\main\resources to target\classes
2025-07-16 16:14:12,357 [Worker-19: Building] INFO  o.a.m.s.f.DefaultMavenResourcesFiltering - skip non existing resourceDirectory D:\IQGateway\Module 21 - CPS\Microservices\customerclaims\src\test\resources
2025-07-16 16:14:38,313 [Worker-23: Building] INFO  o.a.m.s.f.DefaultMavenResourcesFiltering - Copying 1 resource from src\main\resources to target\classes
2025-07-16 16:14:38,319 [Worker-23: Building] INFO  o.a.m.s.f.DefaultMavenResourcesFiltering - Copying 0 resource from src\main\resources to target\classes
2025-07-16 16:14:38,323 [Worker-23: Building] INFO  o.a.m.s.f.DefaultMavenResourcesFiltering - skip non existing resourceDirectory D:\IQGateway\Module 21 - CPS\Microservices\customerclaims\src\test\resources
2025-07-16 16:15:55,713 [Worker-21: Building] INFO  o.a.m.s.f.DefaultMavenResourcesFiltering - Copying 1 resource from src\main\resources to target\classes
2025-07-16 16:15:55,717 [Worker-21: Building] INFO  o.a.m.s.f.DefaultMavenResourcesFiltering - Copying 0 resource from src\main\resources to target\classes
2025-07-16 16:15:55,720 [Worker-21: Building] INFO  o.a.m.s.f.DefaultMavenResourcesFiltering - skip non existing resourceDirectory D:\IQGateway\Module 21 - CPS\Microservices\customerclaims\src\test\resources
2025-07-16 16:16:10,862 [Worker-18: Building] INFO  o.a.m.s.f.DefaultMavenResourcesFiltering - Copying 1 resource from src\main\resources to target\classes
2025-07-16 16:16:10,866 [Worker-18: Building] INFO  o.a.m.s.f.DefaultMavenResourcesFiltering - Copying 0 resource from src\main\resources to target\classes
2025-07-16 16:16:10,869 [Worker-18: Building] INFO  o.a.m.s.f.DefaultMavenResourcesFiltering - skip non existing resourceDirectory D:\IQGateway\Module 21 - CPS\Microservices\customerclaims\src\test\resources
2025-07-16 16:16:22,227 [Worker-23: Building] INFO  o.a.m.s.f.DefaultMavenResourcesFiltering - Copying 1 resource from src\main\resources to target\classes
2025-07-16 16:16:22,241 [Worker-23: Building] INFO  o.a.m.s.f.DefaultMavenResourcesFiltering - Copying 0 resource from src\main\resources to target\classes
2025-07-16 16:16:22,247 [Worker-23: Building] INFO  o.a.m.s.f.DefaultMavenResourcesFiltering - skip non existing resourceDirectory D:\IQGateway\Module 21 - CPS\Microservices\customerclaims\src\test\resources
2025-07-16 16:16:50,075 [Worker-21: Building] INFO  o.a.m.s.f.DefaultMavenResourcesFiltering - Copying 1 resource from src\main\resources to target\classes
2025-07-16 16:16:50,083 [Worker-21: Building] INFO  o.a.m.s.f.DefaultMavenResourcesFiltering - Copying 0 resource from src\main\resources to target\classes
2025-07-16 16:16:50,087 [Worker-21: Building] INFO  o.a.m.s.f.DefaultMavenResourcesFiltering - skip non existing resourceDirectory D:\IQGateway\Module 21 - CPS\Microservices\customerclaims\src\test\resources
2025-07-16 16:17:17,740 [Worker-1: Building] INFO  o.a.m.s.f.DefaultMavenResourcesFiltering - Copying 1 resource from src\main\resources to target\classes
2025-07-16 16:17:17,750 [Worker-1: Building] INFO  o.a.m.s.f.DefaultMavenResourcesFiltering - Copying 0 resource from src\main\resources to target\classes
2025-07-16 16:17:17,755 [Worker-1: Building] INFO  o.a.m.s.f.DefaultMavenResourcesFiltering - skip non existing resourceDirectory D:\IQGateway\Module 21 - CPS\Microservices\customerclaims\src\test\resources
2025-07-16 16:21:45,164 [Worker-18: Building] INFO  o.a.m.s.f.DefaultMavenResourcesFiltering - Copying 1 resource from src\main\resources to target\classes
2025-07-16 16:21:45,170 [Worker-18: Building] INFO  o.a.m.s.f.DefaultMavenResourcesFiltering - Copying 0 resource from src\main\resources to target\classes
2025-07-16 16:21:45,173 [Worker-18: Building] INFO  o.a.m.s.f.DefaultMavenResourcesFiltering - skip non existing resourceDirectory D:\IQGateway\Module 21 - CPS\Microservices\customerclaims\src\test\resources
2025-07-16 16:21:48,719 [Worker-18: Building] INFO  o.a.m.s.f.DefaultMavenResourcesFiltering - Copying 1 resource from src\main\resources to target\classes
2025-07-16 16:21:48,724 [Worker-18: Building] INFO  o.a.m.s.f.DefaultMavenResourcesFiltering - Copying 0 resource from src\main\resources to target\classes
2025-07-16 16:21:48,727 [Worker-18: Building] INFO  o.a.m.s.f.DefaultMavenResourcesFiltering - skip non existing resourceDirectory D:\IQGateway\Module 21 - CPS\Microservices\customerclaims\src\test\resources
2025-07-16 16:22:55,443 [Worker-22: Building] INFO  o.a.m.s.f.DefaultMavenResourcesFiltering - Copying 1 resource from src\main\resources to target\classes
2025-07-16 16:22:55,448 [Worker-22: Building] INFO  o.a.m.s.f.DefaultMavenResourcesFiltering - Copying 0 resource from src\main\resources to target\classes
2025-07-16 16:22:55,451 [Worker-22: Building] INFO  o.a.m.s.f.DefaultMavenResourcesFiltering - skip non existing resourceDirectory D:\IQGateway\Module 21 - CPS\Microservices\customerclaims\src\test\resources
2025-07-16 16:23:24,733 [Worker-23: Building] INFO  o.a.m.s.f.DefaultMavenResourcesFiltering - Copying 1 resource from src\main\resources to target\classes
2025-07-16 16:23:24,744 [Worker-23: Building] INFO  o.a.m.s.f.DefaultMavenResourcesFiltering - Copying 0 resource from src\main\resources to target\classes
2025-07-16 16:23:24,752 [Worker-23: Building] INFO  o.a.m.s.f.DefaultMavenResourcesFiltering - skip non existing resourceDirectory D:\IQGateway\Module 21 - CPS\Microservices\customerclaims\src\test\resources
2025-07-16 16:24:28,319 [Worker-20: Building] INFO  o.a.m.s.f.DefaultMavenResourcesFiltering - Copying 1 resource from src\main\resources to target\classes
2025-07-16 16:24:28,328 [Worker-20: Building] INFO  o.a.m.s.f.DefaultMavenResourcesFiltering - Copying 0 resource from src\main\resources to target\classes
2025-07-16 16:24:28,331 [Worker-20: Building] INFO  o.a.m.s.f.DefaultMavenResourcesFiltering - skip non existing resourceDirectory D:\IQGateway\Module 21 - CPS\Microservices\customerclaims\src\test\resources
2025-07-16 16:28:32,126 [Worker-15: Building] INFO  o.a.m.s.f.DefaultMavenResourcesFiltering - Copying 1 resource from src\main\resources to target\classes
2025-07-16 16:28:32,135 [Worker-15: Building] INFO  o.a.m.s.f.DefaultMavenResourcesFiltering - Copying 0 resource from src\main\resources to target\classes
2025-07-16 16:28:32,138 [Worker-15: Building] INFO  o.a.m.s.f.DefaultMavenResourcesFiltering - skip non existing resourceDirectory D:\IQGateway\Module 21 - CPS\Microservices\customerclaims\src\test\resources
2025-07-16 16:28:40,137 [Worker-21: Building] INFO  o.a.m.s.f.DefaultMavenResourcesFiltering - Copying 1 resource from src\main\resources to target\classes
2025-07-16 16:28:40,166 [Worker-21: Building] INFO  o.a.m.s.f.DefaultMavenResourcesFiltering - Copying 0 resource from src\main\resources to target\classes
2025-07-16 16:28:40,172 [Worker-21: Building] INFO  o.a.m.s.f.DefaultMavenResourcesFiltering - skip non existing resourceDirectory D:\IQGateway\Module 21 - CPS\Microservices\customerclaims\src\test\resources
2025-07-16 16:28:59,831 [Worker-20: Building] INFO  o.a.m.s.f.DefaultMavenResourcesFiltering - Copying 1 resource from src\main\resources to target\classes
2025-07-16 16:28:59,837 [Worker-20: Building] INFO  o.a.m.s.f.DefaultMavenResourcesFiltering - Copying 0 resource from src\main\resources to target\classes
2025-07-16 16:28:59,841 [Worker-20: Building] INFO  o.a.m.s.f.DefaultMavenResourcesFiltering - skip non existing resourceDirectory D:\IQGateway\Module 21 - CPS\Microservices\customerclaims\src\test\resources
2025-07-16 16:29:34,704 [Worker-23: Building] INFO  o.a.m.s.f.DefaultMavenResourcesFiltering - Copying 1 resource from src\main\resources to target\classes
2025-07-16 16:29:34,708 [Worker-23: Building] INFO  o.a.m.s.f.DefaultMavenResourcesFiltering - Copying 0 resource from src\main\resources to target\classes
2025-07-16 16:29:34,710 [Worker-23: Building] INFO  o.a.m.s.f.DefaultMavenResourcesFiltering - skip non existing resourceDirectory D:\IQGateway\Module 21 - CPS\Microservices\customerclaims\src\test\resources
2025-07-16 16:29:36,474 [Worker-21: Building] INFO  o.a.m.s.f.DefaultMavenResourcesFiltering - Copying 1 resource from src\main\resources to target\classes
2025-07-16 16:29:36,480 [Worker-21: Building] INFO  o.a.m.s.f.DefaultMavenResourcesFiltering - Copying 0 resource from src\main\resources to target\classes
2025-07-16 16:29:36,507 [Worker-21: Building] INFO  o.a.m.s.f.DefaultMavenResourcesFiltering - skip non existing resourceDirectory D:\IQGateway\Module 21 - CPS\Microservices\customerclaims\src\test\resources
2025-07-16 16:30:07,570 [Worker-18: Building] INFO  o.a.m.s.f.DefaultMavenResourcesFiltering - Copying 1 resource from src\main\resources to target\classes
2025-07-16 16:30:07,576 [Worker-18: Building] INFO  o.a.m.s.f.DefaultMavenResourcesFiltering - Copying 0 resource from src\main\resources to target\classes
2025-07-16 16:30:07,578 [Worker-18: Building] INFO  o.a.m.s.f.DefaultMavenResourcesFiltering - skip non existing resourceDirectory D:\IQGateway\Module 21 - CPS\Microservices\customerclaims\src\test\resources
2025-07-16 16:31:09,978 [Worker-1: Building] INFO  o.a.m.s.f.DefaultMavenResourcesFiltering - Copying 1 resource from src\main\resources to target\classes
2025-07-16 16:31:09,984 [Worker-1: Building] INFO  o.a.m.s.f.DefaultMavenResourcesFiltering - Copying 0 resource from src\main\resources to target\classes
2025-07-16 16:31:09,986 [Worker-1: Building] INFO  o.a.m.s.f.DefaultMavenResourcesFiltering - skip non existing resourceDirectory D:\IQGateway\Module 21 - CPS\Microservices\customerclaims\src\test\resources
2025-07-16 16:35:28,271 [Worker-21: Building] INFO  o.a.m.s.f.DefaultMavenResourcesFiltering - Copying 1 resource from src\main\resources to target\classes
2025-07-16 16:35:28,276 [Worker-21: Building] INFO  o.a.m.s.f.DefaultMavenResourcesFiltering - Copying 0 resource from src\main\resources to target\classes
2025-07-16 16:35:28,278 [Worker-21: Building] INFO  o.a.m.s.f.DefaultMavenResourcesFiltering - skip non existing resourceDirectory D:\IQGateway\Module 21 - CPS\Microservices\customerclaims\src\test\resources
2025-07-16 16:36:42,016 [Worker-22: Building] INFO  o.a.m.s.f.DefaultMavenResourcesFiltering - Copying 1 resource from src\main\resources to target\classes
2025-07-16 16:36:42,022 [Worker-22: Building] INFO  o.a.m.s.f.DefaultMavenResourcesFiltering - Copying 0 resource from src\main\resources to target\classes
2025-07-16 16:36:42,024 [Worker-22: Building] INFO  o.a.m.s.f.DefaultMavenResourcesFiltering - skip non existing resourceDirectory D:\IQGateway\Module 21 - CPS\Microservices\customerclaims\src\test\resources
2025-07-16 16:36:53,134 [Worker-23: Building] INFO  o.a.m.s.f.DefaultMavenResourcesFiltering - Copying 1 resource from src\main\resources to target\classes
2025-07-16 16:36:53,139 [Worker-23: Building] INFO  o.a.m.s.f.DefaultMavenResourcesFiltering - Copying 0 resource from src\main\resources to target\classes
2025-07-16 16:36:53,142 [Worker-23: Building] INFO  o.a.m.s.f.DefaultMavenResourcesFiltering - skip non existing resourceDirectory D:\IQGateway\Module 21 - CPS\Microservices\customerclaims\src\test\resources
2025-07-16 16:37:03,292 [Worker-1: Building] INFO  o.a.m.s.f.DefaultMavenResourcesFiltering - Copying 1 resource from src\main\resources to target\classes
2025-07-16 16:37:03,296 [Worker-1: Building] INFO  o.a.m.s.f.DefaultMavenResourcesFiltering - Copying 0 resource from src\main\resources to target\classes
2025-07-16 16:37:03,298 [Worker-1: Building] INFO  o.a.m.s.f.DefaultMavenResourcesFiltering - skip non existing resourceDirectory D:\IQGateway\Module 21 - CPS\Microservices\customerclaims\src\test\resources
2025-07-16 16:37:18,405 [Worker-20: Building] INFO  o.a.m.s.f.DefaultMavenResourcesFiltering - Copying 1 resource from src\main\resources to target\classes
2025-07-16 16:37:18,413 [Worker-20: Building] INFO  o.a.m.s.f.DefaultMavenResourcesFiltering - Copying 0 resource from src\main\resources to target\classes
2025-07-16 16:37:18,417 [Worker-20: Building] INFO  o.a.m.s.f.DefaultMavenResourcesFiltering - skip non existing resourceDirectory D:\IQGateway\Module 21 - CPS\Microservices\customerclaims\src\test\resources
2025-07-16 16:37:23,346 [Worker-23: Building] INFO  o.a.m.s.f.DefaultMavenResourcesFiltering - Copying 1 resource from src\main\resources to target\classes
2025-07-16 16:37:23,351 [Worker-23: Building] INFO  o.a.m.s.f.DefaultMavenResourcesFiltering - Copying 0 resource from src\main\resources to target\classes
2025-07-16 16:37:23,354 [Worker-23: Building] INFO  o.a.m.s.f.DefaultMavenResourcesFiltering - skip non existing resourceDirectory D:\IQGateway\Module 21 - CPS\Microservices\customerclaims\src\test\resources
2025-07-16 16:37:59,271 [Worker-21: Building] INFO  o.a.m.s.f.DefaultMavenResourcesFiltering - Copying 1 resource from src\main\resources to target\classes
2025-07-16 16:37:59,277 [Worker-21: Building] INFO  o.a.m.s.f.DefaultMavenResourcesFiltering - Copying 0 resource from src\main\resources to target\classes
2025-07-16 16:37:59,281 [Worker-21: Building] INFO  o.a.m.s.f.DefaultMavenResourcesFiltering - skip non existing resourceDirectory D:\IQGateway\Module 21 - CPS\Microservices\customerclaims\src\test\resources
2025-07-16 16:39:55,526 [Worker-21: Building] INFO  o.a.m.s.f.DefaultMavenResourcesFiltering - Copying 1 resource from src\main\resources to target\classes
2025-07-16 16:39:55,533 [Worker-21: Building] INFO  o.a.m.s.f.DefaultMavenResourcesFiltering - Copying 0 resource from src\main\resources to target\classes
2025-07-16 16:39:55,535 [Worker-21: Building] INFO  o.a.m.s.f.DefaultMavenResourcesFiltering - skip non existing resourceDirectory D:\IQGateway\Module 21 - CPS\Microservices\customerclaims\src\test\resources
2025-07-16 16:40:45,872 [Worker-18: Building] INFO  o.a.m.s.f.DefaultMavenResourcesFiltering - Copying 1 resource from src\main\resources to target\classes
2025-07-16 16:40:45,878 [Worker-18: Building] INFO  o.a.m.s.f.DefaultMavenResourcesFiltering - Copying 0 resource from src\main\resources to target\classes
2025-07-16 16:40:45,881 [Worker-18: Building] INFO  o.a.m.s.f.DefaultMavenResourcesFiltering - skip non existing resourceDirectory D:\IQGateway\Module 21 - CPS\Microservices\customerclaims\src\test\resources
2025-07-16 16:44:39,339 [Worker-8: Building] INFO  o.a.m.s.f.DefaultMavenResourcesFiltering - Copying 1 resource from src\main\resources to target\classes
2025-07-16 16:44:39,349 [Worker-8: Building] INFO  o.a.m.s.f.DefaultMavenResourcesFiltering - Copying 0 resource from src\main\resources to target\classes
2025-07-16 16:44:39,352 [Worker-8: Building] INFO  o.a.m.s.f.DefaultMavenResourcesFiltering - skip non existing resourceDirectory D:\IQGateway\Module 21 - CPS\Microservices\customerclaims\src\test\resources
2025-07-16 16:44:59,946 [Worker-1: Building] INFO  o.a.m.s.f.DefaultMavenResourcesFiltering - Copying 1 resource from src\main\resources to target\classes
2025-07-16 16:44:59,953 [Worker-1: Building] INFO  o.a.m.s.f.DefaultMavenResourcesFiltering - Copying 0 resource from src\main\resources to target\classes
2025-07-16 16:44:59,957 [Worker-1: Building] INFO  o.a.m.s.f.DefaultMavenResourcesFiltering - skip non existing resourceDirectory D:\IQGateway\Module 21 - CPS\Microservices\customerclaims\src\test\resources
2025-07-16 16:45:37,521 [Worker-22: Building] INFO  o.a.m.s.f.DefaultMavenResourcesFiltering - Copying 1 resource from src\main\resources to target\classes
2025-07-16 16:45:37,526 [Worker-22: Building] INFO  o.a.m.s.f.DefaultMavenResourcesFiltering - Copying 0 resource from src\main\resources to target\classes
2025-07-16 16:45:37,528 [Worker-22: Building] INFO  o.a.m.s.f.DefaultMavenResourcesFiltering - skip non existing resourceDirectory D:\IQGateway\Module 21 - CPS\Microservices\customerclaims\src\test\resources
2025-07-16 16:47:03,620 [Worker-22: Building] INFO  o.a.m.s.f.DefaultMavenResourcesFiltering - Copying 1 resource from src\main\resources to target\classes
2025-07-16 16:47:03,642 [Worker-22: Building] INFO  o.a.m.s.f.DefaultMavenResourcesFiltering - Copying 0 resource from src\main\resources to target\classes
2025-07-16 16:47:03,647 [Worker-22: Building] INFO  o.a.m.s.f.DefaultMavenResourcesFiltering - skip non existing resourceDirectory D:\IQGateway\Module 21 - CPS\Microservices\customerclaims\src\test\resources
2025-07-16 16:52:10,295 [Worker-21: Building] INFO  o.a.m.s.f.DefaultMavenResourcesFiltering - Copying 1 resource from src\main\resources to target\classes
2025-07-16 16:52:10,304 [Worker-21: Building] INFO  o.a.m.s.f.DefaultMavenResourcesFiltering - Copying 0 resource from src\main\resources to target\classes
2025-07-16 16:52:10,308 [Worker-21: Building] INFO  o.a.m.s.f.DefaultMavenResourcesFiltering - skip non existing resourceDirectory D:\IQGateway\Module 21 - CPS\Microservices\customerclaims\src\test\resources
2025-07-16 16:52:14,300 [Worker-21: Building] INFO  o.a.m.s.f.DefaultMavenResourcesFiltering - Copying 1 resource from src\main\resources to target\classes
2025-07-16 16:52:14,311 [Worker-21: Building] INFO  o.a.m.s.f.DefaultMavenResourcesFiltering - Copying 0 resource from src\main\resources to target\classes
2025-07-16 16:52:14,314 [Worker-21: Building] INFO  o.a.m.s.f.DefaultMavenResourcesFiltering - skip non existing resourceDirectory D:\IQGateway\Module 21 - CPS\Microservices\customerclaims\src\test\resources
2025-07-16 16:54:17,292 [Worker-21: Building] INFO  o.a.m.s.f.DefaultMavenResourcesFiltering - Copying 1 resource from src\main\resources to target\classes
2025-07-16 16:54:17,296 [Worker-21: Building] INFO  o.a.m.s.f.DefaultMavenResourcesFiltering - Copying 0 resource from src\main\resources to target\classes
2025-07-16 16:54:17,298 [Worker-21: Building] INFO  o.a.m.s.f.DefaultMavenResourcesFiltering - skip non existing resourceDirectory D:\IQGateway\Module 21 - CPS\Microservices\customerclaims\src\test\resources
2025-07-16 16:54:27,674 [Worker-15: Building] INFO  o.a.m.s.f.DefaultMavenResourcesFiltering - Copying 1 resource from src\main\resources to target\classes
2025-07-16 16:54:27,683 [Worker-15: Building] INFO  o.a.m.s.f.DefaultMavenResourcesFiltering - Copying 0 resource from src\main\resources to target\classes
2025-07-16 16:54:27,687 [Worker-15: Building] INFO  o.a.m.s.f.DefaultMavenResourcesFiltering - skip non existing resourceDirectory D:\IQGateway\Module 21 - CPS\Microservices\customerclaims\src\test\resources
2025-07-16 16:55:11,643 [Worker-15: Building] INFO  o.a.m.s.f.DefaultMavenResourcesFiltering - Copying 1 resource from src\main\resources to target\classes
2025-07-16 16:55:11,648 [Worker-15: Building] INFO  o.a.m.s.f.DefaultMavenResourcesFiltering - Copying 0 resource from src\main\resources to target\classes
2025-07-16 16:55:11,651 [Worker-15: Building] INFO  o.a.m.s.f.DefaultMavenResourcesFiltering - skip non existing resourceDirectory D:\IQGateway\Module 21 - CPS\Microservices\customerclaims\src\test\resources
2025-07-16 16:55:26,196 [Worker-25: Building] INFO  o.a.m.s.f.DefaultMavenResourcesFiltering - Copying 1 resource from src\main\resources to target\classes
2025-07-16 16:55:26,202 [Worker-25: Building] INFO  o.a.m.s.f.DefaultMavenResourcesFiltering - Copying 0 resource from src\main\resources to target\classes
2025-07-16 16:55:26,205 [Worker-25: Building] INFO  o.a.m.s.f.DefaultMavenResourcesFiltering - skip non existing resourceDirectory D:\IQGateway\Module 21 - CPS\Microservices\customerclaims\src\test\resources
2025-07-16 16:55:30,728 [Worker-24: Building] INFO  o.a.m.s.f.DefaultMavenResourcesFiltering - Copying 1 resource from src\main\resources to target\classes
2025-07-16 16:55:30,733 [Worker-24: Building] INFO  o.a.m.s.f.DefaultMavenResourcesFiltering - Copying 0 resource from src\main\resources to target\classes
2025-07-16 16:55:30,734 [Worker-24: Building] INFO  o.a.m.s.f.DefaultMavenResourcesFiltering - skip non existing resourceDirectory D:\IQGateway\Module 21 - CPS\Microservices\customerclaims\src\test\resources
2025-07-16 16:55:48,005 [Worker-25: Building] INFO  o.a.m.s.f.DefaultMavenResourcesFiltering - Copying 1 resource from src\main\resources to target\classes
2025-07-16 16:55:48,012 [Worker-25: Building] INFO  o.a.m.s.f.DefaultMavenResourcesFiltering - Copying 0 resource from src\main\resources to target\classes
2025-07-16 16:55:48,014 [Worker-25: Building] INFO  o.a.m.s.f.DefaultMavenResourcesFiltering - skip non existing resourceDirectory D:\IQGateway\Module 21 - CPS\Microservices\customerclaims\src\test\resources
2025-07-16 16:58:38,273 [Worker-22: Building] INFO  o.a.m.s.f.DefaultMavenResourcesFiltering - Copying 1 resource from src\main\resources to target\classes
2025-07-16 16:58:38,278 [Worker-22: Building] INFO  o.a.m.s.f.DefaultMavenResourcesFiltering - Copying 0 resource from src\main\resources to target\classes
2025-07-16 16:58:38,280 [Worker-22: Building] INFO  o.a.m.s.f.DefaultMavenResourcesFiltering - skip non existing resourceDirectory D:\IQGateway\Module 21 - CPS\Microservices\customerclaims\src\test\resources
2025-07-16 16:59:43,387 [Worker-22: Building] INFO  o.a.m.s.f.DefaultMavenResourcesFiltering - Copying 1 resource from src\main\resources to target\classes
2025-07-16 16:59:43,392 [Worker-22: Building] INFO  o.a.m.s.f.DefaultMavenResourcesFiltering - Copying 0 resource from src\main\resources to target\classes
2025-07-16 16:59:43,394 [Worker-22: Building] INFO  o.a.m.s.f.DefaultMavenResourcesFiltering - skip non existing resourceDirectory D:\IQGateway\Module 21 - CPS\Microservices\customerclaims\src\test\resources
2025-07-16 16:59:45,999 [Worker-21: Building] INFO  o.a.m.s.f.DefaultMavenResourcesFiltering - Copying 1 resource from src\main\resources to target\classes
2025-07-16 16:59:46,003 [Worker-21: Building] INFO  o.a.m.s.f.DefaultMavenResourcesFiltering - Copying 0 resource from src\main\resources to target\classes
2025-07-16 16:59:46,006 [Worker-21: Building] INFO  o.a.m.s.f.DefaultMavenResourcesFiltering - skip non existing resourceDirectory D:\IQGateway\Module 21 - CPS\Microservices\customerclaims\src\test\resources
2025-07-16 17:00:01,528 [Worker-21: Building] INFO  o.a.m.s.f.DefaultMavenResourcesFiltering - Copying 1 resource from src\main\resources to target\classes
2025-07-16 17:00:01,534 [Worker-21: Building] INFO  o.a.m.s.f.DefaultMavenResourcesFiltering - Copying 0 resource from src\main\resources to target\classes
2025-07-16 17:00:01,539 [Worker-21: Building] INFO  o.a.m.s.f.DefaultMavenResourcesFiltering - skip non existing resourceDirectory D:\IQGateway\Module 21 - CPS\Microservices\customerclaims\src\test\resources
2025-07-16 17:00:36,521 [Worker-22: Building] INFO  o.a.m.s.f.DefaultMavenResourcesFiltering - Copying 1 resource from src\main\resources to target\classes
2025-07-16 17:00:36,525 [Worker-22: Building] INFO  o.a.m.s.f.DefaultMavenResourcesFiltering - Copying 0 resource from src\main\resources to target\classes
2025-07-16 17:00:36,527 [Worker-22: Building] INFO  o.a.m.s.f.DefaultMavenResourcesFiltering - skip non existing resourceDirectory D:\IQGateway\Module 21 - CPS\Microservices\customerclaims\src\test\resources
2025-07-16 17:00:48,930 [Worker-22: Building] INFO  o.a.m.s.f.DefaultMavenResourcesFiltering - Copying 1 resource from src\main\resources to target\classes
2025-07-16 17:00:48,935 [Worker-22: Building] INFO  o.a.m.s.f.DefaultMavenResourcesFiltering - Copying 0 resource from src\main\resources to target\classes
2025-07-16 17:00:48,936 [Worker-22: Building] INFO  o.a.m.s.f.DefaultMavenResourcesFiltering - skip non existing resourceDirectory D:\IQGateway\Module 21 - CPS\Microservices\customerclaims\src\test\resources
2025-07-16 17:00:55,290 [Worker-27: Building] INFO  o.a.m.s.f.DefaultMavenResourcesFiltering - Copying 1 resource from src\main\resources to target\classes
2025-07-16 17:00:55,294 [Worker-27: Building] INFO  o.a.m.s.f.DefaultMavenResourcesFiltering - Copying 0 resource from src\main\resources to target\classes
2025-07-16 17:00:55,296 [Worker-27: Building] INFO  o.a.m.s.f.DefaultMavenResourcesFiltering - skip non existing resourceDirectory D:\IQGateway\Module 21 - CPS\Microservices\customerclaims\src\test\resources
2025-07-16 17:01:24,236 [Worker-26: Building] INFO  o.a.m.s.f.DefaultMavenResourcesFiltering - Copying 1 resource from src\main\resources to target\classes
2025-07-16 17:01:24,247 [Worker-26: Building] INFO  o.a.m.s.f.DefaultMavenResourcesFiltering - Copying 0 resource from src\main\resources to target\classes
2025-07-16 17:01:24,250 [Worker-26: Building] INFO  o.a.m.s.f.DefaultMavenResourcesFiltering - skip non existing resourceDirectory D:\IQGateway\Module 21 - CPS\Microservices\customerclaims\src\test\resources
2025-07-16 17:01:28,202 [Worker-22: Building] INFO  o.a.m.s.f.DefaultMavenResourcesFiltering - Copying 1 resource from src\main\resources to target\classes
2025-07-16 17:01:28,213 [Worker-22: Building] INFO  o.a.m.s.f.DefaultMavenResourcesFiltering - Copying 0 resource from src\main\resources to target\classes
2025-07-16 17:01:28,217 [Worker-22: Building] INFO  o.a.m.s.f.DefaultMavenResourcesFiltering - skip non existing resourceDirectory D:\IQGateway\Module 21 - CPS\Microservices\customerclaims\src\test\resources
2025-07-16 17:01:32,904 [Worker-27: Building] INFO  o.a.m.s.f.DefaultMavenResourcesFiltering - Copying 1 resource from src\main\resources to target\classes
2025-07-16 17:01:32,910 [Worker-27: Building] INFO  o.a.m.s.f.DefaultMavenResourcesFiltering - Copying 0 resource from src\main\resources to target\classes
2025-07-16 17:01:32,912 [Worker-27: Building] INFO  o.a.m.s.f.DefaultMavenResourcesFiltering - skip non existing resourceDirectory D:\IQGateway\Module 21 - CPS\Microservices\customerclaims\src\test\resources
2025-07-16 17:04:06,627 [Worker-26: Building] INFO  o.a.m.s.f.DefaultMavenResourcesFiltering - Copying 1 resource from src\main\resources to target\classes
2025-07-16 17:04:06,634 [Worker-26: Building] INFO  o.a.m.s.f.DefaultMavenResourcesFiltering - Copying 0 resource from src\main\resources to target\classes
2025-07-16 17:04:06,637 [Worker-26: Building] INFO  o.a.m.s.f.DefaultMavenResourcesFiltering - skip non existing resourceDirectory D:\IQGateway\Module 21 - CPS\Microservices\customerclaims\src\test\resources
2025-07-16 17:07:17,630 [Worker-1: Building] INFO  o.a.m.s.f.DefaultMavenResourcesFiltering - Copying 1 resource from src\main\resources to target\classes
2025-07-16 17:07:17,637 [Worker-1: Building] INFO  o.a.m.s.f.DefaultMavenResourcesFiltering - Copying 0 resource from src\main\resources to target\classes
2025-07-16 17:07:17,639 [Worker-1: Building] INFO  o.a.m.s.f.DefaultMavenResourcesFiltering - skip non existing resourceDirectory D:\IQGateway\Module 21 - CPS\Microservices\customerclaims\src\test\resources
2025-07-16 17:07:22,492 [Worker-25: Building] INFO  o.a.m.s.f.DefaultMavenResourcesFiltering - Copying 1 resource from src\main\resources to target\classes
2025-07-16 17:07:22,498 [Worker-25: Building] INFO  o.a.m.s.f.DefaultMavenResourcesFiltering - Copying 0 resource from src\main\resources to target\classes
2025-07-16 17:07:22,500 [Worker-25: Building] INFO  o.a.m.s.f.DefaultMavenResourcesFiltering - skip non existing resourceDirectory D:\IQGateway\Module 21 - CPS\Microservices\customerclaims\src\test\resources
2025-07-16 17:07:44,590 [Worker-1: Building] INFO  o.a.m.s.f.DefaultMavenResourcesFiltering - Copying 1 resource from src\main\resources to target\classes
2025-07-16 17:07:44,597 [Worker-1: Building] INFO  o.a.m.s.f.DefaultMavenResourcesFiltering - Copying 0 resource from src\main\resources to target\classes
2025-07-16 17:07:44,600 [Worker-1: Building] INFO  o.a.m.s.f.DefaultMavenResourcesFiltering - skip non existing resourceDirectory D:\IQGateway\Module 21 - CPS\Microservices\customerclaims\src\test\resources
2025-07-16 17:08:10,085 [Worker-24: Building] INFO  o.a.m.s.f.DefaultMavenResourcesFiltering - Copying 1 resource from src\main\resources to target\classes
2025-07-16 17:08:10,091 [Worker-24: Building] INFO  o.a.m.s.f.DefaultMavenResourcesFiltering - Copying 0 resource from src\main\resources to target\classes
2025-07-16 17:08:10,094 [Worker-24: Building] INFO  o.a.m.s.f.DefaultMavenResourcesFiltering - skip non existing resourceDirectory D:\IQGateway\Module 21 - CPS\Microservices\customerclaims\src\test\resources
2025-07-16 17:08:14,208 [Worker-25: Building] INFO  o.a.m.s.f.DefaultMavenResourcesFiltering - Copying 1 resource from src\main\resources to target\classes
2025-07-16 17:08:14,212 [Worker-25: Building] INFO  o.a.m.s.f.DefaultMavenResourcesFiltering - Copying 0 resource from src\main\resources to target\classes
2025-07-16 17:08:14,214 [Worker-25: Building] INFO  o.a.m.s.f.DefaultMavenResourcesFiltering - skip non existing resourceDirectory D:\IQGateway\Module 21 - CPS\Microservices\customerclaims\src\test\resources
2025-07-16 17:11:04,957 [Worker-25: Import Getting Started Content] INFO  o.e.m.c.i.l.LifecycleMappingFactory - Using org.eclipse.m2e.jdt.JarLifecycleMapping lifecycle mapping for MavenProject: com.cps:customerclaimsqueries:0.0.1-SNAPSHOT @ D:\IQGateway\Module 21 - CPS\Microservices\customerclaimsqueries\pom.xml.
2025-07-16 17:11:06,053 [Worker-25: Import Getting Started Content] INFO  o.e.m.j.i.AbstractJavaProjectConfigurator - Adding source folder /customerclaimsqueries/src/main/java
2025-07-16 17:11:06,055 [Worker-25: Import Getting Started Content] INFO  o.e.m.j.i.AbstractJavaProjectConfigurator - Adding resource folder /customerclaimsqueries/src/main/resources
2025-07-16 17:11:06,076 [Worker-25: Import Getting Started Content] INFO  o.e.m.j.i.AbstractJavaProjectConfigurator - Adding resource folder /customerclaimsqueries/src/main/resources
2025-07-16 17:11:06,083 [Worker-25: Import Getting Started Content] INFO  o.e.m.j.i.AbstractJavaProjectConfigurator - Adding source folder /customerclaimsqueries/src/test/java
2025-07-16 17:11:06,085 [Worker-25: Import Getting Started Content] INFO  o.e.m.j.i.AbstractJavaProjectConfigurator - Adding resource folder /customerclaimsqueries/src/test/resources
2025-07-16 17:11:06,747 [Worker-25: Import Getting Started Content] INFO  o.e.m.c.i.p.ProjectConfigurationManager - Imported and configured 1 project(s) in 2 sec
2025-07-16 17:11:06,750 [Worker-25: Import Getting Started Content] INFO  o.e.m.c.i.p.ProjectConfigurationManager - Update started
2025-07-16 17:11:07,189 [Worker-25: Import Getting Started Content] INFO  o.e.m.c.i.l.LifecycleMappingFactory - Using org.eclipse.m2e.jdt.JarLifecycleMapping lifecycle mapping for MavenProject: com.cps:customerclaimsqueries:0.0.1-SNAPSHOT @ D:\IQGateway\Module 21 - CPS\Microservices\customerclaimsqueries\pom.xml.
2025-07-16 17:11:07,890 [Worker-25: Import Getting Started Content] INFO  o.e.m.j.i.AbstractJavaProjectConfigurator - Adding source folder /customerclaimsqueries/src/main/java
2025-07-16 17:11:07,891 [Worker-25: Import Getting Started Content] INFO  o.e.m.j.i.AbstractJavaProjectConfigurator - Adding resource folder /customerclaimsqueries/src/main/resources
2025-07-16 17:11:07,891 [Worker-25: Import Getting Started Content] INFO  o.e.m.j.i.AbstractJavaProjectConfigurator - Adding resource folder /customerclaimsqueries/src/main/resources
2025-07-16 17:11:07,892 [Worker-25: Import Getting Started Content] INFO  o.e.m.j.i.AbstractJavaProjectConfigurator - Adding source folder /customerclaimsqueries/src/test/java
2025-07-16 17:11:07,892 [Worker-25: Import Getting Started Content] INFO  o.e.m.j.i.AbstractJavaProjectConfigurator - Adding resource folder /customerclaimsqueries/src/test/resources
2025-07-16 17:11:08,242 [Worker-25: Import Getting Started Content] INFO  o.e.m.c.i.p.ProjectConfigurationManager - Update completed for 1 poms: local refresh takes 0.00 sec, refresh facades takes 1.00 sec, update config takes 0.00 sec 
2025-07-16 17:11:08,649 [Worker-28: Building] INFO  o.a.m.s.f.DefaultMavenResourcesFiltering - Copying 1 resource from src\main\resources to target\classes
2025-07-16 17:11:08,664 [Worker-28: Building] INFO  o.a.m.s.f.DefaultMavenResourcesFiltering - Copying 0 resource from src\main\resources to target\classes
2025-07-16 17:11:08,670 [Worker-28: Building] INFO  o.a.m.s.f.DefaultMavenResourcesFiltering - skip non existing resourceDirectory D:\IQGateway\Module 21 - CPS\Microservices\customerclaimsqueries\src\test\resources
2025-07-16 17:11:39,619 [Worker-25: Building] INFO  o.a.m.s.f.DefaultMavenResourcesFiltering - Copying 1 resource from src\main\resources to target\classes
2025-07-16 17:11:39,643 [Worker-25: Building] INFO  o.a.m.s.f.DefaultMavenResourcesFiltering - Copying 0 resource from src\main\resources to target\classes
2025-07-16 17:11:39,653 [Worker-25: Building] INFO  o.a.m.s.f.DefaultMavenResourcesFiltering - skip non existing resourceDirectory D:\IQGateway\Module 21 - CPS\Microservices\customerclaimsqueries\src\test\resources
2025-07-16 17:11:41,999 [Worker-15: Building] INFO  o.a.m.s.f.DefaultMavenResourcesFiltering - Copying 1 resource from src\main\resources to target\classes
2025-07-16 17:11:42,011 [Worker-15: Building] INFO  o.a.m.s.f.DefaultMavenResourcesFiltering - Copying 0 resource from src\main\resources to target\classes
2025-07-16 17:11:42,015 [Worker-15: Building] INFO  o.a.m.s.f.DefaultMavenResourcesFiltering - skip non existing resourceDirectory D:\IQGateway\Module 21 - CPS\Microservices\customerclaimsqueries\src\test\resources
2025-07-16 17:11:45,105 [Worker-27: Building] INFO  o.a.m.s.f.DefaultMavenResourcesFiltering - Copying 1 resource from src\main\resources to target\classes
2025-07-16 17:11:45,114 [Worker-27: Building] INFO  o.a.m.s.f.DefaultMavenResourcesFiltering - Copying 0 resource from src\main\resources to target\classes
2025-07-16 17:11:45,120 [Worker-27: Building] INFO  o.a.m.s.f.DefaultMavenResourcesFiltering - skip non existing resourceDirectory D:\IQGateway\Module 21 - CPS\Microservices\customerclaimsqueries\src\test\resources
2025-07-16 17:12:24,893 [Worker-21: Building] INFO  o.e.m.c.i.l.LifecycleMappingFactory - Using org.eclipse.m2e.jdt.JarLifecycleMapping lifecycle mapping for MavenProject: com.cps:customerclaimsqueries:0.0.1-SNAPSHOT @ D:\IQGateway\Module 21 - CPS\Microservices\customerclaimsqueries\pom.xml.
2025-07-16 17:12:29,133 [Worker-21: Building] INFO  o.a.m.s.f.DefaultMavenResourcesFiltering - Copying 0 resource from src\main\resources to target\classes
2025-07-16 17:12:29,133 [Worker-21: Building] INFO  o.a.m.s.f.DefaultMavenResourcesFiltering - Copying 0 resource from src\main\resources to target\classes
2025-07-16 17:12:29,137 [Worker-21: Building] INFO  o.a.m.s.f.DefaultMavenResourcesFiltering - skip non existing resourceDirectory D:\IQGateway\Module 21 - CPS\Microservices\customerclaimsqueries\src\test\resources
2025-07-16 17:12:47,881 [Worker-1: Building] INFO  o.e.m.c.i.l.LifecycleMappingFactory - Using org.eclipse.m2e.jdt.JarLifecycleMapping lifecycle mapping for MavenProject: com.cps:customerclaimsqueries:0.0.1-SNAPSHOT @ D:\IQGateway\Module 21 - CPS\Microservices\customerclaimsqueries\pom.xml.
2025-07-16 17:12:48,450 [Worker-1: Building] INFO  o.a.m.s.f.DefaultMavenResourcesFiltering - Copying 0 resource from src\main\resources to target\classes
2025-07-16 17:12:48,451 [Worker-1: Building] INFO  o.a.m.s.f.DefaultMavenResourcesFiltering - Copying 0 resource from src\main\resources to target\classes
2025-07-16 17:12:48,454 [Worker-1: Building] INFO  o.a.m.s.f.DefaultMavenResourcesFiltering - skip non existing resourceDirectory D:\IQGateway\Module 21 - CPS\Microservices\customerclaimsqueries\src\test\resources
2025-07-16 17:12:55,018 [Worker-25: Building] INFO  o.e.m.c.i.l.LifecycleMappingFactory - Using org.eclipse.m2e.jdt.JarLifecycleMapping lifecycle mapping for MavenProject: com.cps:customerclaims:0.0.1-SNAPSHOT @ D:\IQGateway\Module 21 - CPS\Microservices\customerclaims\pom.xml.
2025-07-16 17:12:55,665 [Worker-25: Building] INFO  o.a.m.s.f.DefaultMavenResourcesFiltering - Copying 0 resource from src\main\resources to target\classes
2025-07-16 17:12:55,666 [Worker-25: Building] INFO  o.a.m.s.f.DefaultMavenResourcesFiltering - Copying 0 resource from src\main\resources to target\classes
2025-07-16 17:12:55,669 [Worker-25: Building] INFO  o.a.m.s.f.DefaultMavenResourcesFiltering - skip non existing resourceDirectory D:\IQGateway\Module 21 - CPS\Microservices\customerclaims\src\test\resources
2025-07-16 17:13:15,368 [Worker-25: Updating Maven Project] INFO  o.e.m.c.i.p.ProjectConfigurationManager - Update started
2025-07-16 17:13:15,728 [Worker-25: Updating Maven Project] INFO  o.e.m.c.i.l.LifecycleMappingFactory - Using org.eclipse.m2e.jdt.JarLifecycleMapping lifecycle mapping for MavenProject: com.cps:customerclaimsqueries:0.0.1-SNAPSHOT @ D:\IQGateway\Module 21 - CPS\Microservices\customerclaimsqueries\pom.xml.
2025-07-16 17:13:16,232 [Worker-25: Updating Maven Project] INFO  o.e.m.j.i.AbstractJavaProjectConfigurator - Adding source folder /customerclaimsqueries/src/main/java
2025-07-16 17:13:16,233 [Worker-25: Updating Maven Project] INFO  o.e.m.j.i.AbstractJavaProjectConfigurator - Adding resource folder /customerclaimsqueries/src/main/resources
2025-07-16 17:13:16,234 [Worker-25: Updating Maven Project] INFO  o.e.m.j.i.AbstractJavaProjectConfigurator - Adding resource folder /customerclaimsqueries/src/main/resources
2025-07-16 17:13:16,234 [Worker-25: Updating Maven Project] INFO  o.e.m.j.i.AbstractJavaProjectConfigurator - Adding source folder /customerclaimsqueries/src/test/java
2025-07-16 17:13:16,234 [Worker-25: Updating Maven Project] INFO  o.e.m.j.i.AbstractJavaProjectConfigurator - Adding resource folder /customerclaimsqueries/src/test/resources
2025-07-16 17:13:16,480 [Worker-25: Updating Maven Project] INFO  o.e.m.c.i.p.ProjectConfigurationManager - Update completed for 1 poms: local refresh takes 0.00 sec, refresh facades takes 0.00 sec, update config takes 0.00 sec 
2025-07-16 17:13:16,813 [Worker-1: Building] INFO  o.a.m.s.f.DefaultMavenResourcesFiltering - Copying 1 resource from src\main\resources to target\classes
2025-07-16 17:13:16,823 [Worker-1: Building] INFO  o.a.m.s.f.DefaultMavenResourcesFiltering - Copying 0 resource from src\main\resources to target\classes
2025-07-16 17:13:16,827 [Worker-1: Building] INFO  o.a.m.s.f.DefaultMavenResourcesFiltering - skip non existing resourceDirectory D:\IQGateway\Module 21 - CPS\Microservices\customerclaimsqueries\src\test\resources
2025-07-16 17:13:46,603 [Worker-24: Building] INFO  o.a.m.s.f.DefaultMavenResourcesFiltering - Copying 1 resource from src\main\resources to target\classes
2025-07-16 17:13:46,614 [Worker-24: Building] INFO  o.a.m.s.f.DefaultMavenResourcesFiltering - Copying 0 resource from src\main\resources to target\classes
2025-07-16 17:13:46,620 [Worker-24: Building] INFO  o.a.m.s.f.DefaultMavenResourcesFiltering - skip non existing resourceDirectory D:\IQGateway\Module 21 - CPS\Microservices\customerclaimsqueries\src\test\resources
2025-07-16 17:21:57,482 [Worker-27: Building] INFO  o.a.m.s.f.DefaultMavenResourcesFiltering - Copying 1 resource from src\main\resources to target\classes
2025-07-16 17:21:57,487 [Worker-27: Building] INFO  o.a.m.s.f.DefaultMavenResourcesFiltering - Copying 0 resource from src\main\resources to target\classes
2025-07-16 17:21:57,489 [Worker-27: Building] INFO  o.a.m.s.f.DefaultMavenResourcesFiltering - skip non existing resourceDirectory D:\IQGateway\Module 21 - CPS\Microservices\customerclaimsqueries\src\test\resources
2025-07-16 17:24:44,071 [Worker-27: Building Workspace] INFO  o.a.m.s.f.DefaultMavenResourcesFiltering - Copying 1 resource from src\main\resources to target\classes
2025-07-16 17:24:44,077 [Worker-27: Building Workspace] INFO  o.a.m.s.f.DefaultMavenResourcesFiltering - Copying 0 resource from src\main\resources to target\classes
2025-07-16 17:24:44,079 [Worker-27: Building Workspace] INFO  o.a.m.s.f.DefaultMavenResourcesFiltering - skip non existing resourceDirectory D:\IQGateway\Module 21 - CPS\Microservices\customerclaimsqueries\src\test\resources
2025-07-16 17:25:11,917 [Worker-28: Building] INFO  o.a.m.s.f.DefaultMavenResourcesFiltering - Copying 1 resource from src\main\resources to target\classes
2025-07-16 17:25:11,923 [Worker-28: Building] INFO  o.a.m.s.f.DefaultMavenResourcesFiltering - Copying 0 resource from src\main\resources to target\classes
2025-07-16 17:25:11,925 [Worker-28: Building] INFO  o.a.m.s.f.DefaultMavenResourcesFiltering - skip non existing resourceDirectory D:\IQGateway\Module 21 - CPS\Microservices\customerclaimsqueries\src\test\resources
2025-07-16 17:25:21,502 [Worker-15: Building] INFO  o.a.m.s.f.DefaultMavenResourcesFiltering - Copying 1 resource from src\main\resources to target\classes
2025-07-16 17:25:21,507 [Worker-15: Building] INFO  o.a.m.s.f.DefaultMavenResourcesFiltering - Copying 0 resource from src\main\resources to target\classes
2025-07-16 17:25:21,509 [Worker-15: Building] INFO  o.a.m.s.f.DefaultMavenResourcesFiltering - skip non existing resourceDirectory D:\IQGateway\Module 21 - CPS\Microservices\customerclaimsqueries\src\test\resources
2025-07-16 17:25:50,361 [Worker-28: Building] INFO  o.a.m.s.f.DefaultMavenResourcesFiltering - Copying 1 resource from src\main\resources to target\classes
2025-07-16 17:25:50,365 [Worker-28: Building] INFO  o.a.m.s.f.DefaultMavenResourcesFiltering - Copying 0 resource from src\main\resources to target\classes
2025-07-16 17:25:50,367 [Worker-28: Building] INFO  o.a.m.s.f.DefaultMavenResourcesFiltering - skip non existing resourceDirectory D:\IQGateway\Module 21 - CPS\Microservices\customerclaimsqueries\src\test\resources
2025-07-16 17:26:03,047 [Worker-25: Building] INFO  o.a.m.s.f.DefaultMavenResourcesFiltering - Copying 1 resource from src\main\resources to target\classes
2025-07-16 17:26:03,052 [Worker-25: Building] INFO  o.a.m.s.f.DefaultMavenResourcesFiltering - Copying 0 resource from src\main\resources to target\classes
2025-07-16 17:26:03,054 [Worker-25: Building] INFO  o.a.m.s.f.DefaultMavenResourcesFiltering - skip non existing resourceDirectory D:\IQGateway\Module 21 - CPS\Microservices\customerclaimsqueries\src\test\resources
2025-07-16 17:26:29,606 [Worker-15: Building] INFO  o.a.m.s.f.DefaultMavenResourcesFiltering - Copying 1 resource from src\main\resources to target\classes
2025-07-16 17:26:29,611 [Worker-15: Building] INFO  o.a.m.s.f.DefaultMavenResourcesFiltering - Copying 0 resource from src\main\resources to target\classes
2025-07-16 17:26:29,615 [Worker-15: Building] INFO  o.a.m.s.f.DefaultMavenResourcesFiltering - skip non existing resourceDirectory D:\IQGateway\Module 21 - CPS\Microservices\customerclaimsqueries\src\test\resources
2025-07-16 17:26:34,911 [Worker-31: Building] INFO  o.a.m.s.f.DefaultMavenResourcesFiltering - Copying 1 resource from src\main\resources to target\classes
2025-07-16 17:26:34,917 [Worker-31: Building] INFO  o.a.m.s.f.DefaultMavenResourcesFiltering - Copying 0 resource from src\main\resources to target\classes
2025-07-16 17:26:34,920 [Worker-31: Building] INFO  o.a.m.s.f.DefaultMavenResourcesFiltering - skip non existing resourceDirectory D:\IQGateway\Module 21 - CPS\Microservices\customerclaimsqueries\src\test\resources
2025-07-16 17:27:03,179 [Worker-27: Building] INFO  o.a.m.s.f.DefaultMavenResourcesFiltering - Copying 1 resource from src\main\resources to target\classes
2025-07-16 17:27:03,211 [Worker-27: Building] INFO  o.a.m.s.f.DefaultMavenResourcesFiltering - Copying 0 resource from src\main\resources to target\classes
2025-07-16 17:27:03,220 [Worker-27: Building] INFO  o.a.m.s.f.DefaultMavenResourcesFiltering - skip non existing resourceDirectory D:\IQGateway\Module 21 - CPS\Microservices\customerclaims\src\test\resources
2025-07-16 17:27:25,901 [Worker-28: Building] INFO  o.a.m.s.f.DefaultMavenResourcesFiltering - Copying 1 resource from src\main\resources to target\classes
2025-07-16 17:27:25,909 [Worker-28: Building] INFO  o.a.m.s.f.DefaultMavenResourcesFiltering - Copying 0 resource from src\main\resources to target\classes
2025-07-16 17:27:25,913 [Worker-28: Building] INFO  o.a.m.s.f.DefaultMavenResourcesFiltering - skip non existing resourceDirectory D:\IQGateway\Module 21 - CPS\Microservices\customerclaimsqueries\src\test\resources
2025-07-16 17:27:32,849 [Worker-15: Building] INFO  o.a.m.s.f.DefaultMavenResourcesFiltering - Copying 1 resource from src\main\resources to target\classes
2025-07-16 17:27:32,855 [Worker-15: Building] INFO  o.a.m.s.f.DefaultMavenResourcesFiltering - Copying 0 resource from src\main\resources to target\classes
2025-07-16 17:27:32,857 [Worker-15: Building] INFO  o.a.m.s.f.DefaultMavenResourcesFiltering - skip non existing resourceDirectory D:\IQGateway\Module 21 - CPS\Microservices\customerclaimsqueries\src\test\resources
2025-07-16 17:28:30,793 [Worker-28: Building] INFO  o.a.m.s.f.DefaultMavenResourcesFiltering - Copying 1 resource from src\main\resources to target\classes
2025-07-16 17:28:30,800 [Worker-28: Building] INFO  o.a.m.s.f.DefaultMavenResourcesFiltering - Copying 0 resource from src\main\resources to target\classes
2025-07-16 17:28:30,803 [Worker-28: Building] INFO  o.a.m.s.f.DefaultMavenResourcesFiltering - skip non existing resourceDirectory D:\IQGateway\Module 21 - CPS\Microservices\customerclaimsqueries\src\test\resources
2025-07-16 17:28:38,741 [Worker-15: Building] INFO  o.a.m.s.f.DefaultMavenResourcesFiltering - Copying 1 resource from src\main\resources to target\classes
2025-07-16 17:28:38,746 [Worker-15: Building] INFO  o.a.m.s.f.DefaultMavenResourcesFiltering - Copying 0 resource from src\main\resources to target\classes
2025-07-16 17:28:38,748 [Worker-15: Building] INFO  o.a.m.s.f.DefaultMavenResourcesFiltering - skip non existing resourceDirectory D:\IQGateway\Module 21 - CPS\Microservices\customerclaimsqueries\src\test\resources
2025-07-16 17:29:30,461 [Worker-28: Building] INFO  o.a.m.s.f.DefaultMavenResourcesFiltering - Copying 1 resource from src\main\resources to target\classes
2025-07-16 17:29:30,467 [Worker-28: Building] INFO  o.a.m.s.f.DefaultMavenResourcesFiltering - Copying 0 resource from src\main\resources to target\classes
2025-07-16 17:29:30,468 [Worker-28: Building] INFO  o.a.m.s.f.DefaultMavenResourcesFiltering - skip non existing resourceDirectory D:\IQGateway\Module 21 - CPS\Microservices\customerclaimsqueries\src\test\resources
2025-07-16 17:34:43,595 [Worker-25: Building] INFO  o.a.m.s.f.DefaultMavenResourcesFiltering - Copying 1 resource from src\main\resources to target\classes
2025-07-16 17:34:43,604 [Worker-25: Building] INFO  o.a.m.s.f.DefaultMavenResourcesFiltering - Copying 0 resource from src\main\resources to target\classes
2025-07-16 17:34:43,609 [Worker-25: Building] INFO  o.a.m.s.f.DefaultMavenResourcesFiltering - skip non existing resourceDirectory D:\IQGateway\Module 21 - CPS\Microservices\customerclaimsqueries\src\test\resources
2025-07-16 17:34:55,130 [Worker-28: Building] INFO  o.a.m.s.f.DefaultMavenResourcesFiltering - Copying 1 resource from src\main\resources to target\classes
2025-07-16 17:34:55,136 [Worker-28: Building] INFO  o.a.m.s.f.DefaultMavenResourcesFiltering - Copying 0 resource from src\main\resources to target\classes
2025-07-16 17:34:55,138 [Worker-28: Building] INFO  o.a.m.s.f.DefaultMavenResourcesFiltering - skip non existing resourceDirectory D:\IQGateway\Module 21 - CPS\Microservices\customerclaimsqueries\src\test\resources
2025-07-16 17:37:41,055 [Worker-32: Building] INFO  o.a.m.s.f.DefaultMavenResourcesFiltering - Copying 1 resource from src\main\resources to target\classes
2025-07-16 17:37:41,060 [Worker-32: Building] INFO  o.a.m.s.f.DefaultMavenResourcesFiltering - Copying 0 resource from src\main\resources to target\classes
2025-07-16 17:37:41,061 [Worker-32: Building] INFO  o.a.m.s.f.DefaultMavenResourcesFiltering - skip non existing resourceDirectory D:\IQGateway\Module 21 - CPS\Microservices\customerclaimsqueries\src\test\resources
2025-07-16 17:38:25,013 [Worker-28: Building] INFO  o.a.m.s.f.DefaultMavenResourcesFiltering - Copying 1 resource from src\main\resources to target\classes
2025-07-16 17:38:25,022 [Worker-28: Building] INFO  o.a.m.s.f.DefaultMavenResourcesFiltering - Copying 0 resource from src\main\resources to target\classes
2025-07-16 17:38:25,025 [Worker-28: Building] INFO  o.a.m.s.f.DefaultMavenResourcesFiltering - skip non existing resourceDirectory D:\IQGateway\Module 21 - CPS\Microservices\customerclaimsqueries\src\test\resources
2025-07-16 17:52:47,874 [Worker-38: Building] INFO  o.a.m.s.f.DefaultMavenResourcesFiltering - Copying 1 resource from src\main\resources to target\classes
2025-07-16 17:52:47,882 [Worker-38: Building] INFO  o.a.m.s.f.DefaultMavenResourcesFiltering - Copying 0 resource from src\main\resources to target\classes
2025-07-16 17:52:47,885 [Worker-38: Building] INFO  o.a.m.s.f.DefaultMavenResourcesFiltering - skip non existing resourceDirectory D:\IQGateway\Module 21 - CPS\Microservices\customerclaims\src\test\resources
2025-07-16 17:53:41,300 [Worker-37: Building] INFO  o.a.m.s.f.DefaultMavenResourcesFiltering - Copying 1 resource from src\main\resources to target\classes
2025-07-16 17:53:41,305 [Worker-37: Building] INFO  o.a.m.s.f.DefaultMavenResourcesFiltering - Copying 0 resource from src\main\resources to target\classes
2025-07-16 17:53:41,306 [Worker-37: Building] INFO  o.a.m.s.f.DefaultMavenResourcesFiltering - skip non existing resourceDirectory D:\IQGateway\Module 21 - CPS\Microservices\customerclaimsqueries\src\test\resources
2025-07-16 17:54:36,684 [Worker-34: Building] INFO  o.a.m.s.f.DefaultMavenResourcesFiltering - Copying 1 resource from src\main\resources to target\classes
2025-07-16 17:54:36,688 [Worker-34: Building] INFO  o.a.m.s.f.DefaultMavenResourcesFiltering - Copying 0 resource from src\main\resources to target\classes
2025-07-16 17:54:36,689 [Worker-34: Building] INFO  o.a.m.s.f.DefaultMavenResourcesFiltering - skip non existing resourceDirectory D:\IQGateway\Module 21 - CPS\Microservices\customerclaimsqueries\src\test\resources
2025-07-16 17:55:26,073 [Worker-34: Building] INFO  o.a.m.s.f.DefaultMavenResourcesFiltering - Copying 1 resource from src\main\resources to target\classes
2025-07-16 17:55:26,076 [Worker-34: Building] INFO  o.a.m.s.f.DefaultMavenResourcesFiltering - Copying 0 resource from src\main\resources to target\classes
2025-07-16 17:55:26,078 [Worker-34: Building] INFO  o.a.m.s.f.DefaultMavenResourcesFiltering - skip non existing resourceDirectory D:\IQGateway\Module 21 - CPS\Microservices\customerclaimsqueries\src\test\resources
2025-07-16 17:55:42,731 [Worker-25: Building] INFO  o.a.m.s.f.DefaultMavenResourcesFiltering - Copying 1 resource from src\main\resources to target\classes
2025-07-16 17:55:42,734 [Worker-25: Building] INFO  o.a.m.s.f.DefaultMavenResourcesFiltering - Copying 0 resource from src\main\resources to target\classes
2025-07-16 17:55:42,736 [Worker-25: Building] INFO  o.a.m.s.f.DefaultMavenResourcesFiltering - skip non existing resourceDirectory D:\IQGateway\Module 21 - CPS\Microservices\customerclaimsqueries\src\test\resources
2025-07-16 17:56:32,967 [Worker-39: Building] INFO  o.a.m.s.f.DefaultMavenResourcesFiltering - Copying 1 resource from src\main\resources to target\classes
2025-07-16 17:56:32,977 [Worker-39: Building] INFO  o.a.m.s.f.DefaultMavenResourcesFiltering - Copying 0 resource from src\main\resources to target\classes
2025-07-16 17:56:32,979 [Worker-39: Building] INFO  o.a.m.s.f.DefaultMavenResourcesFiltering - skip non existing resourceDirectory D:\IQGateway\Module 21 - CPS\Microservices\customerclaimsqueries\src\test\resources
2025-07-16 17:57:54,291 [Worker-35: Building] INFO  o.a.m.s.f.DefaultMavenResourcesFiltering - Copying 1 resource from src\main\resources to target\classes
2025-07-16 17:57:54,298 [Worker-35: Building] INFO  o.a.m.s.f.DefaultMavenResourcesFiltering - Copying 0 resource from src\main\resources to target\classes
2025-07-16 17:57:54,299 [Worker-35: Building] INFO  o.a.m.s.f.DefaultMavenResourcesFiltering - skip non existing resourceDirectory D:\IQGateway\Module 21 - CPS\Microservices\customerclaimsqueries\src\test\resources
2025-07-16 17:58:00,353 [Worker-36: Building] INFO  o.a.m.s.f.DefaultMavenResourcesFiltering - Copying 1 resource from src\main\resources to target\classes
2025-07-16 17:58:00,357 [Worker-36: Building] INFO  o.a.m.s.f.DefaultMavenResourcesFiltering - Copying 0 resource from src\main\resources to target\classes
2025-07-16 17:58:00,358 [Worker-36: Building] INFO  o.a.m.s.f.DefaultMavenResourcesFiltering - skip non existing resourceDirectory D:\IQGateway\Module 21 - CPS\Microservices\customerclaimsqueries\src\test\resources
2025-07-16 17:59:02,420 [Worker-34: Building] INFO  o.a.m.s.f.DefaultMavenResourcesFiltering - Copying 1 resource from src\main\resources to target\classes
2025-07-16 17:59:02,433 [Worker-34: Building] INFO  o.a.m.s.f.DefaultMavenResourcesFiltering - Copying 0 resource from src\main\resources to target\classes
2025-07-16 17:59:02,437 [Worker-34: Building] INFO  o.a.m.s.f.DefaultMavenResourcesFiltering - skip non existing resourceDirectory D:\IQGateway\Module 21 - CPS\Microservices\customerclaimsqueries\src\test\resources
2025-07-16 18:01:26,365 [Worker-39: Building] INFO  o.a.m.s.f.DefaultMavenResourcesFiltering - Copying 1 resource from src\main\resources to target\classes
2025-07-16 18:01:26,369 [Worker-39: Building] INFO  o.a.m.s.f.DefaultMavenResourcesFiltering - Copying 0 resource from src\main\resources to target\classes
2025-07-16 18:01:26,370 [Worker-39: Building] INFO  o.a.m.s.f.DefaultMavenResourcesFiltering - skip non existing resourceDirectory D:\IQGateway\Module 21 - CPS\Microservices\customerclaimsqueries\src\test\resources
2025-07-16 18:01:31,829 [Worker-37: Building] INFO  o.a.m.s.f.DefaultMavenResourcesFiltering - Copying 1 resource from src\main\resources to target\classes
2025-07-16 18:01:31,832 [Worker-37: Building] INFO  o.a.m.s.f.DefaultMavenResourcesFiltering - Copying 0 resource from src\main\resources to target\classes
2025-07-16 18:01:31,834 [Worker-37: Building] INFO  o.a.m.s.f.DefaultMavenResourcesFiltering - skip non existing resourceDirectory D:\IQGateway\Module 21 - CPS\Microservices\customerclaimsqueries\src\test\resources
2025-07-16 18:01:59,907 [Worker-37: Building] INFO  o.a.m.s.f.DefaultMavenResourcesFiltering - Copying 1 resource from src\main\resources to target\classes
2025-07-16 18:01:59,911 [Worker-37: Building] INFO  o.a.m.s.f.DefaultMavenResourcesFiltering - Copying 0 resource from src\main\resources to target\classes
2025-07-16 18:01:59,912 [Worker-37: Building] INFO  o.a.m.s.f.DefaultMavenResourcesFiltering - skip non existing resourceDirectory D:\IQGateway\Module 21 - CPS\Microservices\customerclaimsqueries\src\test\resources
2025-07-16 18:02:15,288 [Worker-35: Building] INFO  o.a.m.s.f.DefaultMavenResourcesFiltering - Copying 1 resource from src\main\resources to target\classes
2025-07-16 18:02:15,293 [Worker-35: Building] INFO  o.a.m.s.f.DefaultMavenResourcesFiltering - Copying 0 resource from src\main\resources to target\classes
2025-07-16 18:02:15,295 [Worker-35: Building] INFO  o.a.m.s.f.DefaultMavenResourcesFiltering - skip non existing resourceDirectory D:\IQGateway\Module 21 - CPS\Microservices\customerclaimsqueries\src\test\resources
2025-07-16 18:03:32,744 [Worker-35: Building] INFO  o.a.m.s.f.DefaultMavenResourcesFiltering - Copying 1 resource from src\main\resources to target\classes
2025-07-16 18:03:32,754 [Worker-35: Building] INFO  o.a.m.s.f.DefaultMavenResourcesFiltering - Copying 0 resource from src\main\resources to target\classes
2025-07-16 18:03:32,758 [Worker-35: Building] INFO  o.a.m.s.f.DefaultMavenResourcesFiltering - skip non existing resourceDirectory D:\IQGateway\Module 21 - CPS\Microservices\customerclaimsqueries\src\test\resources
2025-07-16 18:03:42,534 [Worker-25: Building] INFO  o.a.m.s.f.DefaultMavenResourcesFiltering - Copying 1 resource from src\main\resources to target\classes
2025-07-16 18:03:42,538 [Worker-25: Building] INFO  o.a.m.s.f.DefaultMavenResourcesFiltering - Copying 0 resource from src\main\resources to target\classes
2025-07-16 18:03:42,539 [Worker-25: Building] INFO  o.a.m.s.f.DefaultMavenResourcesFiltering - skip non existing resourceDirectory D:\IQGateway\Module 21 - CPS\Microservices\customerclaimsqueries\src\test\resources
2025-07-16 18:03:48,779 [Worker-25: Building] INFO  o.a.m.s.f.DefaultMavenResourcesFiltering - Copying 1 resource from src\main\resources to target\classes
2025-07-16 18:03:48,785 [Worker-25: Building] INFO  o.a.m.s.f.DefaultMavenResourcesFiltering - Copying 0 resource from src\main\resources to target\classes
2025-07-16 18:03:48,786 [Worker-25: Building] INFO  o.a.m.s.f.DefaultMavenResourcesFiltering - skip non existing resourceDirectory D:\IQGateway\Module 21 - CPS\Microservices\customerclaimsqueries\src\test\resources
2025-07-16 18:04:39,944 [Worker-36: Building] INFO  o.a.m.s.f.DefaultMavenResourcesFiltering - Copying 1 resource from src\main\resources to target\classes
2025-07-16 18:04:39,947 [Worker-36: Building] INFO  o.a.m.s.f.DefaultMavenResourcesFiltering - Copying 0 resource from src\main\resources to target\classes
2025-07-16 18:04:39,949 [Worker-36: Building] INFO  o.a.m.s.f.DefaultMavenResourcesFiltering - skip non existing resourceDirectory D:\IQGateway\Module 21 - CPS\Microservices\customerclaimsqueries\src\test\resources
2025-07-16 18:04:49,395 [Worker-35: Building] INFO  o.a.m.s.f.DefaultMavenResourcesFiltering - Copying 1 resource from src\main\resources to target\classes
2025-07-16 18:04:49,399 [Worker-35: Building] INFO  o.a.m.s.f.DefaultMavenResourcesFiltering - Copying 0 resource from src\main\resources to target\classes
2025-07-16 18:04:49,400 [Worker-35: Building] INFO  o.a.m.s.f.DefaultMavenResourcesFiltering - skip non existing resourceDirectory D:\IQGateway\Module 21 - CPS\Microservices\customerclaimsqueries\src\test\resources
2025-07-16 18:08:24,695 [Worker-40: Building] INFO  o.a.m.s.f.DefaultMavenResourcesFiltering - Copying 1 resource from src\main\resources to target\classes
2025-07-16 18:08:24,701 [Worker-40: Building] INFO  o.a.m.s.f.DefaultMavenResourcesFiltering - Copying 0 resource from src\main\resources to target\classes
2025-07-16 18:08:24,702 [Worker-40: Building] INFO  o.a.m.s.f.DefaultMavenResourcesFiltering - skip non existing resourceDirectory D:\IQGateway\Module 21 - CPS\Microservices\customerclaimsqueries\src\test\resources
2025-07-16 18:09:28,168 [Worker-39: Building] INFO  o.a.m.s.f.DefaultMavenResourcesFiltering - Copying 1 resource from src\main\resources to target\classes
2025-07-16 18:09:28,174 [Worker-39: Building] INFO  o.a.m.s.f.DefaultMavenResourcesFiltering - Copying 0 resource from src\main\resources to target\classes
2025-07-16 18:09:28,176 [Worker-39: Building] INFO  o.a.m.s.f.DefaultMavenResourcesFiltering - skip non existing resourceDirectory D:\IQGateway\Module 21 - CPS\Microservices\customerclaimsqueries\src\test\resources
2025-07-16 18:09:33,401 [Worker-40: Building] INFO  o.a.m.s.f.DefaultMavenResourcesFiltering - Copying 1 resource from src\main\resources to target\classes
2025-07-16 18:09:33,406 [Worker-40: Building] INFO  o.a.m.s.f.DefaultMavenResourcesFiltering - Copying 0 resource from src\main\resources to target\classes
2025-07-16 18:09:33,408 [Worker-40: Building] INFO  o.a.m.s.f.DefaultMavenResourcesFiltering - skip non existing resourceDirectory D:\IQGateway\Module 21 - CPS\Microservices\customerclaimsqueries\src\test\resources
2025-07-16 18:09:35,920 [Worker-40: Building] INFO  o.a.m.s.f.DefaultMavenResourcesFiltering - Copying 1 resource from src\main\resources to target\classes
2025-07-16 18:09:35,924 [Worker-40: Building] INFO  o.a.m.s.f.DefaultMavenResourcesFiltering - Copying 0 resource from src\main\resources to target\classes
2025-07-16 18:09:35,925 [Worker-40: Building] INFO  o.a.m.s.f.DefaultMavenResourcesFiltering - skip non existing resourceDirectory D:\IQGateway\Module 21 - CPS\Microservices\customerclaimsqueries\src\test\resources
2025-07-16 18:10:58,425 [Worker-39: Building] INFO  o.a.m.s.f.DefaultMavenResourcesFiltering - Copying 1 resource from src\main\resources to target\classes
2025-07-16 18:10:58,431 [Worker-39: Building] INFO  o.a.m.s.f.DefaultMavenResourcesFiltering - Copying 0 resource from src\main\resources to target\classes
2025-07-16 18:10:58,432 [Worker-39: Building] INFO  o.a.m.s.f.DefaultMavenResourcesFiltering - skip non existing resourceDirectory D:\IQGateway\Module 21 - CPS\Microservices\customerclaimsqueries\src\test\resources
2025-07-16 18:14:07,274 [Worker-36: Building] INFO  o.a.m.s.f.DefaultMavenResourcesFiltering - Copying 1 resource from src\main\resources to target\classes
2025-07-16 18:14:07,279 [Worker-36: Building] INFO  o.a.m.s.f.DefaultMavenResourcesFiltering - Copying 0 resource from src\main\resources to target\classes
2025-07-16 18:14:07,281 [Worker-36: Building] INFO  o.a.m.s.f.DefaultMavenResourcesFiltering - skip non existing resourceDirectory D:\IQGateway\Module 21 - CPS\Microservices\customerclaimsqueries\src\test\resources
2025-07-16 18:14:53,509 [Worker-35: Building] INFO  o.a.m.s.f.DefaultMavenResourcesFiltering - Copying 1 resource from src\main\resources to target\classes
2025-07-16 18:14:53,516 [Worker-35: Building] INFO  o.a.m.s.f.DefaultMavenResourcesFiltering - Copying 0 resource from src\main\resources to target\classes
2025-07-16 18:14:53,517 [Worker-35: Building] INFO  o.a.m.s.f.DefaultMavenResourcesFiltering - skip non existing resourceDirectory D:\IQGateway\Module 21 - CPS\Microservices\customerclaimsqueries\src\test\resources
2025-07-16 18:16:28,053 [Worker-35: Building] INFO  o.a.m.s.f.DefaultMavenResourcesFiltering - Copying 1 resource from src\main\resources to target\classes
2025-07-16 18:16:28,058 [Worker-35: Building] INFO  o.a.m.s.f.DefaultMavenResourcesFiltering - Copying 0 resource from src\main\resources to target\classes
2025-07-16 18:16:28,060 [Worker-35: Building] INFO  o.a.m.s.f.DefaultMavenResourcesFiltering - skip non existing resourceDirectory D:\IQGateway\Module 21 - CPS\Microservices\customerclaimsqueries\src\test\resources
2025-07-16 18:16:40,404 [Worker-39: Building] INFO  o.a.m.s.f.DefaultMavenResourcesFiltering - Copying 1 resource from src\main\resources to target\classes
2025-07-16 18:16:40,408 [Worker-39: Building] INFO  o.a.m.s.f.DefaultMavenResourcesFiltering - Copying 0 resource from src\main\resources to target\classes
2025-07-16 18:16:40,410 [Worker-39: Building] INFO  o.a.m.s.f.DefaultMavenResourcesFiltering - skip non existing resourceDirectory D:\IQGateway\Module 21 - CPS\Microservices\customerclaimsqueries\src\test\resources
2025-07-16 18:19:01,620 [Worker-40: Building] INFO  o.a.m.s.f.DefaultMavenResourcesFiltering - Copying 1 resource from src\main\resources to target\classes
2025-07-16 18:19:01,626 [Worker-40: Building] INFO  o.a.m.s.f.DefaultMavenResourcesFiltering - Copying 0 resource from src\main\resources to target\classes
2025-07-16 18:19:01,628 [Worker-40: Building] INFO  o.a.m.s.f.DefaultMavenResourcesFiltering - skip non existing resourceDirectory D:\IQGateway\Module 21 - CPS\Microservices\customerclaimsqueries\src\test\resources
2025-07-16 18:19:29,559 [Worker-40: Building] INFO  o.a.m.s.f.DefaultMavenResourcesFiltering - Copying 1 resource from src\main\resources to target\classes
2025-07-16 18:19:29,564 [Worker-40: Building] INFO  o.a.m.s.f.DefaultMavenResourcesFiltering - Copying 0 resource from src\main\resources to target\classes
2025-07-16 18:19:29,565 [Worker-40: Building] INFO  o.a.m.s.f.DefaultMavenResourcesFiltering - skip non existing resourceDirectory D:\IQGateway\Module 21 - CPS\Microservices\customerclaimsqueries\src\test\resources
2025-07-16 18:20:24,992 [Worker-39: Building] INFO  o.a.m.s.f.DefaultMavenResourcesFiltering - Copying 1 resource from src\main\resources to target\classes
2025-07-16 18:20:24,996 [Worker-39: Building] INFO  o.a.m.s.f.DefaultMavenResourcesFiltering - Copying 0 resource from src\main\resources to target\classes
2025-07-16 18:20:24,998 [Worker-39: Building] INFO  o.a.m.s.f.DefaultMavenResourcesFiltering - skip non existing resourceDirectory D:\IQGateway\Module 21 - CPS\Microservices\customerclaimsqueries\src\test\resources
2025-07-16 18:21:05,969 [Worker-39: Building] INFO  o.a.m.s.f.DefaultMavenResourcesFiltering - Copying 1 resource from src\main\resources to target\classes
2025-07-16 18:21:05,973 [Worker-39: Building] INFO  o.a.m.s.f.DefaultMavenResourcesFiltering - Copying 0 resource from src\main\resources to target\classes
2025-07-16 18:21:05,975 [Worker-39: Building] INFO  o.a.m.s.f.DefaultMavenResourcesFiltering - skip non existing resourceDirectory D:\IQGateway\Module 21 - CPS\Microservices\customerclaimsqueries\src\test\resources
2025-07-16 18:21:15,785 [Worker-25: Building] INFO  o.a.m.s.f.DefaultMavenResourcesFiltering - Copying 1 resource from src\main\resources to target\classes
2025-07-16 18:21:15,789 [Worker-25: Building] INFO  o.a.m.s.f.DefaultMavenResourcesFiltering - Copying 0 resource from src\main\resources to target\classes
2025-07-16 18:21:15,791 [Worker-25: Building] INFO  o.a.m.s.f.DefaultMavenResourcesFiltering - skip non existing resourceDirectory D:\IQGateway\Module 21 - CPS\Microservices\customerclaimsqueries\src\test\resources
2025-07-16 18:22:09,943 [Worker-40: Building] INFO  o.a.m.s.f.DefaultMavenResourcesFiltering - Copying 1 resource from src\main\resources to target\classes
2025-07-16 18:22:09,946 [Worker-40: Building] INFO  o.a.m.s.f.DefaultMavenResourcesFiltering - Copying 0 resource from src\main\resources to target\classes
2025-07-16 18:22:09,948 [Worker-40: Building] INFO  o.a.m.s.f.DefaultMavenResourcesFiltering - skip non existing resourceDirectory D:\IQGateway\Module 21 - CPS\Microservices\customerclaimsqueries\src\test\resources
2025-07-16 18:22:52,111 [Worker-42: Building] INFO  o.a.m.s.f.DefaultMavenResourcesFiltering - Copying 1 resource from src\main\resources to target\classes
2025-07-16 18:22:52,117 [Worker-42: Building] INFO  o.a.m.s.f.DefaultMavenResourcesFiltering - Copying 0 resource from src\main\resources to target\classes
2025-07-16 18:22:52,118 [Worker-42: Building] INFO  o.a.m.s.f.DefaultMavenResourcesFiltering - skip non existing resourceDirectory D:\IQGateway\Module 21 - CPS\Microservices\customerclaimsqueries\src\test\resources
2025-07-16 18:27:24,796 [Worker-39: Building] INFO  o.a.m.s.f.DefaultMavenResourcesFiltering - Copying 1 resource from src\main\resources to target\classes
2025-07-16 18:27:24,802 [Worker-39: Building] INFO  o.a.m.s.f.DefaultMavenResourcesFiltering - Copying 0 resource from src\main\resources to target\classes
2025-07-16 18:27:24,804 [Worker-39: Building] INFO  o.a.m.s.f.DefaultMavenResourcesFiltering - skip non existing resourceDirectory D:\IQGateway\Module 21 - CPS\Microservices\customerclaimsqueries\src\test\resources
2025-07-16 18:35:26,681 [Worker-44: Building] INFO  o.a.m.s.f.DefaultMavenResourcesFiltering - Copying 1 resource from src\main\resources to target\classes
2025-07-16 18:35:26,686 [Worker-44: Building] INFO  o.a.m.s.f.DefaultMavenResourcesFiltering - Copying 0 resource from src\main\resources to target\classes
2025-07-16 18:35:26,688 [Worker-44: Building] INFO  o.a.m.s.f.DefaultMavenResourcesFiltering - skip non existing resourceDirectory D:\IQGateway\Module 21 - CPS\Microservices\customerclaimsqueries\src\test\resources
2025-07-16 18:39:26,530 [Worker-43: Building] INFO  o.a.m.s.f.DefaultMavenResourcesFiltering - Copying 1 resource from src\main\resources to target\classes
2025-07-16 18:39:26,538 [Worker-43: Building] INFO  o.a.m.s.f.DefaultMavenResourcesFiltering - Copying 0 resource from src\main\resources to target\classes
2025-07-16 18:39:26,541 [Worker-43: Building] INFO  o.a.m.s.f.DefaultMavenResourcesFiltering - skip non existing resourceDirectory D:\IQGateway\Module 21 - CPS\Microservices\customerclaimsqueries\src\test\resources
2025-07-16 18:44:23,572 [Worker-43: Building] INFO  o.a.m.s.f.DefaultMavenResourcesFiltering - Copying 1 resource from src\main\resources to target\classes
2025-07-16 18:44:23,578 [Worker-43: Building] INFO  o.a.m.s.f.DefaultMavenResourcesFiltering - Copying 0 resource from src\main\resources to target\classes
2025-07-16 18:44:23,580 [Worker-43: Building] INFO  o.a.m.s.f.DefaultMavenResourcesFiltering - skip non existing resourceDirectory D:\IQGateway\Module 21 - CPS\Microservices\customerclaimsqueries\src\test\resources
2025-07-16 18:44:48,353 [Worker-39: Building] INFO  o.a.m.s.f.DefaultMavenResourcesFiltering - Copying 1 resource from src\main\resources to target\classes
2025-07-16 18:44:48,373 [Worker-39: Building] INFO  o.a.m.s.f.DefaultMavenResourcesFiltering - Copying 0 resource from src\main\resources to target\classes
2025-07-16 18:44:48,380 [Worker-39: Building] INFO  o.a.m.s.f.DefaultMavenResourcesFiltering - skip non existing resourceDirectory D:\IQGateway\Module 21 - CPS\Microservices\customerclaimsqueries\src\test\resources
2025-07-16 18:44:58,921 [Worker-42: Building] INFO  o.a.m.s.f.DefaultMavenResourcesFiltering - Copying 1 resource from src\main\resources to target\classes
2025-07-16 18:44:58,926 [Worker-42: Building] INFO  o.a.m.s.f.DefaultMavenResourcesFiltering - Copying 0 resource from src\main\resources to target\classes
2025-07-16 18:44:58,928 [Worker-42: Building] INFO  o.a.m.s.f.DefaultMavenResourcesFiltering - skip non existing resourceDirectory D:\IQGateway\Module 21 - CPS\Microservices\customerclaimsqueries\src\test\resources
2025-07-17 09:41:36,665 [Worker-2: Loading available Gradle versions] INFO  o.e.b.c.i.u.g.PublishedGradleVersions - Gradle version information cache is up-to-date. Trying to read.
2025-07-17 09:44:30,761 [Worker-16: Import Getting Started Content] INFO  o.e.m.c.i.l.LifecycleMappingFactory - Using org.eclipse.m2e.jdt.JarLifecycleMapping lifecycle mapping for MavenProject: com.cps:inusrermanageusers:0.0.1-SNAPSHOT @ D:\IQGateway\Module 21 - CPS\Microservices\inusrermanageusers\pom.xml.
2025-07-17 09:44:32,743 [Worker-16: Import Getting Started Content] INFO  o.e.m.j.i.AbstractJavaProjectConfigurator - Adding source folder /inusrermanageusers/src/main/java
2025-07-17 09:44:32,745 [Worker-16: Import Getting Started Content] INFO  o.e.m.j.i.AbstractJavaProjectConfigurator - Adding resource folder /inusrermanageusers/src/main/resources
2025-07-17 09:44:32,750 [Worker-16: Import Getting Started Content] INFO  o.e.m.j.i.AbstractJavaProjectConfigurator - Adding resource folder /inusrermanageusers/src/main/resources
2025-07-17 09:44:32,755 [Worker-16: Import Getting Started Content] INFO  o.e.m.j.i.AbstractJavaProjectConfigurator - Adding source folder /inusrermanageusers/src/test/java
2025-07-17 09:44:32,756 [Worker-16: Import Getting Started Content] INFO  o.e.m.j.i.AbstractJavaProjectConfigurator - Adding resource folder /inusrermanageusers/src/test/resources
2025-07-17 09:44:33,118 [Worker-16: Import Getting Started Content] INFO  o.e.m.c.i.p.ProjectConfigurationManager - Imported and configured 1 project(s) in 3 sec
2025-07-17 09:44:33,123 [Worker-16: Import Getting Started Content] INFO  o.e.m.c.i.p.ProjectConfigurationManager - Update started
2025-07-17 09:44:33,473 [Worker-16: Import Getting Started Content] INFO  o.e.m.c.i.l.LifecycleMappingFactory - Using org.eclipse.m2e.jdt.JarLifecycleMapping lifecycle mapping for MavenProject: com.cps:inusrermanageusers:0.0.1-SNAPSHOT @ D:\IQGateway\Module 21 - CPS\Microservices\inusrermanageusers\pom.xml.
2025-07-17 09:44:34,058 [Worker-16: Import Getting Started Content] INFO  o.e.m.j.i.AbstractJavaProjectConfigurator - Adding source folder /inusrermanageusers/src/main/java
2025-07-17 09:44:34,058 [Worker-16: Import Getting Started Content] INFO  o.e.m.j.i.AbstractJavaProjectConfigurator - Adding resource folder /inusrermanageusers/src/main/resources
2025-07-17 09:44:34,059 [Worker-16: Import Getting Started Content] INFO  o.e.m.j.i.AbstractJavaProjectConfigurator - Adding resource folder /inusrermanageusers/src/main/resources
2025-07-17 09:44:34,059 [Worker-16: Import Getting Started Content] INFO  o.e.m.j.i.AbstractJavaProjectConfigurator - Adding source folder /inusrermanageusers/src/test/java
2025-07-17 09:44:34,060 [Worker-16: Import Getting Started Content] INFO  o.e.m.j.i.AbstractJavaProjectConfigurator - Adding resource folder /inusrermanageusers/src/test/resources
2025-07-17 09:44:34,427 [Worker-16: Import Getting Started Content] INFO  o.e.m.c.i.p.ProjectConfigurationManager - Update completed for 1 poms: local refresh takes 0.00 sec, refresh facades takes 0.00 sec, update config takes 0.00 sec 
2025-07-17 09:44:34,967 [Worker-2: Building] INFO  o.a.m.s.f.DefaultMavenResourcesFiltering - Copying 1 resource from src\main\resources to target\classes
2025-07-17 09:44:34,980 [Worker-2: Building] INFO  o.a.m.s.f.DefaultMavenResourcesFiltering - Copying 0 resource from src\main\resources to target\classes
2025-07-17 09:44:34,983 [Worker-2: Building] INFO  o.a.m.s.f.DefaultMavenResourcesFiltering - skip non existing resourceDirectory D:\IQGateway\Module 21 - CPS\Microservices\inusrermanageusers\src\test\resources
2025-07-17 09:45:00,255 [Worker-5: Building] INFO  o.a.m.s.f.DefaultMavenResourcesFiltering - Copying 1 resource from src\main\resources to target\classes
2025-07-17 09:45:00,266 [Worker-5: Building] INFO  o.a.m.s.f.DefaultMavenResourcesFiltering - Copying 0 resource from src\main\resources to target\classes
2025-07-17 09:45:00,270 [Worker-5: Building] INFO  o.a.m.s.f.DefaultMavenResourcesFiltering - skip non existing resourceDirectory D:\IQGateway\Module 21 - CPS\Microservices\inusrermanageusers\src\test\resources
2025-07-17 09:45:46,071 [Worker-4: Building] INFO  o.e.m.c.i.l.LifecycleMappingFactory - Using org.eclipse.m2e.jdt.JarLifecycleMapping lifecycle mapping for MavenProject: com.cps:inusrermanageusers:0.0.1-SNAPSHOT @ D:\IQGateway\Module 21 - CPS\Microservices\inusrermanageusers\pom.xml.
2025-07-17 09:45:46,805 [Worker-4: Building] INFO  o.a.m.s.f.DefaultMavenResourcesFiltering - Copying 0 resource from src\main\resources to target\classes
2025-07-17 09:45:46,807 [Worker-4: Building] INFO  o.a.m.s.f.DefaultMavenResourcesFiltering - Copying 0 resource from src\main\resources to target\classes
2025-07-17 09:45:46,810 [Worker-4: Building] INFO  o.a.m.s.f.DefaultMavenResourcesFiltering - skip non existing resourceDirectory D:\IQGateway\Module 21 - CPS\Microservices\inusrermanageusers\src\test\resources
2025-07-17 09:45:59,216 [Worker-5: Updating Maven Project] INFO  o.e.m.c.i.p.ProjectConfigurationManager - Update started
2025-07-17 09:45:59,561 [Worker-5: Updating Maven Project] INFO  o.e.m.c.i.l.LifecycleMappingFactory - Using org.eclipse.m2e.jdt.JarLifecycleMapping lifecycle mapping for MavenProject: com.cps:inusrermanageusers:0.0.1-SNAPSHOT @ D:\IQGateway\Module 21 - CPS\Microservices\inusrermanageusers\pom.xml.
2025-07-17 09:46:00,040 [Worker-5: Updating Maven Project] INFO  o.e.m.j.i.AbstractJavaProjectConfigurator - Adding source folder /inusrermanageusers/src/main/java
2025-07-17 09:46:00,040 [Worker-5: Updating Maven Project] INFO  o.e.m.j.i.AbstractJavaProjectConfigurator - Adding resource folder /inusrermanageusers/src/main/resources
2025-07-17 09:46:00,041 [Worker-5: Updating Maven Project] INFO  o.e.m.j.i.AbstractJavaProjectConfigurator - Adding resource folder /inusrermanageusers/src/main/resources
2025-07-17 09:46:00,041 [Worker-5: Updating Maven Project] INFO  o.e.m.j.i.AbstractJavaProjectConfigurator - Adding source folder /inusrermanageusers/src/test/java
2025-07-17 09:46:00,041 [Worker-5: Updating Maven Project] INFO  o.e.m.j.i.AbstractJavaProjectConfigurator - Adding resource folder /inusrermanageusers/src/test/resources
2025-07-17 09:46:00,276 [Worker-5: Updating Maven Project] INFO  o.e.m.c.i.p.ProjectConfigurationManager - Update completed for 1 poms: local refresh takes 0.00 sec, refresh facades takes 0.00 sec, update config takes 0.00 sec 
2025-07-17 09:46:00,574 [Worker-6: Building] INFO  o.a.m.s.f.DefaultMavenResourcesFiltering - Copying 1 resource from src\main\resources to target\classes
2025-07-17 09:46:00,584 [Worker-6: Building] INFO  o.a.m.s.f.DefaultMavenResourcesFiltering - Copying 0 resource from src\main\resources to target\classes
2025-07-17 09:46:00,587 [Worker-6: Building] INFO  o.a.m.s.f.DefaultMavenResourcesFiltering - skip non existing resourceDirectory D:\IQGateway\Module 21 - CPS\Microservices\inusrermanageusers\src\test\resources
2025-07-17 09:53:51,657 [Worker-17: Building] INFO  o.a.m.s.f.DefaultMavenResourcesFiltering - Copying 1 resource from src\main\resources to target\classes
2025-07-17 09:53:51,669 [Worker-17: Building] INFO  o.a.m.s.f.DefaultMavenResourcesFiltering - Copying 0 resource from src\main\resources to target\classes
2025-07-17 09:53:51,673 [Worker-17: Building] INFO  o.a.m.s.f.DefaultMavenResourcesFiltering - skip non existing resourceDirectory D:\IQGateway\Module 21 - CPS\Microservices\inusrermanageusers\src\test\resources
2025-07-17 09:54:32,938 [Worker-0: Building] INFO  o.a.m.s.f.DefaultMavenResourcesFiltering - Copying 1 resource from src\main\resources to target\classes
2025-07-17 09:54:32,955 [Worker-0: Building] INFO  o.a.m.s.f.DefaultMavenResourcesFiltering - Copying 0 resource from src\main\resources to target\classes
2025-07-17 09:54:32,964 [Worker-0: Building] INFO  o.a.m.s.f.DefaultMavenResourcesFiltering - skip non existing resourceDirectory D:\IQGateway\Module 21 - CPS\Microservices\inusrermanageusers\src\test\resources
2025-07-17 09:55:16,170 [Worker-7: Building] INFO  o.a.m.s.f.DefaultMavenResourcesFiltering - Copying 1 resource from src\main\resources to target\classes
2025-07-17 09:55:16,176 [Worker-7: Building] INFO  o.a.m.s.f.DefaultMavenResourcesFiltering - Copying 0 resource from src\main\resources to target\classes
2025-07-17 09:55:16,178 [Worker-7: Building] INFO  o.a.m.s.f.DefaultMavenResourcesFiltering - skip non existing resourceDirectory D:\IQGateway\Module 21 - CPS\Microservices\inusrermanageusers\src\test\resources
2025-07-17 09:55:58,216 [Worker-13: Building] INFO  o.a.m.s.f.DefaultMavenResourcesFiltering - Copying 1 resource from src\main\resources to target\classes
2025-07-17 09:55:58,222 [Worker-13: Building] INFO  o.a.m.s.f.DefaultMavenResourcesFiltering - Copying 0 resource from src\main\resources to target\classes
2025-07-17 09:55:58,224 [Worker-13: Building] INFO  o.a.m.s.f.DefaultMavenResourcesFiltering - skip non existing resourceDirectory D:\IQGateway\Module 21 - CPS\Microservices\inusrermanageusers\src\test\resources
2025-07-17 09:56:38,419 [Worker-19: Building] INFO  o.a.m.s.f.DefaultMavenResourcesFiltering - Copying 1 resource from src\main\resources to target\classes
2025-07-17 09:56:38,425 [Worker-19: Building] INFO  o.a.m.s.f.DefaultMavenResourcesFiltering - Copying 0 resource from src\main\resources to target\classes
2025-07-17 09:56:38,429 [Worker-19: Building] INFO  o.a.m.s.f.DefaultMavenResourcesFiltering - skip non existing resourceDirectory D:\IQGateway\Module 21 - CPS\Microservices\inusrermanageusers\src\test\resources
2025-07-17 09:57:09,244 [Worker-0: Building] INFO  o.a.m.s.f.DefaultMavenResourcesFiltering - Copying 1 resource from src\main\resources to target\classes
2025-07-17 09:57:09,248 [Worker-0: Building] INFO  o.a.m.s.f.DefaultMavenResourcesFiltering - Copying 0 resource from src\main\resources to target\classes
2025-07-17 09:57:09,250 [Worker-0: Building] INFO  o.a.m.s.f.DefaultMavenResourcesFiltering - skip non existing resourceDirectory D:\IQGateway\Module 21 - CPS\Microservices\inusrermanageusers\src\test\resources
2025-07-17 09:57:39,912 [Worker-7: Building] INFO  o.a.m.s.f.DefaultMavenResourcesFiltering - Copying 1 resource from src\main\resources to target\classes
2025-07-17 09:57:39,918 [Worker-7: Building] INFO  o.a.m.s.f.DefaultMavenResourcesFiltering - Copying 0 resource from src\main\resources to target\classes
2025-07-17 09:57:39,920 [Worker-7: Building] INFO  o.a.m.s.f.DefaultMavenResourcesFiltering - skip non existing resourceDirectory D:\IQGateway\Module 21 - CPS\Microservices\inusrermanageusers\src\test\resources
2025-07-17 09:58:05,817 [Worker-19: Building] INFO  o.a.m.s.f.DefaultMavenResourcesFiltering - Copying 1 resource from src\main\resources to target\classes
2025-07-17 09:58:05,824 [Worker-19: Building] INFO  o.a.m.s.f.DefaultMavenResourcesFiltering - Copying 0 resource from src\main\resources to target\classes
2025-07-17 09:58:05,826 [Worker-19: Building] INFO  o.a.m.s.f.DefaultMavenResourcesFiltering - skip non existing resourceDirectory D:\IQGateway\Module 21 - CPS\Microservices\inusrermanageusers\src\test\resources
2025-07-17 09:58:28,123 [Worker-7: Building] INFO  o.a.m.s.f.DefaultMavenResourcesFiltering - Copying 1 resource from src\main\resources to target\classes
2025-07-17 09:58:28,128 [Worker-7: Building] INFO  o.a.m.s.f.DefaultMavenResourcesFiltering - Copying 0 resource from src\main\resources to target\classes
2025-07-17 09:58:28,130 [Worker-7: Building] INFO  o.a.m.s.f.DefaultMavenResourcesFiltering - skip non existing resourceDirectory D:\IQGateway\Module 21 - CPS\Microservices\inusrermanageusers\src\test\resources
2025-07-17 09:58:33,479 [Worker-19: Building] INFO  o.a.m.s.f.DefaultMavenResourcesFiltering - Copying 1 resource from src\main\resources to target\classes
2025-07-17 09:58:33,485 [Worker-19: Building] INFO  o.a.m.s.f.DefaultMavenResourcesFiltering - Copying 0 resource from src\main\resources to target\classes
2025-07-17 09:58:33,489 [Worker-19: Building] INFO  o.a.m.s.f.DefaultMavenResourcesFiltering - skip non existing resourceDirectory D:\IQGateway\Module 21 - CPS\Microservices\inusrermanageusers\src\test\resources
2025-07-17 09:58:48,465 [Worker-0: Building] INFO  o.a.m.s.f.DefaultMavenResourcesFiltering - Copying 1 resource from src\main\resources to target\classes
2025-07-17 09:58:48,470 [Worker-0: Building] INFO  o.a.m.s.f.DefaultMavenResourcesFiltering - Copying 0 resource from src\main\resources to target\classes
2025-07-17 09:58:48,474 [Worker-0: Building] INFO  o.a.m.s.f.DefaultMavenResourcesFiltering - skip non existing resourceDirectory D:\IQGateway\Module 21 - CPS\Microservices\inusrermanageusers\src\test\resources
2025-07-17 09:59:25,702 [Worker-19: Building] INFO  o.a.m.s.f.DefaultMavenResourcesFiltering - Copying 1 resource from src\main\resources to target\classes
2025-07-17 09:59:25,707 [Worker-19: Building] INFO  o.a.m.s.f.DefaultMavenResourcesFiltering - Copying 0 resource from src\main\resources to target\classes
2025-07-17 09:59:25,709 [Worker-19: Building] INFO  o.a.m.s.f.DefaultMavenResourcesFiltering - skip non existing resourceDirectory D:\IQGateway\Module 21 - CPS\Microservices\inusrermanageusers\src\test\resources
2025-07-17 09:59:50,497 [Worker-19: Building] INFO  o.a.m.s.f.DefaultMavenResourcesFiltering - Copying 1 resource from src\main\resources to target\classes
2025-07-17 09:59:50,507 [Worker-19: Building] INFO  o.a.m.s.f.DefaultMavenResourcesFiltering - Copying 0 resource from src\main\resources to target\classes
2025-07-17 09:59:50,509 [Worker-19: Building] INFO  o.a.m.s.f.DefaultMavenResourcesFiltering - skip non existing resourceDirectory D:\IQGateway\Module 21 - CPS\Microservices\inusrermanageusers\src\test\resources
2025-07-17 10:00:01,864 [Worker-7: Building] INFO  o.a.m.s.f.DefaultMavenResourcesFiltering - Copying 1 resource from src\main\resources to target\classes
2025-07-17 10:00:01,870 [Worker-7: Building] INFO  o.a.m.s.f.DefaultMavenResourcesFiltering - Copying 0 resource from src\main\resources to target\classes
2025-07-17 10:00:01,872 [Worker-7: Building] INFO  o.a.m.s.f.DefaultMavenResourcesFiltering - skip non existing resourceDirectory D:\IQGateway\Module 21 - CPS\Microservices\inusrermanageusers\src\test\resources
2025-07-17 10:00:12,209 [Worker-0: Building] INFO  o.a.m.s.f.DefaultMavenResourcesFiltering - Copying 1 resource from src\main\resources to target\classes
2025-07-17 10:00:12,214 [Worker-0: Building] INFO  o.a.m.s.f.DefaultMavenResourcesFiltering - Copying 0 resource from src\main\resources to target\classes
2025-07-17 10:00:12,218 [Worker-0: Building] INFO  o.a.m.s.f.DefaultMavenResourcesFiltering - skip non existing resourceDirectory D:\IQGateway\Module 21 - CPS\Microservices\inusrermanageusers\src\test\resources
2025-07-17 10:02:00,055 [Worker-13: Building] INFO  o.a.m.s.f.DefaultMavenResourcesFiltering - Copying 1 resource from src\main\resources to target\classes
2025-07-17 10:02:00,060 [Worker-13: Building] INFO  o.a.m.s.f.DefaultMavenResourcesFiltering - Copying 0 resource from src\main\resources to target\classes
2025-07-17 10:02:00,065 [Worker-13: Building] INFO  o.a.m.s.f.DefaultMavenResourcesFiltering - skip non existing resourceDirectory D:\IQGateway\Module 21 - CPS\Microservices\inusrermanageusers\src\test\resources
2025-07-17 10:02:15,622 [Worker-0: Building] INFO  o.a.m.s.f.DefaultMavenResourcesFiltering - Copying 1 resource from src\main\resources to target\classes
2025-07-17 10:02:15,629 [Worker-0: Building] INFO  o.a.m.s.f.DefaultMavenResourcesFiltering - Copying 0 resource from src\main\resources to target\classes
2025-07-17 10:02:15,631 [Worker-0: Building] INFO  o.a.m.s.f.DefaultMavenResourcesFiltering - skip non existing resourceDirectory D:\IQGateway\Module 21 - CPS\Microservices\inusrermanageusers\src\test\resources
2025-07-17 10:02:25,789 [Worker-13: Building] INFO  o.a.m.s.f.DefaultMavenResourcesFiltering - Copying 1 resource from src\main\resources to target\classes
2025-07-17 10:02:25,796 [Worker-13: Building] INFO  o.a.m.s.f.DefaultMavenResourcesFiltering - Copying 0 resource from src\main\resources to target\classes
2025-07-17 10:02:25,801 [Worker-13: Building] INFO  o.a.m.s.f.DefaultMavenResourcesFiltering - skip non existing resourceDirectory D:\IQGateway\Module 21 - CPS\Microservices\inusrermanageusers\src\test\resources
2025-07-17 10:02:33,261 [Worker-19: Building] INFO  o.a.m.s.f.DefaultMavenResourcesFiltering - Copying 1 resource from src\main\resources to target\classes
2025-07-17 10:02:33,267 [Worker-19: Building] INFO  o.a.m.s.f.DefaultMavenResourcesFiltering - Copying 0 resource from src\main\resources to target\classes
2025-07-17 10:02:33,270 [Worker-19: Building] INFO  o.a.m.s.f.DefaultMavenResourcesFiltering - skip non existing resourceDirectory D:\IQGateway\Module 21 - CPS\Microservices\inusrermanageusers\src\test\resources
2025-07-17 10:02:47,781 [Worker-19: Building] INFO  o.a.m.s.f.DefaultMavenResourcesFiltering - Copying 1 resource from src\main\resources to target\classes
2025-07-17 10:02:47,792 [Worker-19: Building] INFO  o.a.m.s.f.DefaultMavenResourcesFiltering - Copying 0 resource from src\main\resources to target\classes
2025-07-17 10:02:47,795 [Worker-19: Building] INFO  o.a.m.s.f.DefaultMavenResourcesFiltering - skip non existing resourceDirectory D:\IQGateway\Module 21 - CPS\Microservices\inusrermanageusers\src\test\resources
2025-07-17 10:03:05,155 [Worker-17: Building] INFO  o.a.m.s.f.DefaultMavenResourcesFiltering - Copying 1 resource from src\main\resources to target\classes
2025-07-17 10:03:05,215 [Worker-17: Building] INFO  o.a.m.s.f.DefaultMavenResourcesFiltering - Copying 0 resource from src\main\resources to target\classes
2025-07-17 10:03:05,235 [Worker-17: Building] INFO  o.a.m.s.f.DefaultMavenResourcesFiltering - skip non existing resourceDirectory D:\IQGateway\Module 21 - CPS\Microservices\inusrermanageusers\src\test\resources
2025-07-17 10:03:13,450 [Worker-19: Building] INFO  o.a.m.s.f.DefaultMavenResourcesFiltering - Copying 1 resource from src\main\resources to target\classes
2025-07-17 10:03:13,458 [Worker-19: Building] INFO  o.a.m.s.f.DefaultMavenResourcesFiltering - Copying 0 resource from src\main\resources to target\classes
2025-07-17 10:03:13,460 [Worker-19: Building] INFO  o.a.m.s.f.DefaultMavenResourcesFiltering - skip non existing resourceDirectory D:\IQGateway\Module 21 - CPS\Microservices\inusrermanageusers\src\test\resources
2025-07-17 10:03:18,445 [Worker-20: Building] INFO  o.a.m.s.f.DefaultMavenResourcesFiltering - Copying 1 resource from src\main\resources to target\classes
2025-07-17 10:03:18,452 [Worker-20: Building] INFO  o.a.m.s.f.DefaultMavenResourcesFiltering - Copying 0 resource from src\main\resources to target\classes
2025-07-17 10:03:18,454 [Worker-20: Building] INFO  o.a.m.s.f.DefaultMavenResourcesFiltering - skip non existing resourceDirectory D:\IQGateway\Module 21 - CPS\Microservices\inusrermanageusers\src\test\resources
2025-07-17 10:03:25,011 [Worker-17: Building] INFO  o.a.m.s.f.DefaultMavenResourcesFiltering - Copying 1 resource from src\main\resources to target\classes
2025-07-17 10:03:25,023 [Worker-17: Building] INFO  o.a.m.s.f.DefaultMavenResourcesFiltering - Copying 0 resource from src\main\resources to target\classes
2025-07-17 10:03:25,026 [Worker-17: Building] INFO  o.a.m.s.f.DefaultMavenResourcesFiltering - skip non existing resourceDirectory D:\IQGateway\Module 21 - CPS\Microservices\inusrermanageusers\src\test\resources
2025-07-17 10:03:41,576 [Worker-0: Building] INFO  o.a.m.s.f.DefaultMavenResourcesFiltering - Copying 1 resource from src\main\resources to target\classes
2025-07-17 10:03:41,583 [Worker-0: Building] INFO  o.a.m.s.f.DefaultMavenResourcesFiltering - Copying 0 resource from src\main\resources to target\classes
2025-07-17 10:03:41,585 [Worker-0: Building] INFO  o.a.m.s.f.DefaultMavenResourcesFiltering - skip non existing resourceDirectory D:\IQGateway\Module 21 - CPS\Microservices\inusrermanageusers\src\test\resources
2025-07-17 10:04:01,661 [Worker-17: Building] INFO  o.a.m.s.f.DefaultMavenResourcesFiltering - Copying 1 resource from src\main\resources to target\classes
2025-07-17 10:04:01,675 [Worker-17: Building] INFO  o.a.m.s.f.DefaultMavenResourcesFiltering - Copying 0 resource from src\main\resources to target\classes
2025-07-17 10:04:01,678 [Worker-17: Building] INFO  o.a.m.s.f.DefaultMavenResourcesFiltering - skip non existing resourceDirectory D:\IQGateway\Module 21 - CPS\Microservices\inusrermanageusers\src\test\resources
2025-07-17 10:04:08,298 [Worker-17: Building] INFO  o.a.m.s.f.DefaultMavenResourcesFiltering - Copying 1 resource from src\main\resources to target\classes
2025-07-17 10:04:08,303 [Worker-17: Building] INFO  o.a.m.s.f.DefaultMavenResourcesFiltering - Copying 0 resource from src\main\resources to target\classes
2025-07-17 10:04:08,305 [Worker-17: Building] INFO  o.a.m.s.f.DefaultMavenResourcesFiltering - skip non existing resourceDirectory D:\IQGateway\Module 21 - CPS\Microservices\inusrermanageusers\src\test\resources
2025-07-17 10:04:11,065 [Worker-18: Building] INFO  o.a.m.s.f.DefaultMavenResourcesFiltering - Copying 1 resource from src\main\resources to target\classes
2025-07-17 10:04:11,069 [Worker-18: Building] INFO  o.a.m.s.f.DefaultMavenResourcesFiltering - Copying 0 resource from src\main\resources to target\classes
2025-07-17 10:04:11,072 [Worker-18: Building] INFO  o.a.m.s.f.DefaultMavenResourcesFiltering - skip non existing resourceDirectory D:\IQGateway\Module 21 - CPS\Microservices\inusrermanageusers\src\test\resources
2025-07-17 10:04:17,746 [Worker-13: Building] INFO  o.a.m.s.f.DefaultMavenResourcesFiltering - Copying 1 resource from src\main\resources to target\classes
2025-07-17 10:04:17,751 [Worker-13: Building] INFO  o.a.m.s.f.DefaultMavenResourcesFiltering - Copying 0 resource from src\main\resources to target\classes
2025-07-17 10:04:17,753 [Worker-13: Building] INFO  o.a.m.s.f.DefaultMavenResourcesFiltering - skip non existing resourceDirectory D:\IQGateway\Module 21 - CPS\Microservices\inusrermanageusers\src\test\resources
2025-07-17 10:04:49,641 [Worker-20: Building] INFO  o.a.m.s.f.DefaultMavenResourcesFiltering - Copying 1 resource from src\main\resources to target\classes
2025-07-17 10:04:49,647 [Worker-20: Building] INFO  o.a.m.s.f.DefaultMavenResourcesFiltering - Copying 0 resource from src\main\resources to target\classes
2025-07-17 10:04:49,649 [Worker-20: Building] INFO  o.a.m.s.f.DefaultMavenResourcesFiltering - skip non existing resourceDirectory D:\IQGateway\Module 21 - CPS\Microservices\inusrermanageusers\src\test\resources
2025-07-17 10:07:12,264 [Worker-13: Building] INFO  o.a.m.s.f.DefaultMavenResourcesFiltering - Copying 1 resource from src\main\resources to target\classes
2025-07-17 10:07:12,269 [Worker-13: Building] INFO  o.a.m.s.f.DefaultMavenResourcesFiltering - Copying 0 resource from src\main\resources to target\classes
2025-07-17 10:07:12,271 [Worker-13: Building] INFO  o.a.m.s.f.DefaultMavenResourcesFiltering - skip non existing resourceDirectory D:\IQGateway\Module 21 - CPS\Microservices\inusrermanageusers\src\test\resources
2025-07-17 10:07:29,157 [Worker-21: Building] INFO  o.a.m.s.f.DefaultMavenResourcesFiltering - Copying 1 resource from src\main\resources to target\classes
2025-07-17 10:07:29,164 [Worker-21: Building] INFO  o.a.m.s.f.DefaultMavenResourcesFiltering - Copying 0 resource from src\main\resources to target\classes
2025-07-17 10:07:29,166 [Worker-21: Building] INFO  o.a.m.s.f.DefaultMavenResourcesFiltering - skip non existing resourceDirectory D:\IQGateway\Module 21 - CPS\Microservices\inusrermanageusers\src\test\resources
2025-07-17 10:08:07,120 [Worker-13: Building] INFO  o.a.m.s.f.DefaultMavenResourcesFiltering - Copying 1 resource from src\main\resources to target\classes
2025-07-17 10:08:07,126 [Worker-13: Building] INFO  o.a.m.s.f.DefaultMavenResourcesFiltering - Copying 0 resource from src\main\resources to target\classes
2025-07-17 10:08:07,129 [Worker-13: Building] INFO  o.a.m.s.f.DefaultMavenResourcesFiltering - skip non existing resourceDirectory D:\IQGateway\Module 21 - CPS\Microservices\inusrermanageusers\src\test\resources
2025-07-17 10:08:18,993 [Worker-0: Building] INFO  o.a.m.s.f.DefaultMavenResourcesFiltering - Copying 1 resource from src\main\resources to target\classes
2025-07-17 10:08:18,999 [Worker-0: Building] INFO  o.a.m.s.f.DefaultMavenResourcesFiltering - Copying 0 resource from src\main\resources to target\classes
2025-07-17 10:08:19,002 [Worker-0: Building] INFO  o.a.m.s.f.DefaultMavenResourcesFiltering - skip non existing resourceDirectory D:\IQGateway\Module 21 - CPS\Microservices\inusrermanageusers\src\test\resources
2025-07-17 10:08:38,234 [Worker-0: Building] INFO  o.a.m.s.f.DefaultMavenResourcesFiltering - Copying 1 resource from src\main\resources to target\classes
2025-07-17 10:08:38,244 [Worker-0: Building] INFO  o.a.m.s.f.DefaultMavenResourcesFiltering - Copying 0 resource from src\main\resources to target\classes
2025-07-17 10:08:38,248 [Worker-0: Building] INFO  o.a.m.s.f.DefaultMavenResourcesFiltering - skip non existing resourceDirectory D:\IQGateway\Module 21 - CPS\Microservices\inusrermanageusers\src\test\resources
2025-07-17 10:08:43,639 [Worker-19: Building] INFO  o.a.m.s.f.DefaultMavenResourcesFiltering - Copying 1 resource from src\main\resources to target\classes
2025-07-17 10:08:43,645 [Worker-19: Building] INFO  o.a.m.s.f.DefaultMavenResourcesFiltering - Copying 0 resource from src\main\resources to target\classes
2025-07-17 10:08:43,647 [Worker-19: Building] INFO  o.a.m.s.f.DefaultMavenResourcesFiltering - skip non existing resourceDirectory D:\IQGateway\Module 21 - CPS\Microservices\inusrermanageusers\src\test\resources
2025-07-17 10:08:55,045 [Worker-21: Building] INFO  o.a.m.s.f.DefaultMavenResourcesFiltering - Copying 1 resource from src\main\resources to target\classes
2025-07-17 10:08:55,050 [Worker-21: Building] INFO  o.a.m.s.f.DefaultMavenResourcesFiltering - Copying 0 resource from src\main\resources to target\classes
2025-07-17 10:08:55,053 [Worker-21: Building] INFO  o.a.m.s.f.DefaultMavenResourcesFiltering - skip non existing resourceDirectory D:\IQGateway\Module 21 - CPS\Microservices\inusrermanageusers\src\test\resources
2025-07-17 10:09:57,034 [Worker-20: Building] INFO  o.a.m.s.f.DefaultMavenResourcesFiltering - Copying 1 resource from src\main\resources to target\classes
2025-07-17 10:09:57,044 [Worker-20: Building] INFO  o.a.m.s.f.DefaultMavenResourcesFiltering - Copying 0 resource from src\main\resources to target\classes
2025-07-17 10:09:57,046 [Worker-20: Building] INFO  o.a.m.s.f.DefaultMavenResourcesFiltering - skip non existing resourceDirectory D:\IQGateway\Module 21 - CPS\Microservices\inusrermanageusers\src\test\resources
2025-07-17 10:10:11,937 [Worker-17: Building] INFO  o.a.m.s.f.DefaultMavenResourcesFiltering - Copying 1 resource from src\main\resources to target\classes
2025-07-17 10:10:11,946 [Worker-17: Building] INFO  o.a.m.s.f.DefaultMavenResourcesFiltering - Copying 0 resource from src\main\resources to target\classes
2025-07-17 10:10:11,950 [Worker-17: Building] INFO  o.a.m.s.f.DefaultMavenResourcesFiltering - skip non existing resourceDirectory D:\IQGateway\Module 21 - CPS\Microservices\inusrermanageusers\src\test\resources
2025-07-17 10:10:38,062 [Worker-19: Building] INFO  o.a.m.s.f.DefaultMavenResourcesFiltering - Copying 1 resource from src\main\resources to target\classes
2025-07-17 10:10:38,070 [Worker-19: Building] INFO  o.a.m.s.f.DefaultMavenResourcesFiltering - Copying 0 resource from src\main\resources to target\classes
2025-07-17 10:10:38,072 [Worker-19: Building] INFO  o.a.m.s.f.DefaultMavenResourcesFiltering - skip non existing resourceDirectory D:\IQGateway\Module 21 - CPS\Microservices\inusrermanageusers\src\test\resources
2025-07-17 10:10:49,830 [Worker-20: Building] INFO  o.a.m.s.f.DefaultMavenResourcesFiltering - Copying 1 resource from src\main\resources to target\classes
2025-07-17 10:10:49,836 [Worker-20: Building] INFO  o.a.m.s.f.DefaultMavenResourcesFiltering - Copying 0 resource from src\main\resources to target\classes
2025-07-17 10:10:49,840 [Worker-20: Building] INFO  o.a.m.s.f.DefaultMavenResourcesFiltering - skip non existing resourceDirectory D:\IQGateway\Module 21 - CPS\Microservices\inusrermanageusers\src\test\resources
2025-07-17 10:13:00,489 [Worker-20: Building] INFO  o.a.m.s.f.DefaultMavenResourcesFiltering - Copying 1 resource from src\main\resources to target\classes
2025-07-17 10:13:00,495 [Worker-20: Building] INFO  o.a.m.s.f.DefaultMavenResourcesFiltering - Copying 0 resource from src\main\resources to target\classes
2025-07-17 10:13:00,498 [Worker-20: Building] INFO  o.a.m.s.f.DefaultMavenResourcesFiltering - skip non existing resourceDirectory D:\IQGateway\Module 21 - CPS\Microservices\inusrermanageusers\src\test\resources
2025-07-17 10:13:31,015 [Worker-22: Building] INFO  o.a.m.s.f.DefaultMavenResourcesFiltering - Copying 1 resource from src\main\resources to target\classes
2025-07-17 10:13:31,020 [Worker-22: Building] INFO  o.a.m.s.f.DefaultMavenResourcesFiltering - Copying 0 resource from src\main\resources to target\classes
2025-07-17 10:13:31,022 [Worker-22: Building] INFO  o.a.m.s.f.DefaultMavenResourcesFiltering - skip non existing resourceDirectory D:\IQGateway\Module 21 - CPS\Microservices\inusrermanageusers\src\test\resources
2025-07-17 10:13:35,395 [Worker-21: Building] INFO  o.a.m.s.f.DefaultMavenResourcesFiltering - Copying 1 resource from src\main\resources to target\classes
2025-07-17 10:13:35,401 [Worker-21: Building] INFO  o.a.m.s.f.DefaultMavenResourcesFiltering - Copying 0 resource from src\main\resources to target\classes
2025-07-17 10:13:35,404 [Worker-21: Building] INFO  o.a.m.s.f.DefaultMavenResourcesFiltering - skip non existing resourceDirectory D:\IQGateway\Module 21 - CPS\Microservices\inusrermanageusers\src\test\resources
2025-07-17 10:23:07,566 [Worker-25: Building] INFO  o.a.m.s.f.DefaultMavenResourcesFiltering - Copying 1 resource from src\main\resources to target\classes
2025-07-17 10:23:07,573 [Worker-25: Building] INFO  o.a.m.s.f.DefaultMavenResourcesFiltering - Copying 0 resource from src\main\resources to target\classes
2025-07-17 10:23:07,575 [Worker-25: Building] INFO  o.a.m.s.f.DefaultMavenResourcesFiltering - skip non existing resourceDirectory D:\IQGateway\Module 21 - CPS\Microservices\inusrermanageusers\src\test\resources
2025-07-17 10:23:29,376 [Worker-24: Building] INFO  o.a.m.s.f.DefaultMavenResourcesFiltering - Copying 1 resource from src\main\resources to target\classes
2025-07-17 10:23:29,386 [Worker-24: Building] INFO  o.a.m.s.f.DefaultMavenResourcesFiltering - Copying 0 resource from src\main\resources to target\classes
2025-07-17 10:23:29,389 [Worker-24: Building] INFO  o.a.m.s.f.DefaultMavenResourcesFiltering - skip non existing resourceDirectory D:\IQGateway\Module 21 - CPS\Microservices\inusrermanageusers\src\test\resources
2025-07-17 10:23:45,751 [Worker-24: Building] INFO  o.a.m.s.f.DefaultMavenResourcesFiltering - Copying 1 resource from src\main\resources to target\classes
2025-07-17 10:23:45,760 [Worker-24: Building] INFO  o.a.m.s.f.DefaultMavenResourcesFiltering - Copying 0 resource from src\main\resources to target\classes
2025-07-17 10:23:45,764 [Worker-24: Building] INFO  o.a.m.s.f.DefaultMavenResourcesFiltering - skip non existing resourceDirectory D:\IQGateway\Module 21 - CPS\Microservices\inusrermanageusers\src\test\resources
2025-07-17 10:24:40,833 [Worker-24: Building] INFO  o.a.m.s.f.DefaultMavenResourcesFiltering - Copying 1 resource from src\main\resources to target\classes
2025-07-17 10:24:40,841 [Worker-24: Building] INFO  o.a.m.s.f.DefaultMavenResourcesFiltering - Copying 0 resource from src\main\resources to target\classes
2025-07-17 10:24:40,843 [Worker-24: Building] INFO  o.a.m.s.f.DefaultMavenResourcesFiltering - skip non existing resourceDirectory D:\IQGateway\Module 21 - CPS\Microservices\inusrermanageusers\src\test\resources
2025-07-17 10:25:36,348 [Worker-20: Building] INFO  o.a.m.s.f.DefaultMavenResourcesFiltering - Copying 1 resource from src\main\resources to target\classes
2025-07-17 10:25:36,353 [Worker-20: Building] INFO  o.a.m.s.f.DefaultMavenResourcesFiltering - Copying 0 resource from src\main\resources to target\classes
2025-07-17 10:25:36,355 [Worker-20: Building] INFO  o.a.m.s.f.DefaultMavenResourcesFiltering - skip non existing resourceDirectory D:\IQGateway\Module 21 - CPS\Microservices\inusrermanageusers\src\test\resources
2025-07-17 10:25:49,022 [Worker-22: Building] INFO  o.a.m.s.f.DefaultMavenResourcesFiltering - Copying 1 resource from src\main\resources to target\classes
2025-07-17 10:25:49,028 [Worker-22: Building] INFO  o.a.m.s.f.DefaultMavenResourcesFiltering - Copying 0 resource from src\main\resources to target\classes
2025-07-17 10:25:49,030 [Worker-22: Building] INFO  o.a.m.s.f.DefaultMavenResourcesFiltering - skip non existing resourceDirectory D:\IQGateway\Module 21 - CPS\Microservices\inusrermanageusers\src\test\resources
2025-07-17 10:26:36,785 [Worker-20: Building] INFO  o.a.m.s.f.DefaultMavenResourcesFiltering - Copying 1 resource from src\main\resources to target\classes
2025-07-17 10:26:36,794 [Worker-20: Building] INFO  o.a.m.s.f.DefaultMavenResourcesFiltering - Copying 0 resource from src\main\resources to target\classes
2025-07-17 10:26:36,797 [Worker-20: Building] INFO  o.a.m.s.f.DefaultMavenResourcesFiltering - skip non existing resourceDirectory D:\IQGateway\Module 21 - CPS\Microservices\inusrermanageusers\src\test\resources
2025-07-17 10:27:47,319 [Worker-17: Building] INFO  o.a.m.s.f.DefaultMavenResourcesFiltering - Copying 1 resource from src\main\resources to target\classes
2025-07-17 10:27:47,332 [Worker-17: Building] INFO  o.a.m.s.f.DefaultMavenResourcesFiltering - Copying 0 resource from src\main\resources to target\classes
2025-07-17 10:27:47,339 [Worker-17: Building] INFO  o.a.m.s.f.DefaultMavenResourcesFiltering - skip non existing resourceDirectory D:\IQGateway\Module 21 - CPS\Microservices\inusrermanageusers\src\test\resources
2025-07-17 10:27:56,782 [Worker-25: Building] INFO  o.a.m.s.f.DefaultMavenResourcesFiltering - Copying 1 resource from src\main\resources to target\classes
2025-07-17 10:27:56,787 [Worker-25: Building] INFO  o.a.m.s.f.DefaultMavenResourcesFiltering - Copying 0 resource from src\main\resources to target\classes
2025-07-17 10:27:56,789 [Worker-25: Building] INFO  o.a.m.s.f.DefaultMavenResourcesFiltering - skip non existing resourceDirectory D:\IQGateway\Module 21 - CPS\Microservices\inusrermanageusers\src\test\resources
2025-07-17 10:28:11,444 [Worker-26: Building] INFO  o.a.m.s.f.DefaultMavenResourcesFiltering - Copying 1 resource from src\main\resources to target\classes
2025-07-17 10:28:11,450 [Worker-26: Building] INFO  o.a.m.s.f.DefaultMavenResourcesFiltering - Copying 0 resource from src\main\resources to target\classes
2025-07-17 10:28:11,452 [Worker-26: Building] INFO  o.a.m.s.f.DefaultMavenResourcesFiltering - skip non existing resourceDirectory D:\IQGateway\Module 21 - CPS\Microservices\inusrermanageusers\src\test\resources
2025-07-17 10:29:16,250 [Worker-25: Building] INFO  o.a.m.s.f.DefaultMavenResourcesFiltering - Copying 1 resource from src\main\resources to target\classes
2025-07-17 10:29:16,254 [Worker-25: Building] INFO  o.a.m.s.f.DefaultMavenResourcesFiltering - Copying 0 resource from src\main\resources to target\classes
2025-07-17 10:29:16,256 [Worker-25: Building] INFO  o.a.m.s.f.DefaultMavenResourcesFiltering - skip non existing resourceDirectory D:\IQGateway\Module 21 - CPS\Microservices\inusrermanageusers\src\test\resources
2025-07-17 10:29:40,991 [Worker-24: Building] INFO  o.a.m.s.f.DefaultMavenResourcesFiltering - Copying 1 resource from src\main\resources to target\classes
2025-07-17 10:29:40,997 [Worker-24: Building] INFO  o.a.m.s.f.DefaultMavenResourcesFiltering - Copying 0 resource from src\main\resources to target\classes
2025-07-17 10:29:40,999 [Worker-24: Building] INFO  o.a.m.s.f.DefaultMavenResourcesFiltering - skip non existing resourceDirectory D:\IQGateway\Module 21 - CPS\Microservices\inusrermanageusers\src\test\resources
2025-07-17 10:34:30,026 [Worker-20: Building] INFO  o.a.m.s.f.DefaultMavenResourcesFiltering - Copying 1 resource from src\main\resources to target\classes
2025-07-17 10:34:30,032 [Worker-20: Building] INFO  o.a.m.s.f.DefaultMavenResourcesFiltering - Copying 0 resource from src\main\resources to target\classes
2025-07-17 10:34:30,034 [Worker-20: Building] INFO  o.a.m.s.f.DefaultMavenResourcesFiltering - skip non existing resourceDirectory D:\IQGateway\Module 21 - CPS\Microservices\inusrermanageusers\src\test\resources
2025-07-17 10:34:43,137 [Worker-24: Building] INFO  o.a.m.s.f.DefaultMavenResourcesFiltering - Copying 1 resource from src\main\resources to target\classes
2025-07-17 10:34:43,143 [Worker-24: Building] INFO  o.a.m.s.f.DefaultMavenResourcesFiltering - Copying 0 resource from src\main\resources to target\classes
2025-07-17 10:34:43,146 [Worker-24: Building] INFO  o.a.m.s.f.DefaultMavenResourcesFiltering - skip non existing resourceDirectory D:\IQGateway\Module 21 - CPS\Microservices\inusrermanageusers\src\test\resources
2025-07-17 10:35:00,867 [Worker-20: Building] INFO  o.a.m.s.f.DefaultMavenResourcesFiltering - Copying 1 resource from src\main\resources to target\classes
2025-07-17 10:35:00,871 [Worker-20: Building] INFO  o.a.m.s.f.DefaultMavenResourcesFiltering - Copying 0 resource from src\main\resources to target\classes
2025-07-17 10:35:00,873 [Worker-20: Building] INFO  o.a.m.s.f.DefaultMavenResourcesFiltering - skip non existing resourceDirectory D:\IQGateway\Module 21 - CPS\Microservices\inusrermanageusers\src\test\resources
2025-07-17 10:35:24,724 [Worker-26: Building] INFO  o.a.m.s.f.DefaultMavenResourcesFiltering - Copying 1 resource from src\main\resources to target\classes
2025-07-17 10:35:24,737 [Worker-26: Building] INFO  o.a.m.s.f.DefaultMavenResourcesFiltering - Copying 0 resource from src\main\resources to target\classes
2025-07-17 10:35:24,741 [Worker-26: Building] INFO  o.a.m.s.f.DefaultMavenResourcesFiltering - skip non existing resourceDirectory D:\IQGateway\Module 21 - CPS\Microservices\inusrermanageusers\src\test\resources
2025-07-17 10:35:43,698 [Worker-27: Building] INFO  o.a.m.s.f.DefaultMavenResourcesFiltering - Copying 1 resource from src\main\resources to target\classes
2025-07-17 10:35:43,726 [Worker-27: Building] INFO  o.a.m.s.f.DefaultMavenResourcesFiltering - Copying 0 resource from src\main\resources to target\classes
2025-07-17 10:35:43,732 [Worker-27: Building] INFO  o.a.m.s.f.DefaultMavenResourcesFiltering - skip non existing resourceDirectory D:\IQGateway\Module 21 - CPS\Microservices\inusrermanageusers\src\test\resources
2025-07-17 10:36:05,049 [Worker-27: Building] INFO  o.a.m.s.f.DefaultMavenResourcesFiltering - Copying 1 resource from src\main\resources to target\classes
2025-07-17 10:36:05,058 [Worker-27: Building] INFO  o.a.m.s.f.DefaultMavenResourcesFiltering - Copying 0 resource from src\main\resources to target\classes
2025-07-17 10:36:05,062 [Worker-27: Building] INFO  o.a.m.s.f.DefaultMavenResourcesFiltering - skip non existing resourceDirectory D:\IQGateway\Module 21 - CPS\Microservices\inusrermanageusers\src\test\resources
2025-07-17 10:36:29,580 [Worker-27: Building] INFO  o.a.m.s.f.DefaultMavenResourcesFiltering - Copying 1 resource from src\main\resources to target\classes
2025-07-17 10:36:29,594 [Worker-27: Building] INFO  o.a.m.s.f.DefaultMavenResourcesFiltering - Copying 0 resource from src\main\resources to target\classes
2025-07-17 10:36:29,602 [Worker-27: Building] INFO  o.a.m.s.f.DefaultMavenResourcesFiltering - skip non existing resourceDirectory D:\IQGateway\Module 21 - CPS\Microservices\inusrermanageusers\src\test\resources
2025-07-17 10:36:39,452 [Worker-17: Building] INFO  o.a.m.s.f.DefaultMavenResourcesFiltering - Copying 1 resource from src\main\resources to target\classes
2025-07-17 10:36:39,458 [Worker-17: Building] INFO  o.a.m.s.f.DefaultMavenResourcesFiltering - Copying 0 resource from src\main\resources to target\classes
2025-07-17 10:36:39,462 [Worker-17: Building] INFO  o.a.m.s.f.DefaultMavenResourcesFiltering - skip non existing resourceDirectory D:\IQGateway\Module 21 - CPS\Microservices\inusrermanageusers\src\test\resources
2025-07-17 10:37:06,761 [Worker-20: Building] INFO  o.a.m.s.f.DefaultMavenResourcesFiltering - Copying 1 resource from src\main\resources to target\classes
2025-07-17 10:37:06,767 [Worker-20: Building] INFO  o.a.m.s.f.DefaultMavenResourcesFiltering - Copying 0 resource from src\main\resources to target\classes
2025-07-17 10:37:06,773 [Worker-20: Building] INFO  o.a.m.s.f.DefaultMavenResourcesFiltering - skip non existing resourceDirectory D:\IQGateway\Module 21 - CPS\Microservices\inusrermanageusers\src\test\resources
2025-07-17 10:50:57,479 [Worker-29: Building] INFO  o.a.m.s.f.DefaultMavenResourcesFiltering - Copying 1 resource from src\main\resources to target\classes
2025-07-17 10:50:57,507 [Worker-29: Building] INFO  o.a.m.s.f.DefaultMavenResourcesFiltering - Copying 0 resource from src\main\resources to target\classes
2025-07-17 10:50:57,510 [Worker-29: Building] INFO  o.a.m.s.f.DefaultMavenResourcesFiltering - skip non existing resourceDirectory D:\IQGateway\Module 21 - CPS\Microservices\inusrermanageusers\src\test\resources
2025-07-17 10:51:42,707 [Worker-28: Building] INFO  o.a.m.s.f.DefaultMavenResourcesFiltering - Copying 1 resource from src\main\resources to target\classes
2025-07-17 10:51:42,716 [Worker-28: Building] INFO  o.a.m.s.f.DefaultMavenResourcesFiltering - Copying 0 resource from src\main\resources to target\classes
2025-07-17 10:51:42,718 [Worker-28: Building] INFO  o.a.m.s.f.DefaultMavenResourcesFiltering - skip non existing resourceDirectory D:\IQGateway\Module 21 - CPS\Microservices\inusrermanageusers\src\test\resources
2025-07-17 10:55:10,335 [Worker-28: Building] INFO  o.a.m.s.f.DefaultMavenResourcesFiltering - Copying 1 resource from src\main\resources to target\classes
2025-07-17 10:55:10,343 [Worker-28: Building] INFO  o.a.m.s.f.DefaultMavenResourcesFiltering - Copying 0 resource from src\main\resources to target\classes
2025-07-17 10:55:10,344 [Worker-28: Building] INFO  o.a.m.s.f.DefaultMavenResourcesFiltering - skip non existing resourceDirectory D:\IQGateway\Module 21 - CPS\Microservices\inusrermanageusers\src\test\resources
2025-07-17 10:55:52,992 [Worker-26: Building] INFO  o.a.m.s.f.DefaultMavenResourcesFiltering - Copying 1 resource from src\main\resources to target\classes
2025-07-17 10:55:52,999 [Worker-26: Building] INFO  o.a.m.s.f.DefaultMavenResourcesFiltering - Copying 0 resource from src\main\resources to target\classes
2025-07-17 10:55:53,003 [Worker-26: Building] INFO  o.a.m.s.f.DefaultMavenResourcesFiltering - skip non existing resourceDirectory D:\IQGateway\Module 21 - CPS\Microservices\inusrermanageusers\src\test\resources
2025-07-17 10:55:57,979 [Worker-30: Building] INFO  o.a.m.s.f.DefaultMavenResourcesFiltering - Copying 1 resource from src\main\resources to target\classes
2025-07-17 10:55:57,984 [Worker-30: Building] INFO  o.a.m.s.f.DefaultMavenResourcesFiltering - Copying 0 resource from src\main\resources to target\classes
2025-07-17 10:55:57,986 [Worker-30: Building] INFO  o.a.m.s.f.DefaultMavenResourcesFiltering - skip non existing resourceDirectory D:\IQGateway\Module 21 - CPS\Microservices\inusrermanageusers\src\test\resources
2025-07-17 10:56:34,270 [Worker-30: Building] INFO  o.a.m.s.f.DefaultMavenResourcesFiltering - Copying 1 resource from src\main\resources to target\classes
2025-07-17 10:56:34,303 [Worker-30: Building] INFO  o.a.m.s.f.DefaultMavenResourcesFiltering - Copying 0 resource from src\main\resources to target\classes
2025-07-17 10:56:34,308 [Worker-30: Building] INFO  o.a.m.s.f.DefaultMavenResourcesFiltering - skip non existing resourceDirectory D:\IQGateway\Module 21 - CPS\Microservices\inusrermanageusers\src\test\resources
2025-07-17 10:56:44,314 [Worker-26: Building] INFO  o.a.m.s.f.DefaultMavenResourcesFiltering - Copying 1 resource from src\main\resources to target\classes
2025-07-17 10:56:44,331 [Worker-26: Building] INFO  o.a.m.s.f.DefaultMavenResourcesFiltering - Copying 0 resource from src\main\resources to target\classes
2025-07-17 10:56:44,335 [Worker-26: Building] INFO  o.a.m.s.f.DefaultMavenResourcesFiltering - skip non existing resourceDirectory D:\IQGateway\Module 21 - CPS\Microservices\customerclaimsqueries\src\test\resources
2025-07-17 10:57:11,695 [Worker-24: Building] INFO  o.a.m.s.f.DefaultMavenResourcesFiltering - Copying 1 resource from src\main\resources to target\classes
2025-07-17 10:57:11,700 [Worker-24: Building] INFO  o.a.m.s.f.DefaultMavenResourcesFiltering - Copying 0 resource from src\main\resources to target\classes
2025-07-17 10:57:11,703 [Worker-24: Building] INFO  o.a.m.s.f.DefaultMavenResourcesFiltering - skip non existing resourceDirectory D:\IQGateway\Module 21 - CPS\Microservices\inusrermanageusers\src\test\resources
2025-07-17 10:57:23,239 [Worker-29: Building] INFO  o.a.m.s.f.DefaultMavenResourcesFiltering - Copying 1 resource from src\main\resources to target\classes
2025-07-17 10:57:23,243 [Worker-29: Building] INFO  o.a.m.s.f.DefaultMavenResourcesFiltering - Copying 0 resource from src\main\resources to target\classes
2025-07-17 10:57:23,246 [Worker-29: Building] INFO  o.a.m.s.f.DefaultMavenResourcesFiltering - skip non existing resourceDirectory D:\IQGateway\Module 21 - CPS\Microservices\inusrermanageusers\src\test\resources
2025-07-17 10:59:51,194 [Worker-26: Building] INFO  o.a.m.s.f.DefaultMavenResourcesFiltering - Copying 1 resource from src\main\resources to target\classes
2025-07-17 10:59:51,201 [Worker-26: Building] INFO  o.a.m.s.f.DefaultMavenResourcesFiltering - Copying 0 resource from src\main\resources to target\classes
2025-07-17 10:59:51,202 [Worker-26: Building] INFO  o.a.m.s.f.DefaultMavenResourcesFiltering - skip non existing resourceDirectory D:\IQGateway\Module 21 - CPS\Microservices\inusrermanageusers\src\test\resources
2025-07-17 11:00:02,426 [Worker-26: Building] INFO  o.a.m.s.f.DefaultMavenResourcesFiltering - Copying 1 resource from src\main\resources to target\classes
2025-07-17 11:00:02,430 [Worker-26: Building] INFO  o.a.m.s.f.DefaultMavenResourcesFiltering - Copying 0 resource from src\main\resources to target\classes
2025-07-17 11:00:02,432 [Worker-26: Building] INFO  o.a.m.s.f.DefaultMavenResourcesFiltering - skip non existing resourceDirectory D:\IQGateway\Module 21 - CPS\Microservices\inusrermanageusers\src\test\resources
2025-07-17 11:00:53,125 [Worker-28: Building] INFO  o.a.m.s.f.DefaultMavenResourcesFiltering - Copying 1 resource from src\main\resources to target\classes
2025-07-17 11:00:53,130 [Worker-28: Building] INFO  o.a.m.s.f.DefaultMavenResourcesFiltering - Copying 0 resource from src\main\resources to target\classes
2025-07-17 11:00:53,133 [Worker-28: Building] INFO  o.a.m.s.f.DefaultMavenResourcesFiltering - skip non existing resourceDirectory D:\IQGateway\Module 21 - CPS\Microservices\inusrermanageusers\src\test\resources
2025-07-17 11:02:26,916 [Worker-24: Building] INFO  o.a.m.s.f.DefaultMavenResourcesFiltering - Copying 1 resource from src\main\resources to target\classes
2025-07-17 11:02:26,921 [Worker-24: Building] INFO  o.a.m.s.f.DefaultMavenResourcesFiltering - Copying 0 resource from src\main\resources to target\classes
2025-07-17 11:02:26,923 [Worker-24: Building] INFO  o.a.m.s.f.DefaultMavenResourcesFiltering - skip non existing resourceDirectory D:\IQGateway\Module 21 - CPS\Microservices\inusrermanageusers\src\test\resources
2025-07-17 11:03:08,823 [Worker-28: Building] INFO  o.a.m.s.f.DefaultMavenResourcesFiltering - Copying 1 resource from src\main\resources to target\classes
2025-07-17 11:03:08,828 [Worker-28: Building] INFO  o.a.m.s.f.DefaultMavenResourcesFiltering - Copying 0 resource from src\main\resources to target\classes
2025-07-17 11:03:08,830 [Worker-28: Building] INFO  o.a.m.s.f.DefaultMavenResourcesFiltering - skip non existing resourceDirectory D:\IQGateway\Module 21 - CPS\Microservices\inusrermanageusers\src\test\resources
2025-07-17 11:04:10,680 [Worker-32: Building] INFO  o.a.m.s.f.DefaultMavenResourcesFiltering - Copying 1 resource from src\main\resources to target\classes
2025-07-17 11:04:10,689 [Worker-32: Building] INFO  o.a.m.s.f.DefaultMavenResourcesFiltering - Copying 0 resource from src\main\resources to target\classes
2025-07-17 11:04:10,691 [Worker-32: Building] INFO  o.a.m.s.f.DefaultMavenResourcesFiltering - skip non existing resourceDirectory D:\IQGateway\Module 21 - CPS\Microservices\inusrermanageusers\src\test\resources
2025-07-17 11:07:40,489 [Worker-24: Building] INFO  o.a.m.s.f.DefaultMavenResourcesFiltering - Copying 1 resource from src\main\resources to target\classes
2025-07-17 11:07:40,495 [Worker-24: Building] INFO  o.a.m.s.f.DefaultMavenResourcesFiltering - Copying 0 resource from src\main\resources to target\classes
2025-07-17 11:07:40,497 [Worker-24: Building] INFO  o.a.m.s.f.DefaultMavenResourcesFiltering - skip non existing resourceDirectory D:\IQGateway\Module 21 - CPS\Microservices\inusrermanageusers\src\test\resources
2025-07-17 11:08:39,660 [Worker-31: Building] INFO  o.a.m.s.f.DefaultMavenResourcesFiltering - Copying 1 resource from src\main\resources to target\classes
2025-07-17 11:08:39,672 [Worker-31: Building] INFO  o.a.m.s.f.DefaultMavenResourcesFiltering - Copying 0 resource from src\main\resources to target\classes
2025-07-17 11:08:39,676 [Worker-31: Building] INFO  o.a.m.s.f.DefaultMavenResourcesFiltering - skip non existing resourceDirectory D:\IQGateway\Module 21 - CPS\Microservices\customerclaims\src\test\resources
2025-07-17 11:09:37,162 [Worker-26: Building] INFO  o.a.m.s.f.DefaultMavenResourcesFiltering - Copying 1 resource from src\main\resources to target\classes
2025-07-17 11:09:37,168 [Worker-26: Building] INFO  o.a.m.s.f.DefaultMavenResourcesFiltering - Copying 0 resource from src\main\resources to target\classes
2025-07-17 11:09:37,170 [Worker-26: Building] INFO  o.a.m.s.f.DefaultMavenResourcesFiltering - skip non existing resourceDirectory D:\IQGateway\Module 21 - CPS\Microservices\customerclaims\src\test\resources
2025-07-17 11:09:44,294 [Worker-31: Building] INFO  o.a.m.s.f.DefaultMavenResourcesFiltering - Copying 1 resource from src\main\resources to target\classes
2025-07-17 11:09:44,301 [Worker-31: Building] INFO  o.a.m.s.f.DefaultMavenResourcesFiltering - Copying 0 resource from src\main\resources to target\classes
2025-07-17 11:09:44,304 [Worker-31: Building] INFO  o.a.m.s.f.DefaultMavenResourcesFiltering - skip non existing resourceDirectory D:\IQGateway\Module 21 - CPS\Microservices\customerclaims\src\test\resources
2025-07-17 11:10:27,013 [Worker-31: Building] INFO  o.a.m.s.f.DefaultMavenResourcesFiltering - Copying 1 resource from src\main\resources to target\classes
2025-07-17 11:10:27,020 [Worker-31: Building] INFO  o.a.m.s.f.DefaultMavenResourcesFiltering - Copying 0 resource from src\main\resources to target\classes
2025-07-17 11:10:27,024 [Worker-31: Building] INFO  o.a.m.s.f.DefaultMavenResourcesFiltering - skip non existing resourceDirectory D:\IQGateway\Module 21 - CPS\Microservices\customerclaimsqueries\src\test\resources
2025-07-17 11:11:55,214 [Worker-34: Building] INFO  o.a.m.s.f.DefaultMavenResourcesFiltering - Copying 1 resource from src\main\resources to target\classes
2025-07-17 11:11:55,219 [Worker-34: Building] INFO  o.a.m.s.f.DefaultMavenResourcesFiltering - Copying 0 resource from src\main\resources to target\classes
2025-07-17 11:11:55,220 [Worker-34: Building] INFO  o.a.m.s.f.DefaultMavenResourcesFiltering - skip non existing resourceDirectory D:\IQGateway\Module 21 - CPS\Microservices\inusrermanageusers\src\test\resources
2025-07-17 11:12:20,380 [Worker-35: Building] INFO  o.a.m.s.f.DefaultMavenResourcesFiltering - Copying 1 resource from src\main\resources to target\classes
2025-07-17 11:12:20,385 [Worker-35: Building] INFO  o.a.m.s.f.DefaultMavenResourcesFiltering - Copying 0 resource from src\main\resources to target\classes
2025-07-17 11:12:20,388 [Worker-35: Building] INFO  o.a.m.s.f.DefaultMavenResourcesFiltering - skip non existing resourceDirectory D:\IQGateway\Module 21 - CPS\Microservices\inusrermanageusers\src\test\resources
2025-07-17 11:12:44,854 [Worker-34: Building] INFO  o.a.m.s.f.DefaultMavenResourcesFiltering - Copying 1 resource from src\main\resources to target\classes
2025-07-17 11:12:44,859 [Worker-34: Building] INFO  o.a.m.s.f.DefaultMavenResourcesFiltering - Copying 0 resource from src\main\resources to target\classes
2025-07-17 11:12:44,863 [Worker-34: Building] INFO  o.a.m.s.f.DefaultMavenResourcesFiltering - skip non existing resourceDirectory D:\IQGateway\Module 21 - CPS\Microservices\inusrermanageusers\src\test\resources
2025-07-17 11:13:02,310 [Worker-35: Building] INFO  o.a.m.s.f.DefaultMavenResourcesFiltering - Copying 1 resource from src\main\resources to target\classes
2025-07-17 11:13:02,317 [Worker-35: Building] INFO  o.a.m.s.f.DefaultMavenResourcesFiltering - Copying 0 resource from src\main\resources to target\classes
2025-07-17 11:13:02,319 [Worker-35: Building] INFO  o.a.m.s.f.DefaultMavenResourcesFiltering - skip non existing resourceDirectory D:\IQGateway\Module 21 - CPS\Microservices\inusrermanageusers\src\test\resources
2025-07-17 11:14:44,695 [Worker-35: Building] INFO  o.a.m.s.f.DefaultMavenResourcesFiltering - Copying 1 resource from src\main\resources to target\classes
2025-07-17 11:14:44,709 [Worker-35: Building] INFO  o.a.m.s.f.DefaultMavenResourcesFiltering - Copying 0 resource from src\main\resources to target\classes
2025-07-17 11:14:44,714 [Worker-35: Building] INFO  o.a.m.s.f.DefaultMavenResourcesFiltering - skip non existing resourceDirectory D:\IQGateway\Module 21 - CPS\Microservices\inusrermanageusers\src\test\resources
2025-07-17 11:14:57,101 [Worker-34: Building] INFO  o.a.m.s.f.DefaultMavenResourcesFiltering - Copying 1 resource from src\main\resources to target\classes
2025-07-17 11:14:57,109 [Worker-34: Building] INFO  o.a.m.s.f.DefaultMavenResourcesFiltering - Copying 0 resource from src\main\resources to target\classes
2025-07-17 11:14:57,112 [Worker-34: Building] INFO  o.a.m.s.f.DefaultMavenResourcesFiltering - skip non existing resourceDirectory D:\IQGateway\Module 21 - CPS\Microservices\inusrermanageusers\src\test\resources
2025-07-17 11:14:58,423 [Worker-31: Building] INFO  o.a.m.s.f.DefaultMavenResourcesFiltering - Copying 1 resource from src\main\resources to target\classes
2025-07-17 11:14:58,435 [Worker-31: Building] INFO  o.a.m.s.f.DefaultMavenResourcesFiltering - Copying 0 resource from src\main\resources to target\classes
2025-07-17 11:14:58,438 [Worker-31: Building] INFO  o.a.m.s.f.DefaultMavenResourcesFiltering - skip non existing resourceDirectory D:\IQGateway\Module 21 - CPS\Microservices\inusrermanageusers\src\test\resources
2025-07-17 11:15:04,719 [Worker-26: Building] INFO  o.a.m.s.f.DefaultMavenResourcesFiltering - Copying 1 resource from src\main\resources to target\classes
2025-07-17 11:15:04,725 [Worker-26: Building] INFO  o.a.m.s.f.DefaultMavenResourcesFiltering - Copying 0 resource from src\main\resources to target\classes
2025-07-17 11:15:04,728 [Worker-26: Building] INFO  o.a.m.s.f.DefaultMavenResourcesFiltering - skip non existing resourceDirectory D:\IQGateway\Module 21 - CPS\Microservices\inusrermanageusers\src\test\resources
2025-07-17 11:15:42,175 [Worker-35: Building] INFO  o.a.m.s.f.DefaultMavenResourcesFiltering - Copying 1 resource from src\main\resources to target\classes
2025-07-17 11:15:42,188 [Worker-35: Building] INFO  o.a.m.s.f.DefaultMavenResourcesFiltering - Copying 0 resource from src\main\resources to target\classes
2025-07-17 11:15:42,191 [Worker-35: Building] INFO  o.a.m.s.f.DefaultMavenResourcesFiltering - skip non existing resourceDirectory D:\IQGateway\Module 21 - CPS\Microservices\inusrermanageusers\src\test\resources
2025-07-17 11:15:58,277 [Worker-26: Building] INFO  o.a.m.s.f.DefaultMavenResourcesFiltering - Copying 1 resource from src\main\resources to target\classes
2025-07-17 11:15:58,281 [Worker-26: Building] INFO  o.a.m.s.f.DefaultMavenResourcesFiltering - Copying 0 resource from src\main\resources to target\classes
2025-07-17 11:15:58,284 [Worker-26: Building] INFO  o.a.m.s.f.DefaultMavenResourcesFiltering - skip non existing resourceDirectory D:\IQGateway\Module 21 - CPS\Microservices\inusrermanageusers\src\test\resources
2025-07-17 11:16:46,759 [Worker-26: Building] INFO  o.a.m.s.f.DefaultMavenResourcesFiltering - Copying 1 resource from src\main\resources to target\classes
2025-07-17 11:16:46,765 [Worker-26: Building] INFO  o.a.m.s.f.DefaultMavenResourcesFiltering - Copying 0 resource from src\main\resources to target\classes
2025-07-17 11:16:46,769 [Worker-26: Building] INFO  o.a.m.s.f.DefaultMavenResourcesFiltering - skip non existing resourceDirectory D:\IQGateway\Module 21 - CPS\Microservices\inusrermanageusers\src\test\resources
2025-07-17 11:17:12,550 [Worker-35: Building] INFO  o.a.m.s.f.DefaultMavenResourcesFiltering - Copying 1 resource from src\main\resources to target\classes
2025-07-17 11:17:12,556 [Worker-35: Building] INFO  o.a.m.s.f.DefaultMavenResourcesFiltering - Copying 0 resource from src\main\resources to target\classes
2025-07-17 11:17:12,558 [Worker-35: Building] INFO  o.a.m.s.f.DefaultMavenResourcesFiltering - skip non existing resourceDirectory D:\IQGateway\Module 21 - CPS\Microservices\inusrermanageusers\src\test\resources
2025-07-17 11:17:21,350 [Worker-34: Building] INFO  o.a.m.s.f.DefaultMavenResourcesFiltering - Copying 1 resource from src\main\resources to target\classes
2025-07-17 11:17:21,354 [Worker-34: Building] INFO  o.a.m.s.f.DefaultMavenResourcesFiltering - Copying 0 resource from src\main\resources to target\classes
2025-07-17 11:17:21,356 [Worker-34: Building] INFO  o.a.m.s.f.DefaultMavenResourcesFiltering - skip non existing resourceDirectory D:\IQGateway\Module 21 - CPS\Microservices\inusrermanageusers\src\test\resources
2025-07-17 11:17:51,833 [Worker-26: Building] INFO  o.a.m.s.f.DefaultMavenResourcesFiltering - Copying 1 resource from src\main\resources to target\classes
2025-07-17 11:17:51,838 [Worker-26: Building] INFO  o.a.m.s.f.DefaultMavenResourcesFiltering - Copying 0 resource from src\main\resources to target\classes
2025-07-17 11:17:51,840 [Worker-26: Building] INFO  o.a.m.s.f.DefaultMavenResourcesFiltering - skip non existing resourceDirectory D:\IQGateway\Module 21 - CPS\Microservices\inusrermanageusers\src\test\resources
2025-07-17 11:18:15,235 [Worker-26: Building] INFO  o.a.m.s.f.DefaultMavenResourcesFiltering - Copying 1 resource from src\main\resources to target\classes
2025-07-17 11:18:15,289 [Worker-26: Building] INFO  o.a.m.s.f.DefaultMavenResourcesFiltering - Copying 0 resource from src\main\resources to target\classes
2025-07-17 11:18:15,295 [Worker-26: Building] INFO  o.a.m.s.f.DefaultMavenResourcesFiltering - skip non existing resourceDirectory D:\IQGateway\Module 21 - CPS\Microservices\inusrermanageusers\src\test\resources
2025-07-17 11:18:16,440 [Worker-24: Building] INFO  o.a.m.s.f.DefaultMavenResourcesFiltering - Copying 1 resource from src\main\resources to target\classes
2025-07-17 11:18:16,444 [Worker-24: Building] INFO  o.a.m.s.f.DefaultMavenResourcesFiltering - Copying 0 resource from src\main\resources to target\classes
2025-07-17 11:18:16,446 [Worker-24: Building] INFO  o.a.m.s.f.DefaultMavenResourcesFiltering - skip non existing resourceDirectory D:\IQGateway\Module 21 - CPS\Microservices\inusrermanageusers\src\test\resources
2025-07-17 11:18:37,583 [Worker-26: Building] INFO  o.a.m.s.f.DefaultMavenResourcesFiltering - Copying 1 resource from src\main\resources to target\classes
2025-07-17 11:18:37,587 [Worker-26: Building] INFO  o.a.m.s.f.DefaultMavenResourcesFiltering - Copying 0 resource from src\main\resources to target\classes
2025-07-17 11:18:37,589 [Worker-26: Building] INFO  o.a.m.s.f.DefaultMavenResourcesFiltering - skip non existing resourceDirectory D:\IQGateway\Module 21 - CPS\Microservices\inusrermanageusers\src\test\resources
2025-07-17 11:19:16,703 [Worker-26: Building] INFO  o.a.m.s.f.DefaultMavenResourcesFiltering - Copying 1 resource from src\main\resources to target\classes
2025-07-17 11:19:16,708 [Worker-26: Building] INFO  o.a.m.s.f.DefaultMavenResourcesFiltering - Copying 0 resource from src\main\resources to target\classes
2025-07-17 11:19:16,711 [Worker-26: Building] INFO  o.a.m.s.f.DefaultMavenResourcesFiltering - skip non existing resourceDirectory D:\IQGateway\Module 21 - CPS\Microservices\inusrermanageusers\src\test\resources
2025-07-17 11:20:38,601 [Worker-35: Building] INFO  o.a.m.s.f.DefaultMavenResourcesFiltering - Copying 1 resource from src\main\resources to target\classes
2025-07-17 11:20:38,608 [Worker-35: Building] INFO  o.a.m.s.f.DefaultMavenResourcesFiltering - Copying 0 resource from src\main\resources to target\classes
2025-07-17 11:20:38,610 [Worker-35: Building] INFO  o.a.m.s.f.DefaultMavenResourcesFiltering - skip non existing resourceDirectory D:\IQGateway\Module 21 - CPS\Microservices\inusrermanageusers\src\test\resources
2025-07-17 11:21:01,423 [Worker-33: Building] INFO  o.a.m.s.f.DefaultMavenResourcesFiltering - Copying 1 resource from src\main\resources to target\classes
2025-07-17 11:21:01,468 [Worker-33: Building] INFO  o.a.m.s.f.DefaultMavenResourcesFiltering - Copying 0 resource from src\main\resources to target\classes
2025-07-17 11:21:01,474 [Worker-33: Building] INFO  o.a.m.s.f.DefaultMavenResourcesFiltering - skip non existing resourceDirectory D:\IQGateway\Module 21 - CPS\Microservices\inusrermanageusers\src\test\resources
2025-07-17 11:21:15,230 [Worker-34: Building] INFO  o.a.m.s.f.DefaultMavenResourcesFiltering - Copying 1 resource from src\main\resources to target\classes
2025-07-17 11:21:15,234 [Worker-34: Building] INFO  o.a.m.s.f.DefaultMavenResourcesFiltering - Copying 0 resource from src\main\resources to target\classes
2025-07-17 11:21:15,236 [Worker-34: Building] INFO  o.a.m.s.f.DefaultMavenResourcesFiltering - skip non existing resourceDirectory D:\IQGateway\Module 21 - CPS\Microservices\inusrermanageusers\src\test\resources
2025-07-17 11:21:22,540 [Worker-26: Building] INFO  o.a.m.s.f.DefaultMavenResourcesFiltering - Copying 1 resource from src\main\resources to target\classes
2025-07-17 11:21:22,544 [Worker-26: Building] INFO  o.a.m.s.f.DefaultMavenResourcesFiltering - Copying 0 resource from src\main\resources to target\classes
2025-07-17 11:21:22,545 [Worker-26: Building] INFO  o.a.m.s.f.DefaultMavenResourcesFiltering - skip non existing resourceDirectory D:\IQGateway\Module 21 - CPS\Microservices\inusrermanageusers\src\test\resources
2025-07-17 11:23:45,504 [Worker-34: Import Getting Started Content] INFO  o.e.m.c.i.l.LifecycleMappingFactory - Using org.eclipse.m2e.jdt.JarLifecycleMapping lifecycle mapping for MavenProject: com.cps:inusrerclaimsprocessing:0.0.1-SNAPSHOT @ D:\IQGateway\Module 21 - CPS\Microservices\inusrerclaimsprocessing\pom.xml.
2025-07-17 11:23:46,135 [Worker-34: Import Getting Started Content] INFO  o.e.m.j.i.AbstractJavaProjectConfigurator - Adding source folder /inusrerclaimsprocessing/src/main/java
2025-07-17 11:23:46,136 [Worker-34: Import Getting Started Content] INFO  o.e.m.j.i.AbstractJavaProjectConfigurator - Adding resource folder /inusrerclaimsprocessing/src/main/resources
2025-07-17 11:23:46,139 [Worker-34: Import Getting Started Content] INFO  o.e.m.j.i.AbstractJavaProjectConfigurator - Adding resource folder /inusrerclaimsprocessing/src/main/resources
2025-07-17 11:23:46,141 [Worker-34: Import Getting Started Content] INFO  o.e.m.j.i.AbstractJavaProjectConfigurator - Adding source folder /inusrerclaimsprocessing/src/test/java
2025-07-17 11:23:46,142 [Worker-34: Import Getting Started Content] INFO  o.e.m.j.i.AbstractJavaProjectConfigurator - Adding resource folder /inusrerclaimsprocessing/src/test/resources
2025-07-17 11:23:46,417 [Worker-34: Import Getting Started Content] INFO  o.e.m.c.i.p.ProjectConfigurationManager - Imported and configured 1 project(s) in 1 sec
2025-07-17 11:23:46,419 [Worker-34: Import Getting Started Content] INFO  o.e.m.c.i.p.ProjectConfigurationManager - Update started
2025-07-17 11:23:46,775 [Worker-34: Import Getting Started Content] INFO  o.e.m.c.i.l.LifecycleMappingFactory - Using org.eclipse.m2e.jdt.JarLifecycleMapping lifecycle mapping for MavenProject: com.cps:inusrerclaimsprocessing:0.0.1-SNAPSHOT @ D:\IQGateway\Module 21 - CPS\Microservices\inusrerclaimsprocessing\pom.xml.
2025-07-17 11:23:47,385 [Worker-34: Import Getting Started Content] INFO  o.e.m.j.i.AbstractJavaProjectConfigurator - Adding source folder /inusrerclaimsprocessing/src/main/java
2025-07-17 11:23:47,385 [Worker-34: Import Getting Started Content] INFO  o.e.m.j.i.AbstractJavaProjectConfigurator - Adding resource folder /inusrerclaimsprocessing/src/main/resources
2025-07-17 11:23:47,385 [Worker-34: Import Getting Started Content] INFO  o.e.m.j.i.AbstractJavaProjectConfigurator - Adding resource folder /inusrerclaimsprocessing/src/main/resources
2025-07-17 11:23:47,386 [Worker-34: Import Getting Started Content] INFO  o.e.m.j.i.AbstractJavaProjectConfigurator - Adding source folder /inusrerclaimsprocessing/src/test/java
2025-07-17 11:23:47,386 [Worker-34: Import Getting Started Content] INFO  o.e.m.j.i.AbstractJavaProjectConfigurator - Adding resource folder /inusrerclaimsprocessing/src/test/resources
2025-07-17 11:23:47,740 [Worker-34: Import Getting Started Content] INFO  o.e.m.c.i.p.ProjectConfigurationManager - Update completed for 1 poms: local refresh takes 0.00 sec, refresh facades takes 0.00 sec, update config takes 0.00 sec 
2025-07-17 11:23:48,076 [Worker-33: Building] INFO  o.a.m.s.f.DefaultMavenResourcesFiltering - Copying 1 resource from src\main\resources to target\classes
2025-07-17 11:23:48,093 [Worker-33: Building] INFO  o.a.m.s.f.DefaultMavenResourcesFiltering - Copying 0 resource from src\main\resources to target\classes
2025-07-17 11:23:48,096 [Worker-33: Building] INFO  o.a.m.s.f.DefaultMavenResourcesFiltering - skip non existing resourceDirectory D:\IQGateway\Module 21 - CPS\Microservices\inusrerclaimsprocessing\src\test\resources
2025-07-17 11:24:13,255 [Worker-31: Building] INFO  o.a.m.s.f.DefaultMavenResourcesFiltering - Copying 1 resource from src\main\resources to target\classes
2025-07-17 11:24:13,263 [Worker-31: Building] INFO  o.a.m.s.f.DefaultMavenResourcesFiltering - Copying 0 resource from src\main\resources to target\classes
2025-07-17 11:24:13,266 [Worker-31: Building] INFO  o.a.m.s.f.DefaultMavenResourcesFiltering - skip non existing resourceDirectory D:\IQGateway\Module 21 - CPS\Microservices\inusrerclaimsprocessing\src\test\resources
2025-07-17 11:25:15,325 [Worker-24: Building] INFO  o.a.m.s.f.DefaultMavenResourcesFiltering - Copying 1 resource from src\main\resources to target\classes
2025-07-17 11:25:15,337 [Worker-24: Building] INFO  o.a.m.s.f.DefaultMavenResourcesFiltering - Copying 0 resource from src\main\resources to target\classes
2025-07-17 11:25:15,342 [Worker-24: Building] INFO  o.a.m.s.f.DefaultMavenResourcesFiltering - skip non existing resourceDirectory D:\IQGateway\Module 21 - CPS\Microservices\inusrerclaimsprocessing\src\test\resources
2025-07-17 11:25:50,313 [Worker-36: Building] INFO  o.e.m.c.i.l.LifecycleMappingFactory - Using org.eclipse.m2e.jdt.JarLifecycleMapping lifecycle mapping for MavenProject: com.cps:inusrerclaimsprocessing:0.0.1-SNAPSHOT @ D:\IQGateway\Module 21 - CPS\Microservices\inusrerclaimsprocessing\pom.xml.
2025-07-17 11:25:50,929 [Worker-36: Building] INFO  o.a.m.s.f.DefaultMavenResourcesFiltering - Copying 0 resource from src\main\resources to target\classes
2025-07-17 11:25:50,929 [Worker-36: Building] INFO  o.a.m.s.f.DefaultMavenResourcesFiltering - Copying 0 resource from src\main\resources to target\classes
2025-07-17 11:25:50,933 [Worker-36: Building] INFO  o.a.m.s.f.DefaultMavenResourcesFiltering - skip non existing resourceDirectory D:\IQGateway\Module 21 - CPS\Microservices\inusrerclaimsprocessing\src\test\resources
2025-07-17 11:37:11,635 [Worker-36: Building] INFO  o.a.m.s.f.DefaultMavenResourcesFiltering - Copying 1 resource from src\main\resources to target\classes
2025-07-17 11:37:11,658 [Worker-36: Building] INFO  o.a.m.s.f.DefaultMavenResourcesFiltering - Copying 0 resource from src\main\resources to target\classes
2025-07-17 11:37:11,660 [Worker-36: Building] INFO  o.a.m.s.f.DefaultMavenResourcesFiltering - skip non existing resourceDirectory D:\IQGateway\Module 21 - CPS\Microservices\inusrerclaimsprocessing\src\test\resources
2025-07-17 11:37:14,454 [Worker-31: Building] INFO  o.a.m.s.f.DefaultMavenResourcesFiltering - Copying 1 resource from src\main\resources to target\classes
2025-07-17 11:37:14,459 [Worker-31: Building] INFO  o.a.m.s.f.DefaultMavenResourcesFiltering - Copying 0 resource from src\main\resources to target\classes
2025-07-17 11:37:14,461 [Worker-31: Building] INFO  o.a.m.s.f.DefaultMavenResourcesFiltering - skip non existing resourceDirectory D:\IQGateway\Module 21 - CPS\Microservices\inusrerclaimsprocessing\src\test\resources
2025-07-17 11:37:16,866 [Worker-37: Building] INFO  o.a.m.s.f.DefaultMavenResourcesFiltering - Copying 1 resource from src\main\resources to target\classes
2025-07-17 11:37:16,872 [Worker-37: Building] INFO  o.a.m.s.f.DefaultMavenResourcesFiltering - Copying 0 resource from src\main\resources to target\classes
2025-07-17 11:37:16,875 [Worker-37: Building] INFO  o.a.m.s.f.DefaultMavenResourcesFiltering - skip non existing resourceDirectory D:\IQGateway\Module 21 - CPS\Microservices\inusrerclaimsprocessing\src\test\resources
2025-07-17 11:48:42,635 [Worker-34: Building] INFO  o.e.m.c.i.l.LifecycleMappingFactory - Using org.eclipse.m2e.jdt.JarLifecycleMapping lifecycle mapping for MavenProject: com.cps:customerclaims:0.0.1-SNAPSHOT @ D:\IQGateway\Module 21 - CPS\Microservices\CustomerClaimsMicroservice\pom.xml.
2025-07-17 11:48:43,633 [Worker-34: Building] INFO  o.a.m.s.f.DefaultMavenResourcesFiltering - Copying 1 resource from src\main\resources to target\classes
2025-07-17 11:48:43,656 [Worker-34: Building] INFO  o.a.m.s.f.DefaultMavenResourcesFiltering - Copying 0 resource from src\main\resources to target\classes
2025-07-17 11:48:43,660 [Worker-34: Building] INFO  o.a.m.s.f.DefaultMavenResourcesFiltering - skip non existing resourceDirectory D:\IQGateway\Module 21 - CPS\Microservices\CustomerClaimsMicroservice\src\test\resources
2025-07-17 11:48:45,041 [Worker-42: Building] INFO  o.a.m.s.f.DefaultMavenResourcesFiltering - Copying 1 resource from src\main\resources to target\classes
2025-07-17 11:48:45,043 [Worker-42: Building] INFO  o.a.m.s.f.DefaultMavenResourcesFiltering - Copying 0 resource from src\main\resources to target\classes
2025-07-17 11:48:45,045 [Worker-42: Building] INFO  o.a.m.s.f.DefaultMavenResourcesFiltering - skip non existing resourceDirectory D:\IQGateway\Module 21 - CPS\Microservices\CustomerClaimsMicroservice\src\test\resources
2025-07-17 11:49:11,288 [Worker-42: Building] INFO  o.e.m.c.i.l.LifecycleMappingFactory - Using org.eclipse.m2e.jdt.JarLifecycleMapping lifecycle mapping for MavenProject: com.cps:customerclaimsqueries:0.0.1-SNAPSHOT @ D:\IQGateway\Module 21 - CPS\Microservices\CustomerClaimsQueriesMicroservice\pom.xml.
2025-07-17 11:49:12,057 [Worker-42: Building] INFO  o.a.m.s.f.DefaultMavenResourcesFiltering - Copying 1 resource from src\main\resources to target\classes
2025-07-17 11:49:12,068 [Worker-42: Building] INFO  o.a.m.s.f.DefaultMavenResourcesFiltering - Copying 0 resource from src\main\resources to target\classes
2025-07-17 11:49:12,072 [Worker-42: Building] INFO  o.a.m.s.f.DefaultMavenResourcesFiltering - skip non existing resourceDirectory D:\IQGateway\Module 21 - CPS\Microservices\CustomerClaimsQueriesMicroservice\src\test\resources
2025-07-17 11:49:13,263 [Worker-42: Building] INFO  o.a.m.s.f.DefaultMavenResourcesFiltering - Copying 1 resource from src\main\resources to target\classes
2025-07-17 11:49:13,265 [Worker-42: Building] INFO  o.a.m.s.f.DefaultMavenResourcesFiltering - Copying 0 resource from src\main\resources to target\classes
2025-07-17 11:49:13,266 [Worker-42: Building] INFO  o.a.m.s.f.DefaultMavenResourcesFiltering - skip non existing resourceDirectory D:\IQGateway\Module 21 - CPS\Microservices\CustomerClaimsQueriesMicroservice\src\test\resources
2025-07-17 11:49:48,447 [Worker-43: Building] INFO  o.e.m.c.i.l.LifecycleMappingFactory - Using org.eclipse.m2e.jdt.JarLifecycleMapping lifecycle mapping for MavenProject: com.cps:inusrermanageusers:0.0.1-SNAPSHOT @ D:\IQGateway\Module 21 - CPS\Microservices\InusrerManageUsersMicroservice\pom.xml.
2025-07-17 11:49:49,171 [Worker-43: Building] INFO  o.a.m.s.f.DefaultMavenResourcesFiltering - Copying 1 resource from src\main\resources to target\classes
2025-07-17 11:49:49,182 [Worker-43: Building] INFO  o.a.m.s.f.DefaultMavenResourcesFiltering - Copying 0 resource from src\main\resources to target\classes
2025-07-17 11:49:49,186 [Worker-43: Building] INFO  o.a.m.s.f.DefaultMavenResourcesFiltering - skip non existing resourceDirectory D:\IQGateway\Module 21 - CPS\Microservices\InusrerManageUsersMicroservice\src\test\resources
2025-07-17 11:49:50,364 [Worker-44: Building] INFO  o.a.m.s.f.DefaultMavenResourcesFiltering - Copying 1 resource from src\main\resources to target\classes
2025-07-17 11:49:50,365 [Worker-44: Building] INFO  o.a.m.s.f.DefaultMavenResourcesFiltering - Copying 0 resource from src\main\resources to target\classes
2025-07-17 11:49:50,367 [Worker-44: Building] INFO  o.a.m.s.f.DefaultMavenResourcesFiltering - skip non existing resourceDirectory D:\IQGateway\Module 21 - CPS\Microservices\InusrerManageUsersMicroservice\src\test\resources
2025-07-17 11:52:59,474 [Worker-44: Import Getting Started Content] INFO  o.e.m.c.i.l.LifecycleMappingFactory - Using org.eclipse.m2e.jdt.JarLifecycleMapping lifecycle mapping for MavenProject: com.cps:AdminMicroservice:0.0.1-SNAPSHOT @ D:\IQGateway\Module 21 - CPS\Microservices\AdminMicroservice\pom.xml.
2025-07-17 11:53:00,036 [Worker-44: Import Getting Started Content] INFO  o.e.m.j.i.AbstractJavaProjectConfigurator - Adding source folder /AdminMicroservice/src/main/java
2025-07-17 11:53:00,037 [Worker-44: Import Getting Started Content] INFO  o.e.m.j.i.AbstractJavaProjectConfigurator - Adding resource folder /AdminMicroservice/src/main/resources
2025-07-17 11:53:00,041 [Worker-44: Import Getting Started Content] INFO  o.e.m.j.i.AbstractJavaProjectConfigurator - Adding resource folder /AdminMicroservice/src/main/resources
2025-07-17 11:53:00,045 [Worker-44: Import Getting Started Content] INFO  o.e.m.j.i.AbstractJavaProjectConfigurator - Adding source folder /AdminMicroservice/src/test/java
2025-07-17 11:53:00,045 [Worker-44: Import Getting Started Content] INFO  o.e.m.j.i.AbstractJavaProjectConfigurator - Adding resource folder /AdminMicroservice/src/test/resources
2025-07-17 11:53:00,322 [Worker-44: Import Getting Started Content] INFO  o.e.m.c.i.p.ProjectConfigurationManager - Imported and configured 1 project(s) in 1 sec
2025-07-17 11:53:00,324 [Worker-44: Import Getting Started Content] INFO  o.e.m.c.i.p.ProjectConfigurationManager - Update started
2025-07-17 11:53:00,601 [Worker-44: Import Getting Started Content] INFO  o.e.m.c.i.l.LifecycleMappingFactory - Using org.eclipse.m2e.jdt.JarLifecycleMapping lifecycle mapping for MavenProject: com.cps:AdminMicroservice:0.0.1-SNAPSHOT @ D:\IQGateway\Module 21 - CPS\Microservices\AdminMicroservice\pom.xml.
2025-07-17 11:53:01,118 [Worker-44: Import Getting Started Content] INFO  o.e.m.j.i.AbstractJavaProjectConfigurator - Adding source folder /AdminMicroservice/src/main/java
2025-07-17 11:53:01,119 [Worker-44: Import Getting Started Content] INFO  o.e.m.j.i.AbstractJavaProjectConfigurator - Adding resource folder /AdminMicroservice/src/main/resources
2025-07-17 11:53:01,119 [Worker-44: Import Getting Started Content] INFO  o.e.m.j.i.AbstractJavaProjectConfigurator - Adding resource folder /AdminMicroservice/src/main/resources
2025-07-17 11:53:01,119 [Worker-44: Import Getting Started Content] INFO  o.e.m.j.i.AbstractJavaProjectConfigurator - Adding source folder /AdminMicroservice/src/test/java
2025-07-17 11:53:01,119 [Worker-44: Import Getting Started Content] INFO  o.e.m.j.i.AbstractJavaProjectConfigurator - Adding resource folder /AdminMicroservice/src/test/resources
2025-07-17 11:53:01,376 [Worker-44: Import Getting Started Content] INFO  o.e.m.c.i.p.ProjectConfigurationManager - Update completed for 1 poms: local refresh takes 0.00 sec, refresh facades takes 0.00 sec, update config takes 0.00 sec 
2025-07-17 11:53:01,753 [Worker-39: Building] INFO  o.a.m.s.f.DefaultMavenResourcesFiltering - Copying 1 resource from src\main\resources to target\classes
2025-07-17 11:53:01,761 [Worker-39: Building] INFO  o.a.m.s.f.DefaultMavenResourcesFiltering - Copying 0 resource from src\main\resources to target\classes
2025-07-17 11:53:01,763 [Worker-39: Building] INFO  o.a.m.s.f.DefaultMavenResourcesFiltering - skip non existing resourceDirectory D:\IQGateway\Module 21 - CPS\Microservices\AdminMicroservice\src\test\resources
2025-07-17 11:53:27,055 [Worker-39: Building] INFO  o.e.m.c.i.l.LifecycleMappingFactory - Using org.eclipse.m2e.jdt.JarLifecycleMapping lifecycle mapping for MavenProject: com.cps:AdminMicroservice:0.0.1-SNAPSHOT @ D:\IQGateway\Module 21 - CPS\Microservices\AdminMicroservice\pom.xml.
2025-07-17 11:53:27,534 [Worker-39: Building] INFO  o.a.m.s.f.DefaultMavenResourcesFiltering - Copying 0 resource from src\main\resources to target\classes
2025-07-17 11:53:27,535 [Worker-39: Building] INFO  o.a.m.s.f.DefaultMavenResourcesFiltering - Copying 0 resource from src\main\resources to target\classes
2025-07-17 11:53:27,538 [Worker-39: Building] INFO  o.a.m.s.f.DefaultMavenResourcesFiltering - skip non existing resourceDirectory D:\IQGateway\Module 21 - CPS\Microservices\AdminMicroservice\src\test\resources
2025-07-17 11:53:53,707 [Worker-45: Building] INFO  o.a.m.s.f.DefaultMavenResourcesFiltering - Copying 1 resource from src\main\resources to target\classes
2025-07-17 11:53:53,728 [Worker-45: Building] INFO  o.a.m.s.f.DefaultMavenResourcesFiltering - Copying 0 resource from src\main\resources to target\classes
2025-07-17 11:53:53,731 [Worker-45: Building] INFO  o.a.m.s.f.DefaultMavenResourcesFiltering - skip non existing resourceDirectory D:\IQGateway\Module 21 - CPS\Microservices\AdminMicroservice\src\test\resources
2025-07-17 11:55:36,768 [Worker-45: Building] INFO  o.a.m.s.f.DefaultMavenResourcesFiltering - Copying 1 resource from src\main\resources to target\classes
2025-07-17 11:55:36,777 [Worker-45: Building] INFO  o.a.m.s.f.DefaultMavenResourcesFiltering - Copying 0 resource from src\main\resources to target\classes
2025-07-17 11:55:36,781 [Worker-45: Building] INFO  o.a.m.s.f.DefaultMavenResourcesFiltering - skip non existing resourceDirectory D:\IQGateway\Module 21 - CPS\Microservices\AdminMicroservice\src\test\resources
2025-07-17 11:55:48,001 [Worker-45: Building] INFO  o.a.m.s.f.DefaultMavenResourcesFiltering - Copying 1 resource from src\main\resources to target\classes
2025-07-17 11:55:48,012 [Worker-45: Building] INFO  o.a.m.s.f.DefaultMavenResourcesFiltering - Copying 0 resource from src\main\resources to target\classes
2025-07-17 11:55:48,014 [Worker-45: Building] INFO  o.a.m.s.f.DefaultMavenResourcesFiltering - skip non existing resourceDirectory D:\IQGateway\Module 21 - CPS\Microservices\AdminMicroservice\src\test\resources
2025-07-17 11:55:57,149 [Worker-45: Building] INFO  o.a.m.s.f.DefaultMavenResourcesFiltering - Copying 1 resource from src\main\resources to target\classes
2025-07-17 11:55:57,156 [Worker-45: Building] INFO  o.a.m.s.f.DefaultMavenResourcesFiltering - Copying 0 resource from src\main\resources to target\classes
2025-07-17 11:55:57,158 [Worker-45: Building] INFO  o.a.m.s.f.DefaultMavenResourcesFiltering - skip non existing resourceDirectory D:\IQGateway\Module 21 - CPS\Microservices\AdminMicroservice\src\test\resources
2025-07-17 11:57:58,952 [Worker-39: Building] INFO  o.a.m.s.f.DefaultMavenResourcesFiltering - Copying 1 resource from src\main\resources to target\classes
2025-07-17 11:57:58,957 [Worker-39: Building] INFO  o.a.m.s.f.DefaultMavenResourcesFiltering - Copying 0 resource from src\main\resources to target\classes
2025-07-17 11:57:58,959 [Worker-39: Building] INFO  o.a.m.s.f.DefaultMavenResourcesFiltering - skip non existing resourceDirectory D:\IQGateway\Module 21 - CPS\Microservices\AdminMicroservice\src\test\resources
2025-07-17 11:58:52,959 [Worker-46: Building] INFO  o.a.m.s.f.DefaultMavenResourcesFiltering - Copying 1 resource from src\main\resources to target\classes
2025-07-17 11:58:52,966 [Worker-46: Building] INFO  o.a.m.s.f.DefaultMavenResourcesFiltering - Copying 0 resource from src\main\resources to target\classes
2025-07-17 11:58:52,969 [Worker-46: Building] INFO  o.a.m.s.f.DefaultMavenResourcesFiltering - skip non existing resourceDirectory D:\IQGateway\Module 21 - CPS\Microservices\AdminMicroservice\src\test\resources
2025-07-17 11:59:09,482 [Worker-39: Building] INFO  o.a.m.s.f.DefaultMavenResourcesFiltering - Copying 1 resource from src\main\resources to target\classes
2025-07-17 11:59:09,492 [Worker-39: Building] INFO  o.a.m.s.f.DefaultMavenResourcesFiltering - Copying 0 resource from src\main\resources to target\classes
2025-07-17 11:59:09,494 [Worker-39: Building] INFO  o.a.m.s.f.DefaultMavenResourcesFiltering - skip non existing resourceDirectory D:\IQGateway\Module 21 - CPS\Microservices\AdminMicroservice\src\test\resources
2025-07-17 11:59:17,614 [Worker-41: Building] INFO  o.a.m.s.f.DefaultMavenResourcesFiltering - Copying 1 resource from src\main\resources to target\classes
2025-07-17 11:59:17,621 [Worker-41: Building] INFO  o.a.m.s.f.DefaultMavenResourcesFiltering - Copying 0 resource from src\main\resources to target\classes
2025-07-17 11:59:17,623 [Worker-41: Building] INFO  o.a.m.s.f.DefaultMavenResourcesFiltering - skip non existing resourceDirectory D:\IQGateway\Module 21 - CPS\Microservices\AdminMicroservice\src\test\resources
2025-07-17 11:59:32,532 [Worker-44: Building] INFO  o.a.m.s.f.DefaultMavenResourcesFiltering - Copying 1 resource from src\main\resources to target\classes
2025-07-17 11:59:32,538 [Worker-44: Building] INFO  o.a.m.s.f.DefaultMavenResourcesFiltering - Copying 0 resource from src\main\resources to target\classes
2025-07-17 11:59:32,540 [Worker-44: Building] INFO  o.a.m.s.f.DefaultMavenResourcesFiltering - skip non existing resourceDirectory D:\IQGateway\Module 21 - CPS\Microservices\AdminMicroservice\src\test\resources
2025-07-17 12:00:14,677 [Worker-46: Building] INFO  o.a.m.s.f.DefaultMavenResourcesFiltering - Copying 1 resource from src\main\resources to target\classes
2025-07-17 12:00:14,682 [Worker-46: Building] INFO  o.a.m.s.f.DefaultMavenResourcesFiltering - Copying 0 resource from src\main\resources to target\classes
2025-07-17 12:00:14,684 [Worker-46: Building] INFO  o.a.m.s.f.DefaultMavenResourcesFiltering - skip non existing resourceDirectory D:\IQGateway\Module 21 - CPS\Microservices\AdminMicroservice\src\test\resources
2025-07-17 12:02:17,823 [Worker-44: Building] INFO  o.a.m.s.f.DefaultMavenResourcesFiltering - Copying 1 resource from src\main\resources to target\classes
2025-07-17 12:02:17,827 [Worker-44: Building] INFO  o.a.m.s.f.DefaultMavenResourcesFiltering - Copying 0 resource from src\main\resources to target\classes
2025-07-17 12:02:17,829 [Worker-44: Building] INFO  o.a.m.s.f.DefaultMavenResourcesFiltering - skip non existing resourceDirectory D:\IQGateway\Module 21 - CPS\Microservices\AdminMicroservice\src\test\resources
2025-07-17 12:02:39,649 [Worker-45: Building] INFO  o.a.m.s.f.DefaultMavenResourcesFiltering - Copying 1 resource from src\main\resources to target\classes
2025-07-17 12:02:39,654 [Worker-45: Building] INFO  o.a.m.s.f.DefaultMavenResourcesFiltering - Copying 0 resource from src\main\resources to target\classes
2025-07-17 12:02:39,655 [Worker-45: Building] INFO  o.a.m.s.f.DefaultMavenResourcesFiltering - skip non existing resourceDirectory D:\IQGateway\Module 21 - CPS\Microservices\AdminMicroservice\src\test\resources
2025-07-17 12:02:50,478 [Worker-39: Building] INFO  o.a.m.s.f.DefaultMavenResourcesFiltering - Copying 1 resource from src\main\resources to target\classes
2025-07-17 12:02:50,493 [Worker-39: Building] INFO  o.a.m.s.f.DefaultMavenResourcesFiltering - Copying 0 resource from src\main\resources to target\classes
2025-07-17 12:02:50,494 [Worker-39: Building] INFO  o.a.m.s.f.DefaultMavenResourcesFiltering - skip non existing resourceDirectory D:\IQGateway\Module 21 - CPS\Microservices\AdminMicroservice\src\test\resources
2025-07-17 12:03:10,214 [Worker-41: Building] INFO  o.a.m.s.f.DefaultMavenResourcesFiltering - Copying 1 resource from src\main\resources to target\classes
2025-07-17 12:03:10,218 [Worker-41: Building] INFO  o.a.m.s.f.DefaultMavenResourcesFiltering - Copying 0 resource from src\main\resources to target\classes
2025-07-17 12:03:10,220 [Worker-41: Building] INFO  o.a.m.s.f.DefaultMavenResourcesFiltering - skip non existing resourceDirectory D:\IQGateway\Module 21 - CPS\Microservices\AdminMicroservice\src\test\resources
2025-07-17 12:03:24,500 [Worker-44: Building] INFO  o.a.m.s.f.DefaultMavenResourcesFiltering - Copying 1 resource from src\main\resources to target\classes
2025-07-17 12:03:24,505 [Worker-44: Building] INFO  o.a.m.s.f.DefaultMavenResourcesFiltering - Copying 0 resource from src\main\resources to target\classes
2025-07-17 12:03:24,507 [Worker-44: Building] INFO  o.a.m.s.f.DefaultMavenResourcesFiltering - skip non existing resourceDirectory D:\IQGateway\Module 21 - CPS\Microservices\AdminMicroservice\src\test\resources
2025-07-17 12:03:40,047 [Worker-44: Building] INFO  o.a.m.s.f.DefaultMavenResourcesFiltering - Copying 1 resource from src\main\resources to target\classes
2025-07-17 12:03:40,052 [Worker-44: Building] INFO  o.a.m.s.f.DefaultMavenResourcesFiltering - Copying 0 resource from src\main\resources to target\classes
2025-07-17 12:03:40,054 [Worker-44: Building] INFO  o.a.m.s.f.DefaultMavenResourcesFiltering - skip non existing resourceDirectory D:\IQGateway\Module 21 - CPS\Microservices\AdminMicroservice\src\test\resources
2025-07-17 12:03:46,190 [Worker-44: Building] INFO  o.a.m.s.f.DefaultMavenResourcesFiltering - Copying 1 resource from src\main\resources to target\classes
2025-07-17 12:03:46,194 [Worker-44: Building] INFO  o.a.m.s.f.DefaultMavenResourcesFiltering - Copying 0 resource from src\main\resources to target\classes
2025-07-17 12:03:46,196 [Worker-44: Building] INFO  o.a.m.s.f.DefaultMavenResourcesFiltering - skip non existing resourceDirectory D:\IQGateway\Module 21 - CPS\Microservices\AdminMicroservice\src\test\resources
2025-07-17 12:04:11,232 [Worker-47: Building] INFO  o.a.m.s.f.DefaultMavenResourcesFiltering - Copying 1 resource from src\main\resources to target\classes
2025-07-17 12:04:11,237 [Worker-47: Building] INFO  o.a.m.s.f.DefaultMavenResourcesFiltering - Copying 0 resource from src\main\resources to target\classes
2025-07-17 12:04:11,238 [Worker-47: Building] INFO  o.a.m.s.f.DefaultMavenResourcesFiltering - skip non existing resourceDirectory D:\IQGateway\Module 21 - CPS\Microservices\AdminMicroservice\src\test\resources
2025-07-17 12:04:14,454 [Worker-44: Building] INFO  o.a.m.s.f.DefaultMavenResourcesFiltering - Copying 1 resource from src\main\resources to target\classes
2025-07-17 12:04:14,459 [Worker-44: Building] INFO  o.a.m.s.f.DefaultMavenResourcesFiltering - Copying 0 resource from src\main\resources to target\classes
2025-07-17 12:04:14,461 [Worker-44: Building] INFO  o.a.m.s.f.DefaultMavenResourcesFiltering - skip non existing resourceDirectory D:\IQGateway\Module 21 - CPS\Microservices\AdminMicroservice\src\test\resources
2025-07-17 12:04:31,111 [Worker-45: Building] INFO  o.a.m.s.f.DefaultMavenResourcesFiltering - Copying 1 resource from src\main\resources to target\classes
2025-07-17 12:04:31,117 [Worker-45: Building] INFO  o.a.m.s.f.DefaultMavenResourcesFiltering - Copying 0 resource from src\main\resources to target\classes
2025-07-17 12:04:31,121 [Worker-45: Building] INFO  o.a.m.s.f.DefaultMavenResourcesFiltering - skip non existing resourceDirectory D:\IQGateway\Module 21 - CPS\Microservices\AdminMicroservice\src\test\resources
2025-07-17 12:04:32,207 [Worker-39: Building] INFO  o.a.m.s.f.DefaultMavenResourcesFiltering - Copying 1 resource from src\main\resources to target\classes
2025-07-17 12:04:32,213 [Worker-39: Building] INFO  o.a.m.s.f.DefaultMavenResourcesFiltering - Copying 0 resource from src\main\resources to target\classes
2025-07-17 12:04:32,217 [Worker-39: Building] INFO  o.a.m.s.f.DefaultMavenResourcesFiltering - skip non existing resourceDirectory D:\IQGateway\Module 21 - CPS\Microservices\AdminMicroservice\src\test\resources
2025-07-17 12:04:43,396 [Worker-41: Building] INFO  o.a.m.s.f.DefaultMavenResourcesFiltering - Copying 1 resource from src\main\resources to target\classes
2025-07-17 12:04:43,402 [Worker-41: Building] INFO  o.a.m.s.f.DefaultMavenResourcesFiltering - Copying 0 resource from src\main\resources to target\classes
2025-07-17 12:04:43,406 [Worker-41: Building] INFO  o.a.m.s.f.DefaultMavenResourcesFiltering - skip non existing resourceDirectory D:\IQGateway\Module 21 - CPS\Microservices\AdminMicroservice\src\test\resources
2025-07-17 12:04:49,788 [Worker-41: Building] INFO  o.a.m.s.f.DefaultMavenResourcesFiltering - Copying 1 resource from src\main\resources to target\classes
2025-07-17 12:04:49,829 [Worker-41: Building] INFO  o.a.m.s.f.DefaultMavenResourcesFiltering - Copying 0 resource from src\main\resources to target\classes
2025-07-17 12:04:49,835 [Worker-41: Building] INFO  o.a.m.s.f.DefaultMavenResourcesFiltering - skip non existing resourceDirectory D:\IQGateway\Module 21 - CPS\Microservices\AdminMicroservice\src\test\resources
2025-07-17 12:04:54,716 [Worker-34: Building] INFO  o.a.m.s.f.DefaultMavenResourcesFiltering - Copying 1 resource from src\main\resources to target\classes
2025-07-17 12:04:54,721 [Worker-34: Building] INFO  o.a.m.s.f.DefaultMavenResourcesFiltering - Copying 0 resource from src\main\resources to target\classes
2025-07-17 12:04:54,722 [Worker-34: Building] INFO  o.a.m.s.f.DefaultMavenResourcesFiltering - skip non existing resourceDirectory D:\IQGateway\Module 21 - CPS\Microservices\AdminMicroservice\src\test\resources
2025-07-17 12:05:16,241 [Worker-47: Building] INFO  o.a.m.s.f.DefaultMavenResourcesFiltering - Copying 1 resource from src\main\resources to target\classes
2025-07-17 12:05:16,258 [Worker-47: Building] INFO  o.a.m.s.f.DefaultMavenResourcesFiltering - Copying 0 resource from src\main\resources to target\classes
2025-07-17 12:05:16,263 [Worker-47: Building] INFO  o.a.m.s.f.DefaultMavenResourcesFiltering - skip non existing resourceDirectory D:\IQGateway\Module 21 - CPS\Microservices\AdminMicroservice\src\test\resources
2025-07-17 12:05:23,074 [Worker-34: Building] INFO  o.a.m.s.f.DefaultMavenResourcesFiltering - Copying 1 resource from src\main\resources to target\classes
2025-07-17 12:05:23,087 [Worker-34: Building] INFO  o.a.m.s.f.DefaultMavenResourcesFiltering - Copying 0 resource from src\main\resources to target\classes
2025-07-17 12:05:23,090 [Worker-34: Building] INFO  o.a.m.s.f.DefaultMavenResourcesFiltering - skip non existing resourceDirectory D:\IQGateway\Module 21 - CPS\Microservices\AdminMicroservice\src\test\resources
2025-07-17 12:05:28,572 [Worker-39: Building] INFO  o.a.m.s.f.DefaultMavenResourcesFiltering - Copying 1 resource from src\main\resources to target\classes
2025-07-17 12:05:28,581 [Worker-39: Building] INFO  o.a.m.s.f.DefaultMavenResourcesFiltering - Copying 0 resource from src\main\resources to target\classes
2025-07-17 12:05:28,583 [Worker-39: Building] INFO  o.a.m.s.f.DefaultMavenResourcesFiltering - skip non existing resourceDirectory D:\IQGateway\Module 21 - CPS\Microservices\AdminMicroservice\src\test\resources
2025-07-17 12:05:35,426 [Worker-45: Building] INFO  o.a.m.s.f.DefaultMavenResourcesFiltering - Copying 1 resource from src\main\resources to target\classes
2025-07-17 12:05:35,435 [Worker-45: Building] INFO  o.a.m.s.f.DefaultMavenResourcesFiltering - Copying 0 resource from src\main\resources to target\classes
2025-07-17 12:05:35,436 [Worker-45: Building] INFO  o.a.m.s.f.DefaultMavenResourcesFiltering - skip non existing resourceDirectory D:\IQGateway\Module 21 - CPS\Microservices\AdminMicroservice\src\test\resources
2025-07-17 12:05:40,672 [Worker-45: Building] INFO  o.a.m.s.f.DefaultMavenResourcesFiltering - Copying 1 resource from src\main\resources to target\classes
2025-07-17 12:05:40,705 [Worker-45: Building] INFO  o.a.m.s.f.DefaultMavenResourcesFiltering - Copying 0 resource from src\main\resources to target\classes
2025-07-17 12:05:40,708 [Worker-45: Building] INFO  o.a.m.s.f.DefaultMavenResourcesFiltering - skip non existing resourceDirectory D:\IQGateway\Module 21 - CPS\Microservices\AdminMicroservice\src\test\resources
2025-07-17 12:05:57,712 [Worker-44: Building] INFO  o.a.m.s.f.DefaultMavenResourcesFiltering - Copying 1 resource from src\main\resources to target\classes
2025-07-17 12:05:57,719 [Worker-44: Building] INFO  o.a.m.s.f.DefaultMavenResourcesFiltering - Copying 0 resource from src\main\resources to target\classes
2025-07-17 12:05:57,721 [Worker-44: Building] INFO  o.a.m.s.f.DefaultMavenResourcesFiltering - skip non existing resourceDirectory D:\IQGateway\Module 21 - CPS\Microservices\AdminMicroservice\src\test\resources
2025-07-17 12:06:04,392 [Worker-47: Building] INFO  o.a.m.s.f.DefaultMavenResourcesFiltering - Copying 1 resource from src\main\resources to target\classes
2025-07-17 12:06:04,396 [Worker-47: Building] INFO  o.a.m.s.f.DefaultMavenResourcesFiltering - Copying 0 resource from src\main\resources to target\classes
2025-07-17 12:06:04,398 [Worker-47: Building] INFO  o.a.m.s.f.DefaultMavenResourcesFiltering - skip non existing resourceDirectory D:\IQGateway\Module 21 - CPS\Microservices\AdminMicroservice\src\test\resources
2025-07-17 12:06:12,781 [Worker-47: Building] INFO  o.a.m.s.f.DefaultMavenResourcesFiltering - Copying 1 resource from src\main\resources to target\classes
2025-07-17 12:06:12,786 [Worker-47: Building] INFO  o.a.m.s.f.DefaultMavenResourcesFiltering - Copying 0 resource from src\main\resources to target\classes
2025-07-17 12:06:12,788 [Worker-47: Building] INFO  o.a.m.s.f.DefaultMavenResourcesFiltering - skip non existing resourceDirectory D:\IQGateway\Module 21 - CPS\Microservices\AdminMicroservice\src\test\resources
2025-07-17 12:06:19,368 [Worker-39: Building] INFO  o.a.m.s.f.DefaultMavenResourcesFiltering - Copying 1 resource from src\main\resources to target\classes
2025-07-17 12:06:19,373 [Worker-39: Building] INFO  o.a.m.s.f.DefaultMavenResourcesFiltering - Copying 0 resource from src\main\resources to target\classes
2025-07-17 12:06:19,374 [Worker-39: Building] INFO  o.a.m.s.f.DefaultMavenResourcesFiltering - skip non existing resourceDirectory D:\IQGateway\Module 21 - CPS\Microservices\AdminMicroservice\src\test\resources
2025-07-17 12:06:25,343 [Worker-44: Building] INFO  o.a.m.s.f.DefaultMavenResourcesFiltering - Copying 1 resource from src\main\resources to target\classes
2025-07-17 12:06:25,348 [Worker-44: Building] INFO  o.a.m.s.f.DefaultMavenResourcesFiltering - Copying 0 resource from src\main\resources to target\classes
2025-07-17 12:06:25,350 [Worker-44: Building] INFO  o.a.m.s.f.DefaultMavenResourcesFiltering - skip non existing resourceDirectory D:\IQGateway\Module 21 - CPS\Microservices\AdminMicroservice\src\test\resources
2025-07-17 12:06:35,634 [Worker-47: Building] INFO  o.a.m.s.f.DefaultMavenResourcesFiltering - Copying 1 resource from src\main\resources to target\classes
2025-07-17 12:06:35,649 [Worker-47: Building] INFO  o.a.m.s.f.DefaultMavenResourcesFiltering - Copying 0 resource from src\main\resources to target\classes
2025-07-17 12:06:35,652 [Worker-47: Building] INFO  o.a.m.s.f.DefaultMavenResourcesFiltering - skip non existing resourceDirectory D:\IQGateway\Module 21 - CPS\Microservices\AdminMicroservice\src\test\resources
2025-07-17 12:06:39,640 [Worker-34: Building] INFO  o.a.m.s.f.DefaultMavenResourcesFiltering - Copying 1 resource from src\main\resources to target\classes
2025-07-17 12:06:39,647 [Worker-34: Building] INFO  o.a.m.s.f.DefaultMavenResourcesFiltering - Copying 0 resource from src\main\resources to target\classes
2025-07-17 12:06:39,650 [Worker-34: Building] INFO  o.a.m.s.f.DefaultMavenResourcesFiltering - skip non existing resourceDirectory D:\IQGateway\Module 21 - CPS\Microservices\AdminMicroservice\src\test\resources
2025-07-17 12:06:48,126 [Worker-39: Building] INFO  o.a.m.s.f.DefaultMavenResourcesFiltering - Copying 1 resource from src\main\resources to target\classes
2025-07-17 12:06:48,132 [Worker-39: Building] INFO  o.a.m.s.f.DefaultMavenResourcesFiltering - Copying 0 resource from src\main\resources to target\classes
2025-07-17 12:06:48,135 [Worker-39: Building] INFO  o.a.m.s.f.DefaultMavenResourcesFiltering - skip non existing resourceDirectory D:\IQGateway\Module 21 - CPS\Microservices\AdminMicroservice\src\test\resources
2025-07-17 12:06:51,899 [Worker-47: Building] INFO  o.a.m.s.f.DefaultMavenResourcesFiltering - Copying 1 resource from src\main\resources to target\classes
2025-07-17 12:06:51,904 [Worker-47: Building] INFO  o.a.m.s.f.DefaultMavenResourcesFiltering - Copying 0 resource from src\main\resources to target\classes
2025-07-17 12:06:51,906 [Worker-47: Building] INFO  o.a.m.s.f.DefaultMavenResourcesFiltering - skip non existing resourceDirectory D:\IQGateway\Module 21 - CPS\Microservices\AdminMicroservice\src\test\resources
2025-07-17 12:06:58,619 [Worker-39: Building] INFO  o.a.m.s.f.DefaultMavenResourcesFiltering - Copying 1 resource from src\main\resources to target\classes
2025-07-17 12:06:58,623 [Worker-39: Building] INFO  o.a.m.s.f.DefaultMavenResourcesFiltering - Copying 0 resource from src\main\resources to target\classes
2025-07-17 12:06:58,626 [Worker-39: Building] INFO  o.a.m.s.f.DefaultMavenResourcesFiltering - skip non existing resourceDirectory D:\IQGateway\Module 21 - CPS\Microservices\AdminMicroservice\src\test\resources
2025-07-17 12:07:03,534 [Worker-34: Building] INFO  o.a.m.s.f.DefaultMavenResourcesFiltering - Copying 1 resource from src\main\resources to target\classes
2025-07-17 12:07:03,539 [Worker-34: Building] INFO  o.a.m.s.f.DefaultMavenResourcesFiltering - Copying 0 resource from src\main\resources to target\classes
2025-07-17 12:07:03,542 [Worker-34: Building] INFO  o.a.m.s.f.DefaultMavenResourcesFiltering - skip non existing resourceDirectory D:\IQGateway\Module 21 - CPS\Microservices\AdminMicroservice\src\test\resources
2025-07-17 12:07:11,915 [Worker-45: Building] INFO  o.a.m.s.f.DefaultMavenResourcesFiltering - Copying 1 resource from src\main\resources to target\classes
2025-07-17 12:07:11,926 [Worker-45: Building] INFO  o.a.m.s.f.DefaultMavenResourcesFiltering - Copying 0 resource from src\main\resources to target\classes
2025-07-17 12:07:11,927 [Worker-45: Building] INFO  o.a.m.s.f.DefaultMavenResourcesFiltering - skip non existing resourceDirectory D:\IQGateway\Module 21 - CPS\Microservices\AdminMicroservice\src\test\resources
2025-07-17 12:07:15,546 [Worker-44: Building] INFO  o.a.m.s.f.DefaultMavenResourcesFiltering - Copying 1 resource from src\main\resources to target\classes
2025-07-17 12:07:15,551 [Worker-44: Building] INFO  o.a.m.s.f.DefaultMavenResourcesFiltering - Copying 0 resource from src\main\resources to target\classes
2025-07-17 12:07:15,553 [Worker-44: Building] INFO  o.a.m.s.f.DefaultMavenResourcesFiltering - skip non existing resourceDirectory D:\IQGateway\Module 21 - CPS\Microservices\AdminMicroservice\src\test\resources
2025-07-17 12:07:29,058 [Worker-45: Building] INFO  o.a.m.s.f.DefaultMavenResourcesFiltering - Copying 1 resource from src\main\resources to target\classes
2025-07-17 12:07:29,063 [Worker-45: Building] INFO  o.a.m.s.f.DefaultMavenResourcesFiltering - Copying 0 resource from src\main\resources to target\classes
2025-07-17 12:07:29,065 [Worker-45: Building] INFO  o.a.m.s.f.DefaultMavenResourcesFiltering - skip non existing resourceDirectory D:\IQGateway\Module 21 - CPS\Microservices\AdminMicroservice\src\test\resources
2025-07-17 12:07:32,820 [Worker-47: Building] INFO  o.a.m.s.f.DefaultMavenResourcesFiltering - Copying 1 resource from src\main\resources to target\classes
2025-07-17 12:07:32,825 [Worker-47: Building] INFO  o.a.m.s.f.DefaultMavenResourcesFiltering - Copying 0 resource from src\main\resources to target\classes
2025-07-17 12:07:32,827 [Worker-47: Building] INFO  o.a.m.s.f.DefaultMavenResourcesFiltering - skip non existing resourceDirectory D:\IQGateway\Module 21 - CPS\Microservices\AdminMicroservice\src\test\resources
2025-07-17 12:07:36,297 [Worker-39: Building] INFO  o.a.m.s.f.DefaultMavenResourcesFiltering - Copying 1 resource from src\main\resources to target\classes
2025-07-17 12:07:36,302 [Worker-39: Building] INFO  o.a.m.s.f.DefaultMavenResourcesFiltering - Copying 0 resource from src\main\resources to target\classes
2025-07-17 12:07:36,304 [Worker-39: Building] INFO  o.a.m.s.f.DefaultMavenResourcesFiltering - skip non existing resourceDirectory D:\IQGateway\Module 21 - CPS\Microservices\AdminMicroservice\src\test\resources
2025-07-17 12:07:40,233 [Worker-34: Building] INFO  o.a.m.s.f.DefaultMavenResourcesFiltering - Copying 1 resource from src\main\resources to target\classes
2025-07-17 12:07:40,239 [Worker-34: Building] INFO  o.a.m.s.f.DefaultMavenResourcesFiltering - Copying 0 resource from src\main\resources to target\classes
2025-07-17 12:07:40,241 [Worker-34: Building] INFO  o.a.m.s.f.DefaultMavenResourcesFiltering - skip non existing resourceDirectory D:\IQGateway\Module 21 - CPS\Microservices\AdminMicroservice\src\test\resources
2025-07-17 12:07:52,606 [Worker-39: Building] INFO  o.a.m.s.f.DefaultMavenResourcesFiltering - Copying 1 resource from src\main\resources to target\classes
2025-07-17 12:07:52,612 [Worker-39: Building] INFO  o.a.m.s.f.DefaultMavenResourcesFiltering - Copying 0 resource from src\main\resources to target\classes
2025-07-17 12:07:52,615 [Worker-39: Building] INFO  o.a.m.s.f.DefaultMavenResourcesFiltering - skip non existing resourceDirectory D:\IQGateway\Module 21 - CPS\Microservices\AdminMicroservice\src\test\resources
2025-07-17 12:07:56,660 [Worker-46: Building] INFO  o.a.m.s.f.DefaultMavenResourcesFiltering - Copying 1 resource from src\main\resources to target\classes
2025-07-17 12:07:56,665 [Worker-46: Building] INFO  o.a.m.s.f.DefaultMavenResourcesFiltering - Copying 0 resource from src\main\resources to target\classes
2025-07-17 12:07:56,668 [Worker-46: Building] INFO  o.a.m.s.f.DefaultMavenResourcesFiltering - skip non existing resourceDirectory D:\IQGateway\Module 21 - CPS\Microservices\AdminMicroservice\src\test\resources
2025-07-17 12:08:00,471 [Worker-39: Building] INFO  o.a.m.s.f.DefaultMavenResourcesFiltering - Copying 1 resource from src\main\resources to target\classes
2025-07-17 12:08:00,477 [Worker-39: Building] INFO  o.a.m.s.f.DefaultMavenResourcesFiltering - Copying 0 resource from src\main\resources to target\classes
2025-07-17 12:08:00,479 [Worker-39: Building] INFO  o.a.m.s.f.DefaultMavenResourcesFiltering - skip non existing resourceDirectory D:\IQGateway\Module 21 - CPS\Microservices\AdminMicroservice\src\test\resources
2025-07-17 12:08:04,205 [Worker-46: Building] INFO  o.a.m.s.f.DefaultMavenResourcesFiltering - Copying 1 resource from src\main\resources to target\classes
2025-07-17 12:08:04,211 [Worker-46: Building] INFO  o.a.m.s.f.DefaultMavenResourcesFiltering - Copying 0 resource from src\main\resources to target\classes
2025-07-17 12:08:04,213 [Worker-46: Building] INFO  o.a.m.s.f.DefaultMavenResourcesFiltering - skip non existing resourceDirectory D:\IQGateway\Module 21 - CPS\Microservices\AdminMicroservice\src\test\resources
2025-07-17 12:08:11,756 [Worker-46: Building] INFO  o.a.m.s.f.DefaultMavenResourcesFiltering - Copying 1 resource from src\main\resources to target\classes
2025-07-17 12:08:11,763 [Worker-46: Building] INFO  o.a.m.s.f.DefaultMavenResourcesFiltering - Copying 0 resource from src\main\resources to target\classes
2025-07-17 12:08:11,766 [Worker-46: Building] INFO  o.a.m.s.f.DefaultMavenResourcesFiltering - skip non existing resourceDirectory D:\IQGateway\Module 21 - CPS\Microservices\AdminMicroservice\src\test\resources
2025-07-17 12:08:15,588 [Worker-44: Building] INFO  o.a.m.s.f.DefaultMavenResourcesFiltering - Copying 1 resource from src\main\resources to target\classes
2025-07-17 12:08:15,603 [Worker-44: Building] INFO  o.a.m.s.f.DefaultMavenResourcesFiltering - Copying 0 resource from src\main\resources to target\classes
2025-07-17 12:08:15,606 [Worker-44: Building] INFO  o.a.m.s.f.DefaultMavenResourcesFiltering - skip non existing resourceDirectory D:\IQGateway\Module 21 - CPS\Microservices\AdminMicroservice\src\test\resources
2025-07-17 12:08:19,176 [Worker-47: Building] INFO  o.a.m.s.f.DefaultMavenResourcesFiltering - Copying 1 resource from src\main\resources to target\classes
2025-07-17 12:08:19,181 [Worker-47: Building] INFO  o.a.m.s.f.DefaultMavenResourcesFiltering - Copying 0 resource from src\main\resources to target\classes
2025-07-17 12:08:19,183 [Worker-47: Building] INFO  o.a.m.s.f.DefaultMavenResourcesFiltering - skip non existing resourceDirectory D:\IQGateway\Module 21 - CPS\Microservices\AdminMicroservice\src\test\resources
2025-07-17 12:08:24,544 [Worker-45: Building] INFO  o.a.m.s.f.DefaultMavenResourcesFiltering - Copying 1 resource from src\main\resources to target\classes
2025-07-17 12:08:24,550 [Worker-45: Building] INFO  o.a.m.s.f.DefaultMavenResourcesFiltering - Copying 0 resource from src\main\resources to target\classes
2025-07-17 12:08:24,552 [Worker-45: Building] INFO  o.a.m.s.f.DefaultMavenResourcesFiltering - skip non existing resourceDirectory D:\IQGateway\Module 21 - CPS\Microservices\AdminMicroservice\src\test\resources
2025-07-17 12:08:33,103 [Worker-34: Building] INFO  o.a.m.s.f.DefaultMavenResourcesFiltering - Copying 1 resource from src\main\resources to target\classes
2025-07-17 12:08:33,109 [Worker-34: Building] INFO  o.a.m.s.f.DefaultMavenResourcesFiltering - Copying 0 resource from src\main\resources to target\classes
2025-07-17 12:08:33,111 [Worker-34: Building] INFO  o.a.m.s.f.DefaultMavenResourcesFiltering - skip non existing resourceDirectory D:\IQGateway\Module 21 - CPS\Microservices\AdminMicroservice\src\test\resources
2025-07-17 12:08:36,726 [Worker-45: Building] INFO  o.a.m.s.f.DefaultMavenResourcesFiltering - Copying 1 resource from src\main\resources to target\classes
2025-07-17 12:08:36,732 [Worker-45: Building] INFO  o.a.m.s.f.DefaultMavenResourcesFiltering - Copying 0 resource from src\main\resources to target\classes
2025-07-17 12:08:36,733 [Worker-45: Building] INFO  o.a.m.s.f.DefaultMavenResourcesFiltering - skip non existing resourceDirectory D:\IQGateway\Module 21 - CPS\Microservices\AdminMicroservice\src\test\resources
2025-07-17 12:08:41,636 [Worker-46: Building] INFO  o.a.m.s.f.DefaultMavenResourcesFiltering - Copying 1 resource from src\main\resources to target\classes
2025-07-17 12:08:41,641 [Worker-46: Building] INFO  o.a.m.s.f.DefaultMavenResourcesFiltering - Copying 0 resource from src\main\resources to target\classes
2025-07-17 12:08:41,643 [Worker-46: Building] INFO  o.a.m.s.f.DefaultMavenResourcesFiltering - skip non existing resourceDirectory D:\IQGateway\Module 21 - CPS\Microservices\AdminMicroservice\src\test\resources
2025-07-17 12:08:45,896 [Worker-47: Building] INFO  o.a.m.s.f.DefaultMavenResourcesFiltering - Copying 1 resource from src\main\resources to target\classes
2025-07-17 12:08:45,904 [Worker-47: Building] INFO  o.a.m.s.f.DefaultMavenResourcesFiltering - Copying 0 resource from src\main\resources to target\classes
2025-07-17 12:08:45,908 [Worker-47: Building] INFO  o.a.m.s.f.DefaultMavenResourcesFiltering - skip non existing resourceDirectory D:\IQGateway\Module 21 - CPS\Microservices\AdminMicroservice\src\test\resources
2025-07-17 12:08:54,235 [Worker-46: Building] INFO  o.a.m.s.f.DefaultMavenResourcesFiltering - Copying 1 resource from src\main\resources to target\classes
2025-07-17 12:08:54,239 [Worker-46: Building] INFO  o.a.m.s.f.DefaultMavenResourcesFiltering - Copying 0 resource from src\main\resources to target\classes
2025-07-17 12:08:54,240 [Worker-46: Building] INFO  o.a.m.s.f.DefaultMavenResourcesFiltering - skip non existing resourceDirectory D:\IQGateway\Module 21 - CPS\Microservices\AdminMicroservice\src\test\resources
2025-07-17 12:08:58,071 [Worker-39: Building] INFO  o.a.m.s.f.DefaultMavenResourcesFiltering - Copying 1 resource from src\main\resources to target\classes
2025-07-17 12:08:58,076 [Worker-39: Building] INFO  o.a.m.s.f.DefaultMavenResourcesFiltering - Copying 0 resource from src\main\resources to target\classes
2025-07-17 12:08:58,078 [Worker-39: Building] INFO  o.a.m.s.f.DefaultMavenResourcesFiltering - skip non existing resourceDirectory D:\IQGateway\Module 21 - CPS\Microservices\AdminMicroservice\src\test\resources
2025-07-17 12:09:01,674 [Worker-48: Building] INFO  o.a.m.s.f.DefaultMavenResourcesFiltering - Copying 1 resource from src\main\resources to target\classes
2025-07-17 12:09:01,681 [Worker-48: Building] INFO  o.a.m.s.f.DefaultMavenResourcesFiltering - Copying 0 resource from src\main\resources to target\classes
2025-07-17 12:09:01,683 [Worker-48: Building] INFO  o.a.m.s.f.DefaultMavenResourcesFiltering - skip non existing resourceDirectory D:\IQGateway\Module 21 - CPS\Microservices\AdminMicroservice\src\test\resources
2025-07-17 12:09:05,393 [Worker-39: Building] INFO  o.a.m.s.f.DefaultMavenResourcesFiltering - Copying 1 resource from src\main\resources to target\classes
2025-07-17 12:09:05,399 [Worker-39: Building] INFO  o.a.m.s.f.DefaultMavenResourcesFiltering - Copying 0 resource from src\main\resources to target\classes
2025-07-17 12:09:05,401 [Worker-39: Building] INFO  o.a.m.s.f.DefaultMavenResourcesFiltering - skip non existing resourceDirectory D:\IQGateway\Module 21 - CPS\Microservices\AdminMicroservice\src\test\resources
2025-07-17 12:09:26,609 [Worker-45: Building] INFO  o.a.m.s.f.DefaultMavenResourcesFiltering - Copying 1 resource from src\main\resources to target\classes
2025-07-17 12:09:26,614 [Worker-45: Building] INFO  o.a.m.s.f.DefaultMavenResourcesFiltering - Copying 0 resource from src\main\resources to target\classes
2025-07-17 12:09:26,619 [Worker-45: Building] INFO  o.a.m.s.f.DefaultMavenResourcesFiltering - skip non existing resourceDirectory D:\IQGateway\Module 21 - CPS\Microservices\AdminMicroservice\src\test\resources
2025-07-17 12:12:13,742 [Worker-41: Import Getting Started Content] INFO  o.e.m.c.i.l.LifecycleMappingFactory - Using org.eclipse.m2e.jdt.JarLifecycleMapping lifecycle mapping for MavenProject: com.cps:VerifierMicroservice:0.0.1-SNAPSHOT @ D:\IQGateway\Module 21 - CPS\Microservices\VerifierMicroservice\pom.xml.
2025-07-17 12:12:14,279 [Worker-41: Import Getting Started Content] INFO  o.e.m.j.i.AbstractJavaProjectConfigurator - Adding source folder /VerifierMicroservice/src/main/java
2025-07-17 12:12:14,280 [Worker-41: Import Getting Started Content] INFO  o.e.m.j.i.AbstractJavaProjectConfigurator - Adding resource folder /VerifierMicroservice/src/main/resources
2025-07-17 12:12:14,285 [Worker-41: Import Getting Started Content] INFO  o.e.m.j.i.AbstractJavaProjectConfigurator - Adding resource folder /VerifierMicroservice/src/main/resources
2025-07-17 12:12:14,289 [Worker-41: Import Getting Started Content] INFO  o.e.m.j.i.AbstractJavaProjectConfigurator - Adding source folder /VerifierMicroservice/src/test/java
2025-07-17 12:12:14,290 [Worker-41: Import Getting Started Content] INFO  o.e.m.j.i.AbstractJavaProjectConfigurator - Adding resource folder /VerifierMicroservice/src/test/resources
2025-07-17 12:12:15,650 [Worker-41: Import Getting Started Content] INFO  o.e.m.c.i.p.ProjectConfigurationManager - Imported and configured 1 project(s) in 2 sec
2025-07-17 12:12:15,652 [Worker-41: Import Getting Started Content] INFO  o.e.m.c.i.p.ProjectConfigurationManager - Update started
2025-07-17 12:12:15,879 [Worker-41: Import Getting Started Content] INFO  o.e.m.c.i.l.LifecycleMappingFactory - Using org.eclipse.m2e.jdt.JarLifecycleMapping lifecycle mapping for MavenProject: com.cps:VerifierMicroservice:0.0.1-SNAPSHOT @ D:\IQGateway\Module 21 - CPS\Microservices\VerifierMicroservice\pom.xml.
2025-07-17 12:12:16,333 [Worker-41: Import Getting Started Content] INFO  o.e.m.j.i.AbstractJavaProjectConfigurator - Adding source folder /VerifierMicroservice/src/main/java
2025-07-17 12:12:16,333 [Worker-41: Import Getting Started Content] INFO  o.e.m.j.i.AbstractJavaProjectConfigurator - Adding resource folder /VerifierMicroservice/src/main/resources
2025-07-17 12:12:16,334 [Worker-41: Import Getting Started Content] INFO  o.e.m.j.i.AbstractJavaProjectConfigurator - Adding resource folder /VerifierMicroservice/src/main/resources
2025-07-17 12:12:16,334 [Worker-41: Import Getting Started Content] INFO  o.e.m.j.i.AbstractJavaProjectConfigurator - Adding source folder /VerifierMicroservice/src/test/java
2025-07-17 12:12:16,335 [Worker-41: Import Getting Started Content] INFO  o.e.m.j.i.AbstractJavaProjectConfigurator - Adding resource folder /VerifierMicroservice/src/test/resources
2025-07-17 12:12:16,598 [Worker-41: Import Getting Started Content] INFO  o.e.m.c.i.p.ProjectConfigurationManager - Update completed for 1 poms: local refresh takes 0.00 sec, refresh facades takes 0.00 sec, update config takes 0.00 sec 
2025-07-17 12:12:16,942 [Worker-45: Building] INFO  o.a.m.s.f.DefaultMavenResourcesFiltering - Copying 1 resource from src\main\resources to target\classes
2025-07-17 12:12:16,951 [Worker-45: Building] INFO  o.a.m.s.f.DefaultMavenResourcesFiltering - Copying 0 resource from src\main\resources to target\classes
2025-07-17 12:12:16,954 [Worker-45: Building] INFO  o.a.m.s.f.DefaultMavenResourcesFiltering - skip non existing resourceDirectory D:\IQGateway\Module 21 - CPS\Microservices\VerifierMicroservice\src\test\resources
2025-07-17 12:12:38,597 [Worker-41: Building] INFO  o.e.m.c.i.l.LifecycleMappingFactory - Using org.eclipse.m2e.jdt.JarLifecycleMapping lifecycle mapping for MavenProject: com.cps:VerifierMicroservice:0.0.1-SNAPSHOT @ D:\IQGateway\Module 21 - CPS\Microservices\VerifierMicroservice\pom.xml.
2025-07-17 12:12:39,106 [Worker-41: Building] INFO  o.a.m.s.f.DefaultMavenResourcesFiltering - Copying 0 resource from src\main\resources to target\classes
2025-07-17 12:12:39,106 [Worker-41: Building] INFO  o.a.m.s.f.DefaultMavenResourcesFiltering - Copying 0 resource from src\main\resources to target\classes
2025-07-17 12:12:39,109 [Worker-41: Building] INFO  o.a.m.s.f.DefaultMavenResourcesFiltering - skip non existing resourceDirectory D:\IQGateway\Module 21 - CPS\Microservices\VerifierMicroservice\src\test\resources
2025-07-17 12:13:00,285 [Worker-45: Building] INFO  o.a.m.s.f.DefaultMavenResourcesFiltering - Copying 1 resource from src\main\resources to target\classes
2025-07-17 12:13:00,298 [Worker-45: Building] INFO  o.a.m.s.f.DefaultMavenResourcesFiltering - Copying 0 resource from src\main\resources to target\classes
2025-07-17 12:13:00,301 [Worker-45: Building] INFO  o.a.m.s.f.DefaultMavenResourcesFiltering - skip non existing resourceDirectory D:\IQGateway\Module 21 - CPS\Microservices\VerifierMicroservice\src\test\resources
2025-07-17 12:13:49,860 [Worker-45: Building] INFO  o.a.m.s.f.DefaultMavenResourcesFiltering - Copying 1 resource from src\main\resources to target\classes
2025-07-17 12:13:49,870 [Worker-45: Building] INFO  o.a.m.s.f.DefaultMavenResourcesFiltering - Copying 0 resource from src\main\resources to target\classes
2025-07-17 12:13:49,874 [Worker-45: Building] INFO  o.a.m.s.f.DefaultMavenResourcesFiltering - skip non existing resourceDirectory D:\IQGateway\Module 21 - CPS\Microservices\VerifierMicroservice\src\test\resources
2025-07-17 12:15:52,416 [Worker-41: Building] INFO  o.a.m.s.f.DefaultMavenResourcesFiltering - Copying 1 resource from src\main\resources to target\classes
2025-07-17 12:15:52,445 [Worker-41: Building] INFO  o.a.m.s.f.DefaultMavenResourcesFiltering - Copying 0 resource from src\main\resources to target\classes
2025-07-17 12:15:52,450 [Worker-41: Building] INFO  o.a.m.s.f.DefaultMavenResourcesFiltering - skip non existing resourceDirectory D:\IQGateway\Module 21 - CPS\Microservices\VerifierMicroservice\src\test\resources
2025-07-17 12:16:00,542 [Worker-48: Building] INFO  o.a.m.s.f.DefaultMavenResourcesFiltering - Copying 1 resource from src\main\resources to target\classes
2025-07-17 12:16:00,548 [Worker-48: Building] INFO  o.a.m.s.f.DefaultMavenResourcesFiltering - Copying 0 resource from src\main\resources to target\classes
2025-07-17 12:16:00,550 [Worker-48: Building] INFO  o.a.m.s.f.DefaultMavenResourcesFiltering - skip non existing resourceDirectory D:\IQGateway\Module 21 - CPS\Microservices\VerifierMicroservice\src\test\resources
2025-07-17 12:16:05,835 [Worker-51: Building] INFO  o.a.m.s.f.DefaultMavenResourcesFiltering - Copying 1 resource from src\main\resources to target\classes
2025-07-17 12:16:05,846 [Worker-51: Building] INFO  o.a.m.s.f.DefaultMavenResourcesFiltering - Copying 0 resource from src\main\resources to target\classes
2025-07-17 12:16:05,849 [Worker-51: Building] INFO  o.a.m.s.f.DefaultMavenResourcesFiltering - skip non existing resourceDirectory D:\IQGateway\Module 21 - CPS\Microservices\VerifierMicroservice\src\test\resources
2025-07-17 12:16:11,620 [Worker-41: Building] INFO  o.a.m.s.f.DefaultMavenResourcesFiltering - Copying 1 resource from src\main\resources to target\classes
2025-07-17 12:16:11,627 [Worker-41: Building] INFO  o.a.m.s.f.DefaultMavenResourcesFiltering - Copying 0 resource from src\main\resources to target\classes
2025-07-17 12:16:11,630 [Worker-41: Building] INFO  o.a.m.s.f.DefaultMavenResourcesFiltering - skip non existing resourceDirectory D:\IQGateway\Module 21 - CPS\Microservices\VerifierMicroservice\src\test\resources
2025-07-17 12:16:20,291 [Worker-45: Building] INFO  o.a.m.s.f.DefaultMavenResourcesFiltering - Copying 1 resource from src\main\resources to target\classes
2025-07-17 12:16:20,295 [Worker-45: Building] INFO  o.a.m.s.f.DefaultMavenResourcesFiltering - Copying 0 resource from src\main\resources to target\classes
2025-07-17 12:16:20,297 [Worker-45: Building] INFO  o.a.m.s.f.DefaultMavenResourcesFiltering - skip non existing resourceDirectory D:\IQGateway\Module 21 - CPS\Microservices\VerifierMicroservice\src\test\resources
2025-07-17 12:16:35,776 [Worker-48: Building] INFO  o.a.m.s.f.DefaultMavenResourcesFiltering - Copying 1 resource from src\main\resources to target\classes
2025-07-17 12:16:35,782 [Worker-48: Building] INFO  o.a.m.s.f.DefaultMavenResourcesFiltering - Copying 0 resource from src\main\resources to target\classes
2025-07-17 12:16:35,784 [Worker-48: Building] INFO  o.a.m.s.f.DefaultMavenResourcesFiltering - skip non existing resourceDirectory D:\IQGateway\Module 21 - CPS\Microservices\VerifierMicroservice\src\test\resources
2025-07-17 12:16:53,196 [Worker-51: Building] INFO  o.a.m.s.f.DefaultMavenResourcesFiltering - Copying 1 resource from src\main\resources to target\classes
2025-07-17 12:16:53,208 [Worker-51: Building] INFO  o.a.m.s.f.DefaultMavenResourcesFiltering - Copying 0 resource from src\main\resources to target\classes
2025-07-17 12:16:53,212 [Worker-51: Building] INFO  o.a.m.s.f.DefaultMavenResourcesFiltering - skip non existing resourceDirectory D:\IQGateway\Module 21 - CPS\Microservices\VerifierMicroservice\src\test\resources
2025-07-17 12:17:05,264 [Worker-51: Building] INFO  o.a.m.s.f.DefaultMavenResourcesFiltering - Copying 1 resource from src\main\resources to target\classes
2025-07-17 12:17:05,269 [Worker-51: Building] INFO  o.a.m.s.f.DefaultMavenResourcesFiltering - Copying 0 resource from src\main\resources to target\classes
2025-07-17 12:17:05,270 [Worker-51: Building] INFO  o.a.m.s.f.DefaultMavenResourcesFiltering - skip non existing resourceDirectory D:\IQGateway\Module 21 - CPS\Microservices\VerifierMicroservice\src\test\resources
2025-07-17 12:17:13,649 [Worker-45: Building] INFO  o.a.m.s.f.DefaultMavenResourcesFiltering - Copying 1 resource from src\main\resources to target\classes
2025-07-17 12:17:13,654 [Worker-45: Building] INFO  o.a.m.s.f.DefaultMavenResourcesFiltering - Copying 0 resource from src\main\resources to target\classes
2025-07-17 12:17:13,656 [Worker-45: Building] INFO  o.a.m.s.f.DefaultMavenResourcesFiltering - skip non existing resourceDirectory D:\IQGateway\Module 21 - CPS\Microservices\VerifierMicroservice\src\test\resources
2025-07-17 12:17:21,344 [Worker-50: Building] INFO  o.a.m.s.f.DefaultMavenResourcesFiltering - Copying 1 resource from src\main\resources to target\classes
2025-07-17 12:17:21,349 [Worker-50: Building] INFO  o.a.m.s.f.DefaultMavenResourcesFiltering - Copying 0 resource from src\main\resources to target\classes
2025-07-17 12:17:21,351 [Worker-50: Building] INFO  o.a.m.s.f.DefaultMavenResourcesFiltering - skip non existing resourceDirectory D:\IQGateway\Module 21 - CPS\Microservices\VerifierMicroservice\src\test\resources
2025-07-17 12:17:31,153 [Worker-48: Building] INFO  o.a.m.s.f.DefaultMavenResourcesFiltering - Copying 1 resource from src\main\resources to target\classes
2025-07-17 12:17:31,159 [Worker-48: Building] INFO  o.a.m.s.f.DefaultMavenResourcesFiltering - Copying 0 resource from src\main\resources to target\classes
2025-07-17 12:17:31,161 [Worker-48: Building] INFO  o.a.m.s.f.DefaultMavenResourcesFiltering - skip non existing resourceDirectory D:\IQGateway\Module 21 - CPS\Microservices\VerifierMicroservice\src\test\resources
2025-07-17 12:17:37,528 [Worker-50: Building] INFO  o.a.m.s.f.DefaultMavenResourcesFiltering - Copying 1 resource from src\main\resources to target\classes
2025-07-17 12:17:37,533 [Worker-50: Building] INFO  o.a.m.s.f.DefaultMavenResourcesFiltering - Copying 0 resource from src\main\resources to target\classes
2025-07-17 12:17:37,535 [Worker-50: Building] INFO  o.a.m.s.f.DefaultMavenResourcesFiltering - skip non existing resourceDirectory D:\IQGateway\Module 21 - CPS\Microservices\VerifierMicroservice\src\test\resources
2025-07-17 12:17:40,480 [Worker-52: Building] INFO  o.a.m.s.f.DefaultMavenResourcesFiltering - Copying 1 resource from src\main\resources to target\classes
2025-07-17 12:17:40,486 [Worker-52: Building] INFO  o.a.m.s.f.DefaultMavenResourcesFiltering - Copying 0 resource from src\main\resources to target\classes
2025-07-17 12:17:40,487 [Worker-52: Building] INFO  o.a.m.s.f.DefaultMavenResourcesFiltering - skip non existing resourceDirectory D:\IQGateway\Module 21 - CPS\Microservices\VerifierMicroservice\src\test\resources
2025-07-17 12:17:49,345 [Worker-51: Building] INFO  o.a.m.s.f.DefaultMavenResourcesFiltering - Copying 1 resource from src\main\resources to target\classes
2025-07-17 12:17:49,356 [Worker-51: Building] INFO  o.a.m.s.f.DefaultMavenResourcesFiltering - Copying 0 resource from src\main\resources to target\classes
2025-07-17 12:17:49,357 [Worker-51: Building] INFO  o.a.m.s.f.DefaultMavenResourcesFiltering - skip non existing resourceDirectory D:\IQGateway\Module 21 - CPS\Microservices\VerifierMicroservice\src\test\resources
2025-07-17 12:17:53,975 [Worker-51: Building] INFO  o.a.m.s.f.DefaultMavenResourcesFiltering - Copying 1 resource from src\main\resources to target\classes
2025-07-17 12:17:53,993 [Worker-51: Building] INFO  o.a.m.s.f.DefaultMavenResourcesFiltering - Copying 0 resource from src\main\resources to target\classes
2025-07-17 12:17:53,997 [Worker-51: Building] INFO  o.a.m.s.f.DefaultMavenResourcesFiltering - skip non existing resourceDirectory D:\IQGateway\Module 21 - CPS\Microservices\VerifierMicroservice\src\test\resources
2025-07-17 12:18:01,147 [Worker-52: Building] INFO  o.a.m.s.f.DefaultMavenResourcesFiltering - Copying 1 resource from src\main\resources to target\classes
2025-07-17 12:18:01,152 [Worker-52: Building] INFO  o.a.m.s.f.DefaultMavenResourcesFiltering - Copying 0 resource from src\main\resources to target\classes
2025-07-17 12:18:01,154 [Worker-52: Building] INFO  o.a.m.s.f.DefaultMavenResourcesFiltering - skip non existing resourceDirectory D:\IQGateway\Module 21 - CPS\Microservices\VerifierMicroservice\src\test\resources
2025-07-17 12:18:05,077 [Worker-41: Building] INFO  o.a.m.s.f.DefaultMavenResourcesFiltering - Copying 1 resource from src\main\resources to target\classes
2025-07-17 12:18:05,082 [Worker-41: Building] INFO  o.a.m.s.f.DefaultMavenResourcesFiltering - Copying 0 resource from src\main\resources to target\classes
2025-07-17 12:18:05,085 [Worker-41: Building] INFO  o.a.m.s.f.DefaultMavenResourcesFiltering - skip non existing resourceDirectory D:\IQGateway\Module 21 - CPS\Microservices\VerifierMicroservice\src\test\resources
2025-07-17 12:18:17,070 [Worker-48: Building] INFO  o.a.m.s.f.DefaultMavenResourcesFiltering - Copying 1 resource from src\main\resources to target\classes
2025-07-17 12:18:17,076 [Worker-48: Building] INFO  o.a.m.s.f.DefaultMavenResourcesFiltering - Copying 0 resource from src\main\resources to target\classes
2025-07-17 12:18:17,078 [Worker-48: Building] INFO  o.a.m.s.f.DefaultMavenResourcesFiltering - skip non existing resourceDirectory D:\IQGateway\Module 21 - CPS\Microservices\VerifierMicroservice\src\test\resources
2025-07-17 12:18:20,991 [Worker-51: Building] INFO  o.a.m.s.f.DefaultMavenResourcesFiltering - Copying 1 resource from src\main\resources to target\classes
2025-07-17 12:18:21,004 [Worker-51: Building] INFO  o.a.m.s.f.DefaultMavenResourcesFiltering - Copying 0 resource from src\main\resources to target\classes
2025-07-17 12:18:21,006 [Worker-51: Building] INFO  o.a.m.s.f.DefaultMavenResourcesFiltering - skip non existing resourceDirectory D:\IQGateway\Module 21 - CPS\Microservices\VerifierMicroservice\src\test\resources
2025-07-17 12:18:24,489 [Worker-51: Building] INFO  o.a.m.s.f.DefaultMavenResourcesFiltering - Copying 1 resource from src\main\resources to target\classes
2025-07-17 12:18:24,493 [Worker-51: Building] INFO  o.a.m.s.f.DefaultMavenResourcesFiltering - Copying 0 resource from src\main\resources to target\classes
2025-07-17 12:18:24,495 [Worker-51: Building] INFO  o.a.m.s.f.DefaultMavenResourcesFiltering - skip non existing resourceDirectory D:\IQGateway\Module 21 - CPS\Microservices\VerifierMicroservice\src\test\resources
2025-07-17 12:18:28,997 [Worker-52: Building] INFO  o.a.m.s.f.DefaultMavenResourcesFiltering - Copying 1 resource from src\main\resources to target\classes
2025-07-17 12:18:29,001 [Worker-52: Building] INFO  o.a.m.s.f.DefaultMavenResourcesFiltering - Copying 0 resource from src\main\resources to target\classes
2025-07-17 12:18:29,002 [Worker-52: Building] INFO  o.a.m.s.f.DefaultMavenResourcesFiltering - skip non existing resourceDirectory D:\IQGateway\Module 21 - CPS\Microservices\VerifierMicroservice\src\test\resources
2025-07-17 12:18:39,838 [Worker-50: Building] INFO  o.a.m.s.f.DefaultMavenResourcesFiltering - Copying 1 resource from src\main\resources to target\classes
2025-07-17 12:18:39,844 [Worker-50: Building] INFO  o.a.m.s.f.DefaultMavenResourcesFiltering - Copying 0 resource from src\main\resources to target\classes
2025-07-17 12:18:39,846 [Worker-50: Building] INFO  o.a.m.s.f.DefaultMavenResourcesFiltering - skip non existing resourceDirectory D:\IQGateway\Module 21 - CPS\Microservices\VerifierMicroservice\src\test\resources
2025-07-17 12:18:44,219 [Worker-52: Building] INFO  o.a.m.s.f.DefaultMavenResourcesFiltering - Copying 1 resource from src\main\resources to target\classes
2025-07-17 12:18:44,225 [Worker-52: Building] INFO  o.a.m.s.f.DefaultMavenResourcesFiltering - Copying 0 resource from src\main\resources to target\classes
2025-07-17 12:18:44,228 [Worker-52: Building] INFO  o.a.m.s.f.DefaultMavenResourcesFiltering - skip non existing resourceDirectory D:\IQGateway\Module 21 - CPS\Microservices\VerifierMicroservice\src\test\resources
2025-07-17 12:19:02,092 [Worker-50: Building] INFO  o.a.m.s.f.DefaultMavenResourcesFiltering - Copying 1 resource from src\main\resources to target\classes
2025-07-17 12:19:02,100 [Worker-50: Building] INFO  o.a.m.s.f.DefaultMavenResourcesFiltering - Copying 0 resource from src\main\resources to target\classes
2025-07-17 12:19:02,102 [Worker-50: Building] INFO  o.a.m.s.f.DefaultMavenResourcesFiltering - skip non existing resourceDirectory D:\IQGateway\Module 21 - CPS\Microservices\VerifierMicroservice\src\test\resources
2025-07-17 12:21:09,483 [Worker-51: Import Getting Started Content] INFO  o.e.m.c.i.l.LifecycleMappingFactory - Using org.eclipse.m2e.jdt.JarLifecycleMapping lifecycle mapping for MavenProject: com.cps:HospitalClaimsMicroservice:0.0.1-SNAPSHOT @ D:\IQGateway\Module 21 - CPS\Microservices\HospitalClaimsMicroservice\pom.xml.
2025-07-17 12:21:10,071 [Worker-51: Import Getting Started Content] INFO  o.e.m.j.i.AbstractJavaProjectConfigurator - Adding source folder /HospitalClaimsMicroservice/src/main/java
2025-07-17 12:21:10,072 [Worker-51: Import Getting Started Content] INFO  o.e.m.j.i.AbstractJavaProjectConfigurator - Adding resource folder /HospitalClaimsMicroservice/src/main/resources
2025-07-17 12:21:10,078 [Worker-51: Import Getting Started Content] INFO  o.e.m.j.i.AbstractJavaProjectConfigurator - Adding resource folder /HospitalClaimsMicroservice/src/main/resources
2025-07-17 12:21:10,082 [Worker-51: Import Getting Started Content] INFO  o.e.m.j.i.AbstractJavaProjectConfigurator - Adding source folder /HospitalClaimsMicroservice/src/test/java
2025-07-17 12:21:10,084 [Worker-51: Import Getting Started Content] INFO  o.e.m.j.i.AbstractJavaProjectConfigurator - Adding resource folder /HospitalClaimsMicroservice/src/test/resources
2025-07-17 12:21:10,315 [Worker-51: Import Getting Started Content] INFO  o.e.m.c.i.p.ProjectConfigurationManager - Imported and configured 1 project(s) in 1 sec
2025-07-17 12:21:10,316 [Worker-51: Import Getting Started Content] INFO  o.e.m.c.i.p.ProjectConfigurationManager - Update started
2025-07-17 12:21:10,526 [Worker-51: Import Getting Started Content] INFO  o.e.m.c.i.l.LifecycleMappingFactory - Using org.eclipse.m2e.jdt.JarLifecycleMapping lifecycle mapping for MavenProject: com.cps:HospitalClaimsMicroservice:0.0.1-SNAPSHOT @ D:\IQGateway\Module 21 - CPS\Microservices\HospitalClaimsMicroservice\pom.xml.
2025-07-17 12:21:11,152 [Worker-51: Import Getting Started Content] INFO  o.e.m.j.i.AbstractJavaProjectConfigurator - Adding source folder /HospitalClaimsMicroservice/src/main/java
2025-07-17 12:21:11,154 [Worker-51: Import Getting Started Content] INFO  o.e.m.j.i.AbstractJavaProjectConfigurator - Adding resource folder /HospitalClaimsMicroservice/src/main/resources
2025-07-17 12:21:11,156 [Worker-51: Import Getting Started Content] INFO  o.e.m.j.i.AbstractJavaProjectConfigurator - Adding resource folder /HospitalClaimsMicroservice/src/main/resources
2025-07-17 12:21:11,157 [Worker-51: Import Getting Started Content] INFO  o.e.m.j.i.AbstractJavaProjectConfigurator - Adding source folder /HospitalClaimsMicroservice/src/test/java
2025-07-17 12:21:11,158 [Worker-51: Import Getting Started Content] INFO  o.e.m.j.i.AbstractJavaProjectConfigurator - Adding resource folder /HospitalClaimsMicroservice/src/test/resources
2025-07-17 12:21:11,536 [Worker-51: Import Getting Started Content] INFO  o.e.m.c.i.p.ProjectConfigurationManager - Update completed for 1 poms: local refresh takes 0.00 sec, refresh facades takes 0.00 sec, update config takes 0.00 sec 
2025-07-17 12:21:11,894 [Worker-53: Building] INFO  o.a.m.s.f.DefaultMavenResourcesFiltering - Copying 1 resource from src\main\resources to target\classes
2025-07-17 12:21:11,904 [Worker-53: Building] INFO  o.a.m.s.f.DefaultMavenResourcesFiltering - Copying 0 resource from src\main\resources to target\classes
2025-07-17 12:21:11,907 [Worker-53: Building] INFO  o.a.m.s.f.DefaultMavenResourcesFiltering - skip non existing resourceDirectory D:\IQGateway\Module 21 - CPS\Microservices\HospitalClaimsMicroservice\src\test\resources
2025-07-17 12:21:41,145 [Worker-45: Building] INFO  o.e.m.c.i.l.LifecycleMappingFactory - Using org.eclipse.m2e.jdt.JarLifecycleMapping lifecycle mapping for MavenProject: com.cps:HospitalClaimsMicroservice:0.0.1-SNAPSHOT @ D:\IQGateway\Module 21 - CPS\Microservices\HospitalClaimsMicroservice\pom.xml.
2025-07-17 12:21:41,619 [Worker-45: Building] INFO  o.a.m.s.f.DefaultMavenResourcesFiltering - Copying 0 resource from src\main\resources to target\classes
2025-07-17 12:21:41,620 [Worker-45: Building] INFO  o.a.m.s.f.DefaultMavenResourcesFiltering - Copying 0 resource from src\main\resources to target\classes
2025-07-17 12:21:41,622 [Worker-45: Building] INFO  o.a.m.s.f.DefaultMavenResourcesFiltering - skip non existing resourceDirectory D:\IQGateway\Module 21 - CPS\Microservices\HospitalClaimsMicroservice\src\test\resources
2025-07-17 12:22:02,809 [Worker-51: Building] INFO  o.a.m.s.f.DefaultMavenResourcesFiltering - Copying 1 resource from src\main\resources to target\classes
2025-07-17 12:22:02,826 [Worker-51: Building] INFO  o.a.m.s.f.DefaultMavenResourcesFiltering - Copying 0 resource from src\main\resources to target\classes
2025-07-17 12:22:02,829 [Worker-51: Building] INFO  o.a.m.s.f.DefaultMavenResourcesFiltering - skip non existing resourceDirectory D:\IQGateway\Module 21 - CPS\Microservices\HospitalClaimsMicroservice\src\test\resources
2025-07-17 12:22:54,111 [Worker-51: Building] INFO  o.a.m.s.f.DefaultMavenResourcesFiltering - Copying 1 resource from src\main\resources to target\classes
2025-07-17 12:22:54,127 [Worker-51: Building] INFO  o.a.m.s.f.DefaultMavenResourcesFiltering - Copying 0 resource from src\main\resources to target\classes
2025-07-17 12:22:54,130 [Worker-51: Building] INFO  o.a.m.s.f.DefaultMavenResourcesFiltering - skip non existing resourceDirectory D:\IQGateway\Module 21 - CPS\Microservices\HospitalClaimsMicroservice\src\test\resources
2025-07-17 12:23:01,942 [Worker-48: Building] INFO  o.a.m.s.f.DefaultMavenResourcesFiltering - Copying 1 resource from src\main\resources to target\classes
2025-07-17 12:23:01,949 [Worker-48: Building] INFO  o.a.m.s.f.DefaultMavenResourcesFiltering - Copying 0 resource from src\main\resources to target\classes
2025-07-17 12:23:01,952 [Worker-48: Building] INFO  o.a.m.s.f.DefaultMavenResourcesFiltering - skip non existing resourceDirectory D:\IQGateway\Module 21 - CPS\Microservices\HospitalClaimsMicroservice\src\test\resources
2025-07-17 12:23:13,520 [Worker-45: Building] INFO  o.a.m.s.f.DefaultMavenResourcesFiltering - Copying 1 resource from src\main\resources to target\classes
2025-07-17 12:23:13,524 [Worker-45: Building] INFO  o.a.m.s.f.DefaultMavenResourcesFiltering - Copying 0 resource from src\main\resources to target\classes
2025-07-17 12:23:13,525 [Worker-45: Building] INFO  o.a.m.s.f.DefaultMavenResourcesFiltering - skip non existing resourceDirectory D:\IQGateway\Module 21 - CPS\Microservices\HospitalClaimsMicroservice\src\test\resources
2025-07-17 12:23:25,471 [Worker-51: Building] INFO  o.a.m.s.f.DefaultMavenResourcesFiltering - Copying 1 resource from src\main\resources to target\classes
2025-07-17 12:23:25,477 [Worker-51: Building] INFO  o.a.m.s.f.DefaultMavenResourcesFiltering - Copying 0 resource from src\main\resources to target\classes
2025-07-17 12:23:25,479 [Worker-51: Building] INFO  o.a.m.s.f.DefaultMavenResourcesFiltering - skip non existing resourceDirectory D:\IQGateway\Module 21 - CPS\Microservices\HospitalClaimsMicroservice\src\test\resources
2025-07-17 12:23:30,648 [Worker-55: Building] INFO  o.a.m.s.f.DefaultMavenResourcesFiltering - Copying 1 resource from src\main\resources to target\classes
2025-07-17 12:23:30,655 [Worker-55: Building] INFO  o.a.m.s.f.DefaultMavenResourcesFiltering - Copying 0 resource from src\main\resources to target\classes
2025-07-17 12:23:30,657 [Worker-55: Building] INFO  o.a.m.s.f.DefaultMavenResourcesFiltering - skip non existing resourceDirectory D:\IQGateway\Module 21 - CPS\Microservices\HospitalClaimsMicroservice\src\test\resources
2025-07-17 12:23:37,607 [Worker-41: Building] INFO  o.a.m.s.f.DefaultMavenResourcesFiltering - Copying 1 resource from src\main\resources to target\classes
2025-07-17 12:23:37,612 [Worker-41: Building] INFO  o.a.m.s.f.DefaultMavenResourcesFiltering - Copying 0 resource from src\main\resources to target\classes
2025-07-17 12:23:37,614 [Worker-41: Building] INFO  o.a.m.s.f.DefaultMavenResourcesFiltering - skip non existing resourceDirectory D:\IQGateway\Module 21 - CPS\Microservices\HospitalClaimsMicroservice\src\test\resources
2025-07-17 12:23:42,452 [Worker-54: Building] INFO  o.a.m.s.f.DefaultMavenResourcesFiltering - Copying 1 resource from src\main\resources to target\classes
2025-07-17 12:23:42,458 [Worker-54: Building] INFO  o.a.m.s.f.DefaultMavenResourcesFiltering - Copying 0 resource from src\main\resources to target\classes
2025-07-17 12:23:42,460 [Worker-54: Building] INFO  o.a.m.s.f.DefaultMavenResourcesFiltering - skip non existing resourceDirectory D:\IQGateway\Module 21 - CPS\Microservices\HospitalClaimsMicroservice\src\test\resources
2025-07-17 12:23:47,081 [Worker-48: Building] INFO  o.a.m.s.f.DefaultMavenResourcesFiltering - Copying 1 resource from src\main\resources to target\classes
2025-07-17 12:23:47,087 [Worker-48: Building] INFO  o.a.m.s.f.DefaultMavenResourcesFiltering - Copying 0 resource from src\main\resources to target\classes
2025-07-17 12:23:47,091 [Worker-48: Building] INFO  o.a.m.s.f.DefaultMavenResourcesFiltering - skip non existing resourceDirectory D:\IQGateway\Module 21 - CPS\Microservices\HospitalClaimsMicroservice\src\test\resources
2025-07-17 12:23:59,047 [Worker-48: Building] INFO  o.a.m.s.f.DefaultMavenResourcesFiltering - Copying 1 resource from src\main\resources to target\classes
2025-07-17 12:23:59,052 [Worker-48: Building] INFO  o.a.m.s.f.DefaultMavenResourcesFiltering - Copying 0 resource from src\main\resources to target\classes
2025-07-17 12:23:59,054 [Worker-48: Building] INFO  o.a.m.s.f.DefaultMavenResourcesFiltering - skip non existing resourceDirectory D:\IQGateway\Module 21 - CPS\Microservices\HospitalClaimsMicroservice\src\test\resources
2025-07-17 12:24:01,022 [Worker-45: Building] INFO  o.a.m.s.f.DefaultMavenResourcesFiltering - Copying 1 resource from src\main\resources to target\classes
2025-07-17 12:24:01,027 [Worker-45: Building] INFO  o.a.m.s.f.DefaultMavenResourcesFiltering - Copying 0 resource from src\main\resources to target\classes
2025-07-17 12:24:01,028 [Worker-45: Building] INFO  o.a.m.s.f.DefaultMavenResourcesFiltering - skip non existing resourceDirectory D:\IQGateway\Module 21 - CPS\Microservices\HospitalClaimsMicroservice\src\test\resources
2025-07-17 12:24:10,358 [Worker-53: Building] INFO  o.a.m.s.f.DefaultMavenResourcesFiltering - Copying 1 resource from src\main\resources to target\classes
2025-07-17 12:24:10,362 [Worker-53: Building] INFO  o.a.m.s.f.DefaultMavenResourcesFiltering - Copying 0 resource from src\main\resources to target\classes
2025-07-17 12:24:10,364 [Worker-53: Building] INFO  o.a.m.s.f.DefaultMavenResourcesFiltering - skip non existing resourceDirectory D:\IQGateway\Module 21 - CPS\Microservices\HospitalClaimsMicroservice\src\test\resources
2025-07-17 12:24:27,392 [Worker-45: Building] INFO  o.a.m.s.f.DefaultMavenResourcesFiltering - Copying 1 resource from src\main\resources to target\classes
2025-07-17 12:24:27,397 [Worker-45: Building] INFO  o.a.m.s.f.DefaultMavenResourcesFiltering - Copying 0 resource from src\main\resources to target\classes
2025-07-17 12:24:27,399 [Worker-45: Building] INFO  o.a.m.s.f.DefaultMavenResourcesFiltering - skip non existing resourceDirectory D:\IQGateway\Module 21 - CPS\Microservices\HospitalClaimsMicroservice\src\test\resources
2025-07-17 12:25:59,654 [Worker-48: Import Getting Started Content] INFO  o.e.m.c.i.l.LifecycleMappingFactory - Using org.eclipse.m2e.jdt.JarLifecycleMapping lifecycle mapping for MavenProject: com.cps:HospitalClaimsQueriesMicroservice:0.0.1-SNAPSHOT @ D:\IQGateway\Module 21 - CPS\Microservices\HospitalClaimsQueriesMicroservice\pom.xml.
2025-07-17 12:26:00,170 [Worker-48: Import Getting Started Content] INFO  o.e.m.j.i.AbstractJavaProjectConfigurator - Adding source folder /HospitalClaimsQueriesMicroservice/src/main/java
2025-07-17 12:26:00,171 [Worker-48: Import Getting Started Content] INFO  o.e.m.j.i.AbstractJavaProjectConfigurator - Adding resource folder /HospitalClaimsQueriesMicroservice/src/main/resources
2025-07-17 12:26:00,173 [Worker-48: Import Getting Started Content] INFO  o.e.m.j.i.AbstractJavaProjectConfigurator - Adding resource folder /HospitalClaimsQueriesMicroservice/src/main/resources
2025-07-17 12:26:00,176 [Worker-48: Import Getting Started Content] INFO  o.e.m.j.i.AbstractJavaProjectConfigurator - Adding source folder /HospitalClaimsQueriesMicroservice/src/test/java
2025-07-17 12:26:00,177 [Worker-48: Import Getting Started Content] INFO  o.e.m.j.i.AbstractJavaProjectConfigurator - Adding resource folder /HospitalClaimsQueriesMicroservice/src/test/resources
2025-07-17 12:26:00,561 [Worker-48: Import Getting Started Content] INFO  o.e.m.c.i.p.ProjectConfigurationManager - Imported and configured 1 project(s) in 1 sec
2025-07-17 12:26:00,562 [Worker-48: Import Getting Started Content] INFO  o.e.m.c.i.p.ProjectConfigurationManager - Update started
2025-07-17 12:26:00,757 [Worker-48: Import Getting Started Content] INFO  o.e.m.c.i.l.LifecycleMappingFactory - Using org.eclipse.m2e.jdt.JarLifecycleMapping lifecycle mapping for MavenProject: com.cps:HospitalClaimsQueriesMicroservice:0.0.1-SNAPSHOT @ D:\IQGateway\Module 21 - CPS\Microservices\HospitalClaimsQueriesMicroservice\pom.xml.
2025-07-17 12:26:01,322 [Worker-48: Import Getting Started Content] INFO  o.e.m.j.i.AbstractJavaProjectConfigurator - Adding source folder /HospitalClaimsQueriesMicroservice/src/main/java
2025-07-17 12:26:01,322 [Worker-48: Import Getting Started Content] INFO  o.e.m.j.i.AbstractJavaProjectConfigurator - Adding resource folder /HospitalClaimsQueriesMicroservice/src/main/resources
2025-07-17 12:26:01,322 [Worker-48: Import Getting Started Content] INFO  o.e.m.j.i.AbstractJavaProjectConfigurator - Adding resource folder /HospitalClaimsQueriesMicroservice/src/main/resources
2025-07-17 12:26:01,323 [Worker-48: Import Getting Started Content] INFO  o.e.m.j.i.AbstractJavaProjectConfigurator - Adding source folder /HospitalClaimsQueriesMicroservice/src/test/java
2025-07-17 12:26:01,323 [Worker-48: Import Getting Started Content] INFO  o.e.m.j.i.AbstractJavaProjectConfigurator - Adding resource folder /HospitalClaimsQueriesMicroservice/src/test/resources
2025-07-17 12:26:01,597 [Worker-48: Import Getting Started Content] INFO  o.e.m.c.i.p.ProjectConfigurationManager - Update completed for 1 poms: local refresh takes 0.00 sec, refresh facades takes 0.00 sec, update config takes 0.00 sec 
2025-07-17 12:26:01,932 [Worker-48: Building] INFO  o.a.m.s.f.DefaultMavenResourcesFiltering - Copying 1 resource from src\main\resources to target\classes
2025-07-17 12:26:01,942 [Worker-48: Building] INFO  o.a.m.s.f.DefaultMavenResourcesFiltering - Copying 0 resource from src\main\resources to target\classes
2025-07-17 12:26:01,944 [Worker-48: Building] INFO  o.a.m.s.f.DefaultMavenResourcesFiltering - skip non existing resourceDirectory D:\IQGateway\Module 21 - CPS\Microservices\HospitalClaimsQueriesMicroservice\src\test\resources
2025-07-17 12:26:34,998 [Worker-45: Building] INFO  o.e.m.c.i.l.LifecycleMappingFactory - Using org.eclipse.m2e.jdt.JarLifecycleMapping lifecycle mapping for MavenProject: com.cps:HospitalClaimsQueriesMicroservice:0.0.1-SNAPSHOT @ D:\IQGateway\Module 21 - CPS\Microservices\HospitalClaimsQueriesMicroservice\pom.xml.
2025-07-17 12:26:35,599 [Worker-45: Building] INFO  o.a.m.s.f.DefaultMavenResourcesFiltering - Copying 0 resource from src\main\resources to target\classes
2025-07-17 12:26:35,600 [Worker-45: Building] INFO  o.a.m.s.f.DefaultMavenResourcesFiltering - Copying 0 resource from src\main\resources to target\classes
2025-07-17 12:26:35,603 [Worker-45: Building] INFO  o.a.m.s.f.DefaultMavenResourcesFiltering - skip non existing resourceDirectory D:\IQGateway\Module 21 - CPS\Microservices\HospitalClaimsQueriesMicroservice\src\test\resources
2025-07-17 12:27:04,222 [Worker-41: Building] INFO  o.a.m.s.f.DefaultMavenResourcesFiltering - Copying 1 resource from src\main\resources to target\classes
2025-07-17 12:27:04,243 [Worker-41: Building] INFO  o.a.m.s.f.DefaultMavenResourcesFiltering - Copying 0 resource from src\main\resources to target\classes
2025-07-17 12:27:04,245 [Worker-41: Building] INFO  o.a.m.s.f.DefaultMavenResourcesFiltering - skip non existing resourceDirectory D:\IQGateway\Module 21 - CPS\Microservices\HospitalClaimsQueriesMicroservice\src\test\resources
2025-07-17 12:27:14,888 [Worker-53: Building] INFO  o.a.m.s.f.DefaultMavenResourcesFiltering - Copying 1 resource from src\main\resources to target\classes
2025-07-17 12:27:14,897 [Worker-53: Building] INFO  o.a.m.s.f.DefaultMavenResourcesFiltering - Copying 0 resource from src\main\resources to target\classes
2025-07-17 12:27:14,900 [Worker-53: Building] INFO  o.a.m.s.f.DefaultMavenResourcesFiltering - skip non existing resourceDirectory D:\IQGateway\Module 21 - CPS\Microservices\HospitalClaimsQueriesMicroservice\src\test\resources
2025-07-17 12:28:44,162 [Worker-51: Building] INFO  o.a.m.s.f.DefaultMavenResourcesFiltering - Copying 1 resource from src\main\resources to target\classes
2025-07-17 12:28:44,167 [Worker-51: Building] INFO  o.a.m.s.f.DefaultMavenResourcesFiltering - Copying 0 resource from src\main\resources to target\classes
2025-07-17 12:28:44,169 [Worker-51: Building] INFO  o.a.m.s.f.DefaultMavenResourcesFiltering - skip non existing resourceDirectory D:\IQGateway\Module 21 - CPS\Microservices\HospitalClaimsQueriesMicroservice\src\test\resources
2025-07-17 12:28:51,269 [Worker-41: Building] INFO  o.a.m.s.f.DefaultMavenResourcesFiltering - Copying 1 resource from src\main\resources to target\classes
2025-07-17 12:28:51,275 [Worker-41: Building] INFO  o.a.m.s.f.DefaultMavenResourcesFiltering - Copying 0 resource from src\main\resources to target\classes
2025-07-17 12:28:51,277 [Worker-41: Building] INFO  o.a.m.s.f.DefaultMavenResourcesFiltering - skip non existing resourceDirectory D:\IQGateway\Module 21 - CPS\Microservices\HospitalClaimsQueriesMicroservice\src\test\resources
2025-07-17 12:28:57,352 [Worker-54: Building] INFO  o.a.m.s.f.DefaultMavenResourcesFiltering - Copying 1 resource from src\main\resources to target\classes
2025-07-17 12:28:57,359 [Worker-54: Building] INFO  o.a.m.s.f.DefaultMavenResourcesFiltering - Copying 0 resource from src\main\resources to target\classes
2025-07-17 12:28:57,360 [Worker-54: Building] INFO  o.a.m.s.f.DefaultMavenResourcesFiltering - skip non existing resourceDirectory D:\IQGateway\Module 21 - CPS\Microservices\HospitalClaimsQueriesMicroservice\src\test\resources
2025-07-17 12:29:00,779 [Worker-45: Building] INFO  o.a.m.s.f.DefaultMavenResourcesFiltering - Copying 1 resource from src\main\resources to target\classes
2025-07-17 12:29:00,786 [Worker-45: Building] INFO  o.a.m.s.f.DefaultMavenResourcesFiltering - Copying 0 resource from src\main\resources to target\classes
2025-07-17 12:29:00,788 [Worker-45: Building] INFO  o.a.m.s.f.DefaultMavenResourcesFiltering - skip non existing resourceDirectory D:\IQGateway\Module 21 - CPS\Microservices\HospitalClaimsQueriesMicroservice\src\test\resources
2025-07-17 12:29:02,353 [Worker-53: Building] INFO  o.a.m.s.f.DefaultMavenResourcesFiltering - Copying 1 resource from src\main\resources to target\classes
2025-07-17 12:29:02,360 [Worker-53: Building] INFO  o.a.m.s.f.DefaultMavenResourcesFiltering - Copying 0 resource from src\main\resources to target\classes
2025-07-17 12:29:02,363 [Worker-53: Building] INFO  o.a.m.s.f.DefaultMavenResourcesFiltering - skip non existing resourceDirectory D:\IQGateway\Module 21 - CPS\Microservices\HospitalClaimsQueriesMicroservice\src\test\resources
2025-07-17 12:29:11,308 [Worker-41: Building] INFO  o.a.m.s.f.DefaultMavenResourcesFiltering - Copying 1 resource from src\main\resources to target\classes
2025-07-17 12:29:11,314 [Worker-41: Building] INFO  o.a.m.s.f.DefaultMavenResourcesFiltering - Copying 0 resource from src\main\resources to target\classes
2025-07-17 12:29:11,316 [Worker-41: Building] INFO  o.a.m.s.f.DefaultMavenResourcesFiltering - skip non existing resourceDirectory D:\IQGateway\Module 21 - CPS\Microservices\HospitalClaimsQueriesMicroservice\src\test\resources
2025-07-17 12:29:17,050 [Worker-45: Building] INFO  o.a.m.s.f.DefaultMavenResourcesFiltering - Copying 1 resource from src\main\resources to target\classes
2025-07-17 12:29:17,055 [Worker-45: Building] INFO  o.a.m.s.f.DefaultMavenResourcesFiltering - Copying 0 resource from src\main\resources to target\classes
2025-07-17 12:29:17,058 [Worker-45: Building] INFO  o.a.m.s.f.DefaultMavenResourcesFiltering - skip non existing resourceDirectory D:\IQGateway\Module 21 - CPS\Microservices\HospitalClaimsQueriesMicroservice\src\test\resources
2025-07-17 12:29:21,743 [Worker-48: Building] INFO  o.a.m.s.f.DefaultMavenResourcesFiltering - Copying 1 resource from src\main\resources to target\classes
2025-07-17 12:29:21,747 [Worker-48: Building] INFO  o.a.m.s.f.DefaultMavenResourcesFiltering - Copying 0 resource from src\main\resources to target\classes
2025-07-17 12:29:21,749 [Worker-48: Building] INFO  o.a.m.s.f.DefaultMavenResourcesFiltering - skip non existing resourceDirectory D:\IQGateway\Module 21 - CPS\Microservices\HospitalClaimsQueriesMicroservice\src\test\resources
2025-07-17 12:29:27,262 [Worker-51: Building] INFO  o.a.m.s.f.DefaultMavenResourcesFiltering - Copying 1 resource from src\main\resources to target\classes
2025-07-17 12:29:27,267 [Worker-51: Building] INFO  o.a.m.s.f.DefaultMavenResourcesFiltering - Copying 0 resource from src\main\resources to target\classes
2025-07-17 12:29:27,269 [Worker-51: Building] INFO  o.a.m.s.f.DefaultMavenResourcesFiltering - skip non existing resourceDirectory D:\IQGateway\Module 21 - CPS\Microservices\HospitalClaimsQueriesMicroservice\src\test\resources
2025-07-17 12:29:34,372 [Worker-54: Building] INFO  o.a.m.s.f.DefaultMavenResourcesFiltering - Copying 1 resource from src\main\resources to target\classes
2025-07-17 12:29:34,378 [Worker-54: Building] INFO  o.a.m.s.f.DefaultMavenResourcesFiltering - Copying 0 resource from src\main\resources to target\classes
2025-07-17 12:29:34,379 [Worker-54: Building] INFO  o.a.m.s.f.DefaultMavenResourcesFiltering - skip non existing resourceDirectory D:\IQGateway\Module 21 - CPS\Microservices\HospitalClaimsQueriesMicroservice\src\test\resources
2025-07-17 12:29:39,652 [Worker-51: Building] INFO  o.a.m.s.f.DefaultMavenResourcesFiltering - Copying 1 resource from src\main\resources to target\classes
2025-07-17 12:29:39,666 [Worker-51: Building] INFO  o.a.m.s.f.DefaultMavenResourcesFiltering - Copying 0 resource from src\main\resources to target\classes
2025-07-17 12:29:39,668 [Worker-51: Building] INFO  o.a.m.s.f.DefaultMavenResourcesFiltering - skip non existing resourceDirectory D:\IQGateway\Module 21 - CPS\Microservices\HospitalClaimsQueriesMicroservice\src\test\resources
2025-07-17 12:29:41,674 [Worker-52: Building] INFO  o.a.m.s.f.DefaultMavenResourcesFiltering - Copying 1 resource from src\main\resources to target\classes
2025-07-17 12:29:41,683 [Worker-52: Building] INFO  o.a.m.s.f.DefaultMavenResourcesFiltering - Copying 0 resource from src\main\resources to target\classes
2025-07-17 12:29:41,686 [Worker-52: Building] INFO  o.a.m.s.f.DefaultMavenResourcesFiltering - skip non existing resourceDirectory D:\IQGateway\Module 21 - CPS\Microservices\HospitalClaimsQueriesMicroservice\src\test\resources
2025-07-17 12:29:47,755 [Worker-52: Building] INFO  o.a.m.s.f.DefaultMavenResourcesFiltering - Copying 1 resource from src\main\resources to target\classes
2025-07-17 12:29:47,761 [Worker-52: Building] INFO  o.a.m.s.f.DefaultMavenResourcesFiltering - Copying 0 resource from src\main\resources to target\classes
2025-07-17 12:29:47,764 [Worker-52: Building] INFO  o.a.m.s.f.DefaultMavenResourcesFiltering - skip non existing resourceDirectory D:\IQGateway\Module 21 - CPS\Microservices\HospitalClaimsQueriesMicroservice\src\test\resources
2025-07-17 12:29:50,908 [Worker-54: Building] INFO  o.a.m.s.f.DefaultMavenResourcesFiltering - Copying 1 resource from src\main\resources to target\classes
2025-07-17 12:29:50,913 [Worker-54: Building] INFO  o.a.m.s.f.DefaultMavenResourcesFiltering - Copying 0 resource from src\main\resources to target\classes
2025-07-17 12:29:50,915 [Worker-54: Building] INFO  o.a.m.s.f.DefaultMavenResourcesFiltering - skip non existing resourceDirectory D:\IQGateway\Module 21 - CPS\Microservices\HospitalClaimsQueriesMicroservice\src\test\resources
2025-07-17 12:29:52,378 [Worker-51: Building] INFO  o.a.m.s.f.DefaultMavenResourcesFiltering - Copying 1 resource from src\main\resources to target\classes
2025-07-17 12:29:52,385 [Worker-51: Building] INFO  o.a.m.s.f.DefaultMavenResourcesFiltering - Copying 0 resource from src\main\resources to target\classes
2025-07-17 12:29:52,388 [Worker-51: Building] INFO  o.a.m.s.f.DefaultMavenResourcesFiltering - skip non existing resourceDirectory D:\IQGateway\Module 21 - CPS\Microservices\HospitalClaimsQueriesMicroservice\src\test\resources
2025-07-17 12:29:54,723 [Worker-54: Building] INFO  o.a.m.s.f.DefaultMavenResourcesFiltering - Copying 1 resource from src\main\resources to target\classes
2025-07-17 12:29:54,728 [Worker-54: Building] INFO  o.a.m.s.f.DefaultMavenResourcesFiltering - Copying 0 resource from src\main\resources to target\classes
2025-07-17 12:29:54,730 [Worker-54: Building] INFO  o.a.m.s.f.DefaultMavenResourcesFiltering - skip non existing resourceDirectory D:\IQGateway\Module 21 - CPS\Microservices\HospitalClaimsQueriesMicroservice\src\test\resources
2025-07-17 12:39:11,129 [Worker-41: Building] INFO  o.a.m.s.f.DefaultMavenResourcesFiltering - Copying 1 resource from src\main\resources to target\classes
2025-07-17 12:39:11,142 [Worker-41: Building] INFO  o.a.m.s.f.DefaultMavenResourcesFiltering - Copying 0 resource from src\main\resources to target\classes
2025-07-17 12:39:11,146 [Worker-41: Building] INFO  o.a.m.s.f.DefaultMavenResourcesFiltering - skip non existing resourceDirectory D:\IQGateway\Module 21 - CPS\Microservices\InusrerManageUsersMicroservice\src\test\resources
2025-07-17 12:39:48,804 [Worker-41: Building] INFO  o.a.m.s.f.DefaultMavenResourcesFiltering - Copying 1 resource from src\main\resources to target\classes
2025-07-17 12:39:48,810 [Worker-41: Building] INFO  o.a.m.s.f.DefaultMavenResourcesFiltering - Copying 0 resource from src\main\resources to target\classes
2025-07-17 12:39:48,812 [Worker-41: Building] INFO  o.a.m.s.f.DefaultMavenResourcesFiltering - skip non existing resourceDirectory D:\IQGateway\Module 21 - CPS\Microservices\InusrerManageUsersMicroservice\src\test\resources
2025-07-17 12:40:32,124 [Worker-41: Building] INFO  o.a.m.s.f.DefaultMavenResourcesFiltering - Copying 1 resource from src\main\resources to target\classes
2025-07-17 12:40:32,130 [Worker-41: Building] INFO  o.a.m.s.f.DefaultMavenResourcesFiltering - Copying 0 resource from src\main\resources to target\classes
2025-07-17 12:40:32,133 [Worker-41: Building] INFO  o.a.m.s.f.DefaultMavenResourcesFiltering - skip non existing resourceDirectory D:\IQGateway\Module 21 - CPS\Microservices\InusrerManageUsersMicroservice\src\test\resources
2025-07-17 12:41:16,502 [Worker-57: Building] INFO  o.a.m.s.f.DefaultMavenResourcesFiltering - Copying 1 resource from src\main\resources to target\classes
2025-07-17 12:41:16,507 [Worker-57: Building] INFO  o.a.m.s.f.DefaultMavenResourcesFiltering - Copying 0 resource from src\main\resources to target\classes
2025-07-17 12:41:16,508 [Worker-57: Building] INFO  o.a.m.s.f.DefaultMavenResourcesFiltering - skip non existing resourceDirectory D:\IQGateway\Module 21 - CPS\Microservices\InusrerManageUsersMicroservice\src\test\resources
2025-07-17 12:42:00,510 [Worker-57: Building] INFO  o.a.m.s.f.DefaultMavenResourcesFiltering - Copying 1 resource from src\main\resources to target\classes
2025-07-17 12:42:00,519 [Worker-57: Building] INFO  o.a.m.s.f.DefaultMavenResourcesFiltering - Copying 0 resource from src\main\resources to target\classes
2025-07-17 12:42:00,521 [Worker-57: Building] INFO  o.a.m.s.f.DefaultMavenResourcesFiltering - skip non existing resourceDirectory D:\IQGateway\Module 21 - CPS\Microservices\InusrerManageUsersMicroservice\src\test\resources
2025-07-17 12:42:40,835 [Worker-57: Building] INFO  o.a.m.s.f.DefaultMavenResourcesFiltering - Copying 1 resource from src\main\resources to target\classes
2025-07-17 12:42:40,839 [Worker-57: Building] INFO  o.a.m.s.f.DefaultMavenResourcesFiltering - Copying 0 resource from src\main\resources to target\classes
2025-07-17 12:42:40,840 [Worker-57: Building] INFO  o.a.m.s.f.DefaultMavenResourcesFiltering - skip non existing resourceDirectory D:\IQGateway\Module 21 - CPS\Microservices\InusrerManageUsersMicroservice\src\test\resources
2025-07-17 12:49:05,075 [Worker-41: Building] INFO  o.a.m.s.f.DefaultMavenResourcesFiltering - Copying 1 resource from src\main\resources to target\classes
2025-07-17 12:49:05,082 [Worker-41: Building] INFO  o.a.m.s.f.DefaultMavenResourcesFiltering - Copying 0 resource from src\main\resources to target\classes
2025-07-17 12:49:05,083 [Worker-41: Building] INFO  o.a.m.s.f.DefaultMavenResourcesFiltering - skip non existing resourceDirectory D:\IQGateway\Module 21 - CPS\Microservices\InusrerManageUsersMicroservice\src\test\resources
2025-07-17 12:51:56,255 [Worker-61: Building] INFO  o.a.m.s.f.DefaultMavenResourcesFiltering - Copying 1 resource from src\main\resources to target\classes
2025-07-17 12:51:56,261 [Worker-61: Building] INFO  o.a.m.s.f.DefaultMavenResourcesFiltering - Copying 0 resource from src\main\resources to target\classes
2025-07-17 12:51:56,262 [Worker-61: Building] INFO  o.a.m.s.f.DefaultMavenResourcesFiltering - skip non existing resourceDirectory D:\IQGateway\Module 21 - CPS\Microservices\InusrerManageUsersMicroservice\src\test\resources
2025-07-17 12:52:46,179 [Worker-41: Building] INFO  o.a.m.s.f.DefaultMavenResourcesFiltering - Copying 1 resource from src\main\resources to target\classes
2025-07-17 12:52:46,184 [Worker-41: Building] INFO  o.a.m.s.f.DefaultMavenResourcesFiltering - Copying 0 resource from src\main\resources to target\classes
2025-07-17 12:52:46,186 [Worker-41: Building] INFO  o.a.m.s.f.DefaultMavenResourcesFiltering - skip non existing resourceDirectory D:\IQGateway\Module 21 - CPS\Microservices\InusrerManageUsersMicroservice\src\test\resources
2025-07-17 12:53:24,930 [Worker-59: Building] INFO  o.a.m.s.f.DefaultMavenResourcesFiltering - Copying 1 resource from src\main\resources to target\classes
2025-07-17 12:53:24,936 [Worker-59: Building] INFO  o.a.m.s.f.DefaultMavenResourcesFiltering - Copying 0 resource from src\main\resources to target\classes
2025-07-17 12:53:24,939 [Worker-59: Building] INFO  o.a.m.s.f.DefaultMavenResourcesFiltering - skip non existing resourceDirectory D:\IQGateway\Module 21 - CPS\Microservices\InusrerManageUsersMicroservice\src\test\resources
2025-07-17 12:53:31,235 [Worker-41: Building] INFO  o.a.m.s.f.DefaultMavenResourcesFiltering - Copying 1 resource from src\main\resources to target\classes
2025-07-17 12:53:31,240 [Worker-41: Building] INFO  o.a.m.s.f.DefaultMavenResourcesFiltering - Copying 0 resource from src\main\resources to target\classes
2025-07-17 12:53:31,241 [Worker-41: Building] INFO  o.a.m.s.f.DefaultMavenResourcesFiltering - skip non existing resourceDirectory D:\IQGateway\Module 21 - CPS\Microservices\InusrerManageUsersMicroservice\src\test\resources
2025-07-17 12:53:42,283 [Worker-60: Building] INFO  o.a.m.s.f.DefaultMavenResourcesFiltering - Copying 1 resource from src\main\resources to target\classes
2025-07-17 12:53:42,288 [Worker-60: Building] INFO  o.a.m.s.f.DefaultMavenResourcesFiltering - Copying 0 resource from src\main\resources to target\classes
2025-07-17 12:53:42,291 [Worker-60: Building] INFO  o.a.m.s.f.DefaultMavenResourcesFiltering - skip non existing resourceDirectory D:\IQGateway\Module 21 - CPS\Microservices\InusrerManageUsersMicroservice\src\test\resources
2025-07-17 12:53:49,796 [Worker-55: Building] INFO  o.a.m.s.f.DefaultMavenResourcesFiltering - Copying 1 resource from src\main\resources to target\classes
2025-07-17 12:53:49,804 [Worker-55: Building] INFO  o.a.m.s.f.DefaultMavenResourcesFiltering - Copying 0 resource from src\main\resources to target\classes
2025-07-17 12:53:49,809 [Worker-55: Building] INFO  o.a.m.s.f.DefaultMavenResourcesFiltering - skip non existing resourceDirectory D:\IQGateway\Module 21 - CPS\Microservices\InusrerManageUsersMicroservice\src\test\resources
2025-07-17 12:54:39,280 [Worker-55: Building] INFO  o.a.m.s.f.DefaultMavenResourcesFiltering - Copying 1 resource from src\main\resources to target\classes
2025-07-17 12:54:39,286 [Worker-55: Building] INFO  o.a.m.s.f.DefaultMavenResourcesFiltering - Copying 0 resource from src\main\resources to target\classes
2025-07-17 12:54:39,287 [Worker-55: Building] INFO  o.a.m.s.f.DefaultMavenResourcesFiltering - skip non existing resourceDirectory D:\IQGateway\Module 21 - CPS\Microservices\InusrerManageUsersMicroservice\src\test\resources
2025-07-17 12:54:52,121 [Worker-41: Building] INFO  o.a.m.s.f.DefaultMavenResourcesFiltering - Copying 1 resource from src\main\resources to target\classes
2025-07-17 12:54:52,131 [Worker-41: Building] INFO  o.a.m.s.f.DefaultMavenResourcesFiltering - Copying 0 resource from src\main\resources to target\classes
2025-07-17 12:54:52,134 [Worker-41: Building] INFO  o.a.m.s.f.DefaultMavenResourcesFiltering - skip non existing resourceDirectory D:\IQGateway\Module 21 - CPS\Microservices\InusrerManageUsersMicroservice\src\test\resources
2025-07-17 12:55:07,098 [Worker-61: Building] INFO  o.a.m.s.f.DefaultMavenResourcesFiltering - Copying 1 resource from src\main\resources to target\classes
2025-07-17 12:55:07,105 [Worker-61: Building] INFO  o.a.m.s.f.DefaultMavenResourcesFiltering - Copying 0 resource from src\main\resources to target\classes
2025-07-17 12:55:07,106 [Worker-61: Building] INFO  o.a.m.s.f.DefaultMavenResourcesFiltering - skip non existing resourceDirectory D:\IQGateway\Module 21 - CPS\Microservices\InusrerManageUsersMicroservice\src\test\resources
2025-07-17 12:55:58,148 [Worker-62: Building] INFO  o.a.m.s.f.DefaultMavenResourcesFiltering - Copying 1 resource from src\main\resources to target\classes
2025-07-17 12:55:58,154 [Worker-62: Building] INFO  o.a.m.s.f.DefaultMavenResourcesFiltering - Copying 0 resource from src\main\resources to target\classes
2025-07-17 12:55:58,156 [Worker-62: Building] INFO  o.a.m.s.f.DefaultMavenResourcesFiltering - skip non existing resourceDirectory D:\IQGateway\Module 21 - CPS\Microservices\InusrerManageUsersMicroservice\src\test\resources
2025-07-17 12:56:07,425 [Worker-41: Building] INFO  o.a.m.s.f.DefaultMavenResourcesFiltering - Copying 1 resource from src\main\resources to target\classes
2025-07-17 12:56:07,430 [Worker-41: Building] INFO  o.a.m.s.f.DefaultMavenResourcesFiltering - Copying 0 resource from src\main\resources to target\classes
2025-07-17 12:56:07,432 [Worker-41: Building] INFO  o.a.m.s.f.DefaultMavenResourcesFiltering - skip non existing resourceDirectory D:\IQGateway\Module 21 - CPS\Microservices\AdminMicroservice\src\test\resources
2025-07-17 12:56:37,368 [Worker-61: Building] INFO  o.a.m.s.f.DefaultMavenResourcesFiltering - Copying 1 resource from src\main\resources to target\classes
2025-07-17 12:56:37,374 [Worker-61: Building] INFO  o.a.m.s.f.DefaultMavenResourcesFiltering - Copying 0 resource from src\main\resources to target\classes
2025-07-17 12:56:37,377 [Worker-61: Building] INFO  o.a.m.s.f.DefaultMavenResourcesFiltering - skip non existing resourceDirectory D:\IQGateway\Module 21 - CPS\Microservices\CustomerClaimsQueriesMicroservice\src\test\resources
2025-07-17 12:57:37,639 [Worker-61: Building] INFO  o.a.m.s.f.DefaultMavenResourcesFiltering - Copying 1 resource from src\main\resources to target\classes
2025-07-17 12:57:37,644 [Worker-61: Building] INFO  o.a.m.s.f.DefaultMavenResourcesFiltering - Copying 0 resource from src\main\resources to target\classes
2025-07-17 12:57:37,647 [Worker-61: Building] INFO  o.a.m.s.f.DefaultMavenResourcesFiltering - skip non existing resourceDirectory D:\IQGateway\Module 21 - CPS\Microservices\CustomerClaimsMicroservice\src\test\resources
2025-07-17 12:59:33,168 [Worker-60: Import Getting Started Content] INFO  o.e.m.c.i.l.LifecycleMappingFactory - Using org.eclipse.m2e.jdt.JarLifecycleMapping lifecycle mapping for MavenProject: com.cps:LoginMicroservice:0.0.1-SNAPSHOT @ D:\IQGateway\Module 21 - CPS\Microservices\LoginMicroservice\pom.xml.
2025-07-17 12:59:33,566 [Worker-60: Import Getting Started Content] INFO  o.e.m.j.i.AbstractJavaProjectConfigurator - Adding source folder /LoginMicroservice/src/main/java
2025-07-17 12:59:33,566 [Worker-60: Import Getting Started Content] INFO  o.e.m.j.i.AbstractJavaProjectConfigurator - Adding resource folder /LoginMicroservice/src/main/resources
2025-07-17 12:59:33,569 [Worker-60: Import Getting Started Content] INFO  o.e.m.j.i.AbstractJavaProjectConfigurator - Adding resource folder /LoginMicroservice/src/main/resources
2025-07-17 12:59:33,572 [Worker-60: Import Getting Started Content] INFO  o.e.m.j.i.AbstractJavaProjectConfigurator - Adding source folder /LoginMicroservice/src/test/java
2025-07-17 12:59:33,573 [Worker-60: Import Getting Started Content] INFO  o.e.m.j.i.AbstractJavaProjectConfigurator - Adding resource folder /LoginMicroservice/src/test/resources
2025-07-17 12:59:33,912 [Worker-60: Import Getting Started Content] INFO  o.e.m.c.i.p.ProjectConfigurationManager - Imported and configured 1 project(s) in 1 sec
2025-07-17 12:59:33,913 [Worker-60: Import Getting Started Content] INFO  o.e.m.c.i.p.ProjectConfigurationManager - Update started
2025-07-17 12:59:34,127 [Worker-60: Import Getting Started Content] INFO  o.e.m.c.i.l.LifecycleMappingFactory - Using org.eclipse.m2e.jdt.JarLifecycleMapping lifecycle mapping for MavenProject: com.cps:LoginMicroservice:0.0.1-SNAPSHOT @ D:\IQGateway\Module 21 - CPS\Microservices\LoginMicroservice\pom.xml.
2025-07-17 12:59:34,727 [Worker-60: Import Getting Started Content] INFO  o.e.m.j.i.AbstractJavaProjectConfigurator - Adding source folder /LoginMicroservice/src/main/java
2025-07-17 12:59:34,728 [Worker-60: Import Getting Started Content] INFO  o.e.m.j.i.AbstractJavaProjectConfigurator - Adding resource folder /LoginMicroservice/src/main/resources
2025-07-17 12:59:34,728 [Worker-60: Import Getting Started Content] INFO  o.e.m.j.i.AbstractJavaProjectConfigurator - Adding resource folder /LoginMicroservice/src/main/resources
2025-07-17 12:59:34,728 [Worker-60: Import Getting Started Content] INFO  o.e.m.j.i.AbstractJavaProjectConfigurator - Adding source folder /LoginMicroservice/src/test/java
2025-07-17 12:59:34,729 [Worker-60: Import Getting Started Content] INFO  o.e.m.j.i.AbstractJavaProjectConfigurator - Adding resource folder /LoginMicroservice/src/test/resources
2025-07-17 12:59:35,026 [Worker-60: Import Getting Started Content] INFO  o.e.m.c.i.p.ProjectConfigurationManager - Update completed for 1 poms: local refresh takes 0.00 sec, refresh facades takes 0.00 sec, update config takes 0.00 sec 
2025-07-17 12:59:35,344 [Worker-59: Building] INFO  o.a.m.s.f.DefaultMavenResourcesFiltering - Copying 1 resource from src\main\resources to target\classes
2025-07-17 12:59:35,361 [Worker-59: Building] INFO  o.a.m.s.f.DefaultMavenResourcesFiltering - Copying 0 resource from src\main\resources to target\classes
2025-07-17 12:59:35,366 [Worker-59: Building] INFO  o.a.m.s.f.DefaultMavenResourcesFiltering - skip non existing resourceDirectory D:\IQGateway\Module 21 - CPS\Microservices\LoginMicroservice\src\test\resources
2025-07-17 13:00:18,118 [Worker-62: Building] INFO  o.a.m.s.f.DefaultMavenResourcesFiltering - Copying 1 resource from src\main\resources to target\classes
2025-07-17 13:00:18,123 [Worker-62: Building] INFO  o.a.m.s.f.DefaultMavenResourcesFiltering - Copying 0 resource from src\main\resources to target\classes
2025-07-17 13:00:18,124 [Worker-62: Building] INFO  o.a.m.s.f.DefaultMavenResourcesFiltering - skip non existing resourceDirectory D:\IQGateway\Module 21 - CPS\Microservices\LoginMicroservice\src\test\resources
2025-07-17 13:00:46,873 [Worker-55: Building] INFO  o.e.m.c.i.l.LifecycleMappingFactory - Using org.eclipse.m2e.jdt.JarLifecycleMapping lifecycle mapping for MavenProject: com.cps:LoginMicroservice:0.0.1-SNAPSHOT @ D:\IQGateway\Module 21 - CPS\Microservices\LoginMicroservice\pom.xml.
2025-07-17 13:00:47,364 [Worker-55: Building] INFO  o.a.m.s.f.DefaultMavenResourcesFiltering - Copying 0 resource from src\main\resources to target\classes
2025-07-17 13:00:47,364 [Worker-55: Building] INFO  o.a.m.s.f.DefaultMavenResourcesFiltering - Copying 0 resource from src\main\resources to target\classes
2025-07-17 13:00:47,368 [Worker-55: Building] INFO  o.a.m.s.f.DefaultMavenResourcesFiltering - skip non existing resourceDirectory D:\IQGateway\Module 21 - CPS\Microservices\LoginMicroservice\src\test\resources
2025-07-17 13:01:45,406 [Worker-60: Building] INFO  o.a.m.s.f.DefaultMavenResourcesFiltering - Copying 1 resource from src\main\resources to target\classes
2025-07-17 13:01:45,423 [Worker-60: Building] INFO  o.a.m.s.f.DefaultMavenResourcesFiltering - Copying 0 resource from src\main\resources to target\classes
2025-07-17 13:01:45,426 [Worker-60: Building] INFO  o.a.m.s.f.DefaultMavenResourcesFiltering - skip non existing resourceDirectory D:\IQGateway\Module 21 - CPS\Microservices\LoginMicroservice\src\test\resources
2025-07-17 13:01:47,592 [Worker-55: Building] INFO  o.a.m.s.f.DefaultMavenResourcesFiltering - Copying 1 resource from src\main\resources to target\classes
2025-07-17 13:01:47,596 [Worker-55: Building] INFO  o.a.m.s.f.DefaultMavenResourcesFiltering - Copying 0 resource from src\main\resources to target\classes
2025-07-17 13:01:47,598 [Worker-55: Building] INFO  o.a.m.s.f.DefaultMavenResourcesFiltering - skip non existing resourceDirectory D:\IQGateway\Module 21 - CPS\Microservices\LoginMicroservice\src\test\resources
2025-07-17 13:01:49,895 [Worker-62: Building] INFO  o.a.m.s.f.DefaultMavenResourcesFiltering - Copying 1 resource from src\main\resources to target\classes
2025-07-17 13:01:49,902 [Worker-62: Building] INFO  o.a.m.s.f.DefaultMavenResourcesFiltering - Copying 0 resource from src\main\resources to target\classes
2025-07-17 13:01:49,904 [Worker-62: Building] INFO  o.a.m.s.f.DefaultMavenResourcesFiltering - skip non existing resourceDirectory D:\IQGateway\Module 21 - CPS\Microservices\LoginMicroservice\src\test\resources
2025-07-17 13:02:57,685 [Worker-61: Building] INFO  o.a.m.s.f.DefaultMavenResourcesFiltering - Copying 1 resource from src\main\resources to target\classes
2025-07-17 13:02:57,690 [Worker-61: Building] INFO  o.a.m.s.f.DefaultMavenResourcesFiltering - Copying 0 resource from src\main\resources to target\classes
2025-07-17 13:02:57,691 [Worker-61: Building] INFO  o.a.m.s.f.DefaultMavenResourcesFiltering - skip non existing resourceDirectory D:\IQGateway\Module 21 - CPS\Microservices\LoginMicroservice\src\test\resources
2025-07-17 13:03:32,792 [Worker-60: Building] INFO  o.a.m.s.f.DefaultMavenResourcesFiltering - Copying 1 resource from src\main\resources to target\classes
2025-07-17 13:03:32,798 [Worker-60: Building] INFO  o.a.m.s.f.DefaultMavenResourcesFiltering - Copying 0 resource from src\main\resources to target\classes
2025-07-17 13:03:32,800 [Worker-60: Building] INFO  o.a.m.s.f.DefaultMavenResourcesFiltering - skip non existing resourceDirectory D:\IQGateway\Module 21 - CPS\Microservices\LoginMicroservice\src\test\resources
2025-07-17 13:03:52,978 [Worker-61: Building] INFO  o.a.m.s.f.DefaultMavenResourcesFiltering - Copying 1 resource from src\main\resources to target\classes
2025-07-17 13:03:52,982 [Worker-61: Building] INFO  o.a.m.s.f.DefaultMavenResourcesFiltering - Copying 0 resource from src\main\resources to target\classes
2025-07-17 13:03:52,983 [Worker-61: Building] INFO  o.a.m.s.f.DefaultMavenResourcesFiltering - skip non existing resourceDirectory D:\IQGateway\Module 21 - CPS\Microservices\LoginMicroservice\src\test\resources
2025-07-17 13:03:55,618 [Worker-61: Building] INFO  o.a.m.s.f.DefaultMavenResourcesFiltering - Copying 1 resource from src\main\resources to target\classes
2025-07-17 13:03:55,624 [Worker-61: Building] INFO  o.a.m.s.f.DefaultMavenResourcesFiltering - Copying 0 resource from src\main\resources to target\classes
2025-07-17 13:03:55,625 [Worker-61: Building] INFO  o.a.m.s.f.DefaultMavenResourcesFiltering - skip non existing resourceDirectory D:\IQGateway\Module 21 - CPS\Microservices\LoginMicroservice\src\test\resources
2025-07-17 13:04:29,553 [Worker-60: Building] INFO  o.a.m.s.f.DefaultMavenResourcesFiltering - Copying 1 resource from src\main\resources to target\classes
2025-07-17 13:04:29,558 [Worker-60: Building] INFO  o.a.m.s.f.DefaultMavenResourcesFiltering - Copying 0 resource from src\main\resources to target\classes
2025-07-17 13:04:29,560 [Worker-60: Building] INFO  o.a.m.s.f.DefaultMavenResourcesFiltering - skip non existing resourceDirectory D:\IQGateway\Module 21 - CPS\Microservices\LoginMicroservice\src\test\resources
2025-07-17 13:04:53,056 [Worker-41: Building] INFO  o.a.m.s.f.DefaultMavenResourcesFiltering - Copying 1 resource from src\main\resources to target\classes
2025-07-17 13:04:53,061 [Worker-41: Building] INFO  o.a.m.s.f.DefaultMavenResourcesFiltering - Copying 0 resource from src\main\resources to target\classes
2025-07-17 13:04:53,063 [Worker-41: Building] INFO  o.a.m.s.f.DefaultMavenResourcesFiltering - skip non existing resourceDirectory D:\IQGateway\Module 21 - CPS\Microservices\LoginMicroservice\src\test\resources
2025-07-17 13:05:06,880 [Worker-41: Building] INFO  o.a.m.s.f.DefaultMavenResourcesFiltering - Copying 1 resource from src\main\resources to target\classes
2025-07-17 13:05:06,885 [Worker-41: Building] INFO  o.a.m.s.f.DefaultMavenResourcesFiltering - Copying 0 resource from src\main\resources to target\classes
2025-07-17 13:05:06,886 [Worker-41: Building] INFO  o.a.m.s.f.DefaultMavenResourcesFiltering - skip non existing resourceDirectory D:\IQGateway\Module 21 - CPS\Microservices\LoginMicroservice\src\test\resources
2025-07-17 13:05:26,424 [Worker-41: Building] INFO  o.a.m.s.f.DefaultMavenResourcesFiltering - Copying 1 resource from src\main\resources to target\classes
2025-07-17 13:05:26,427 [Worker-41: Building] INFO  o.a.m.s.f.DefaultMavenResourcesFiltering - Copying 0 resource from src\main\resources to target\classes
2025-07-17 13:05:26,429 [Worker-41: Building] INFO  o.a.m.s.f.DefaultMavenResourcesFiltering - skip non existing resourceDirectory D:\IQGateway\Module 21 - CPS\Microservices\LoginMicroservice\src\test\resources
2025-07-17 13:05:29,729 [Worker-60: Building] INFO  o.a.m.s.f.DefaultMavenResourcesFiltering - Copying 1 resource from src\main\resources to target\classes
2025-07-17 13:05:29,733 [Worker-60: Building] INFO  o.a.m.s.f.DefaultMavenResourcesFiltering - Copying 0 resource from src\main\resources to target\classes
2025-07-17 13:05:29,734 [Worker-60: Building] INFO  o.a.m.s.f.DefaultMavenResourcesFiltering - skip non existing resourceDirectory D:\IQGateway\Module 21 - CPS\Microservices\LoginMicroservice\src\test\resources
2025-07-17 13:05:51,855 [Worker-55: Building] INFO  o.a.m.s.f.DefaultMavenResourcesFiltering - Copying 1 resource from src\main\resources to target\classes
2025-07-17 13:05:51,860 [Worker-55: Building] INFO  o.a.m.s.f.DefaultMavenResourcesFiltering - Copying 0 resource from src\main\resources to target\classes
2025-07-17 13:05:51,861 [Worker-55: Building] INFO  o.a.m.s.f.DefaultMavenResourcesFiltering - skip non existing resourceDirectory D:\IQGateway\Module 21 - CPS\Microservices\LoginMicroservice\src\test\resources
2025-07-17 13:06:06,536 [Worker-60: Building] INFO  o.a.m.s.f.DefaultMavenResourcesFiltering - Copying 1 resource from src\main\resources to target\classes
2025-07-17 13:06:06,542 [Worker-60: Building] INFO  o.a.m.s.f.DefaultMavenResourcesFiltering - Copying 0 resource from src\main\resources to target\classes
2025-07-17 13:06:06,543 [Worker-60: Building] INFO  o.a.m.s.f.DefaultMavenResourcesFiltering - skip non existing resourceDirectory D:\IQGateway\Module 21 - CPS\Microservices\LoginMicroservice\src\test\resources
2025-07-17 13:06:08,416 [Worker-57: Building] INFO  o.a.m.s.f.DefaultMavenResourcesFiltering - Copying 1 resource from src\main\resources to target\classes
2025-07-17 13:06:08,422 [Worker-57: Building] INFO  o.a.m.s.f.DefaultMavenResourcesFiltering - Copying 0 resource from src\main\resources to target\classes
2025-07-17 13:06:08,424 [Worker-57: Building] INFO  o.a.m.s.f.DefaultMavenResourcesFiltering - skip non existing resourceDirectory D:\IQGateway\Module 21 - CPS\Microservices\LoginMicroservice\src\test\resources
2025-07-17 13:06:26,493 [Worker-63: Building] INFO  o.a.m.s.f.DefaultMavenResourcesFiltering - Copying 1 resource from src\main\resources to target\classes
2025-07-17 13:06:26,498 [Worker-63: Building] INFO  o.a.m.s.f.DefaultMavenResourcesFiltering - Copying 0 resource from src\main\resources to target\classes
2025-07-17 13:06:26,500 [Worker-63: Building] INFO  o.a.m.s.f.DefaultMavenResourcesFiltering - skip non existing resourceDirectory D:\IQGateway\Module 21 - CPS\Microservices\LoginMicroservice\src\test\resources
2025-07-17 13:06:55,817 [Worker-63: Building] INFO  o.a.m.s.f.DefaultMavenResourcesFiltering - Copying 1 resource from src\main\resources to target\classes
2025-07-17 13:06:55,854 [Worker-63: Building] INFO  o.a.m.s.f.DefaultMavenResourcesFiltering - Copying 0 resource from src\main\resources to target\classes
2025-07-17 13:06:55,857 [Worker-63: Building] INFO  o.a.m.s.f.DefaultMavenResourcesFiltering - skip non existing resourceDirectory D:\IQGateway\Module 21 - CPS\Microservices\LoginMicroservice\src\test\resources
2025-07-17 13:07:19,795 [Worker-55: Building] INFO  o.a.m.s.f.DefaultMavenResourcesFiltering - Copying 1 resource from src\main\resources to target\classes
2025-07-17 13:07:19,802 [Worker-55: Building] INFO  o.a.m.s.f.DefaultMavenResourcesFiltering - Copying 0 resource from src\main\resources to target\classes
2025-07-17 13:07:19,804 [Worker-55: Building] INFO  o.a.m.s.f.DefaultMavenResourcesFiltering - skip non existing resourceDirectory D:\IQGateway\Module 21 - CPS\Microservices\InusrerManageUsersMicroservice\src\test\resources
2025-07-17 13:07:24,445 [Worker-55: Building] INFO  o.a.m.s.f.DefaultMavenResourcesFiltering - Copying 1 resource from src\main\resources to target\classes
2025-07-17 13:07:24,450 [Worker-55: Building] INFO  o.a.m.s.f.DefaultMavenResourcesFiltering - Copying 0 resource from src\main\resources to target\classes
2025-07-17 13:07:24,451 [Worker-55: Building] INFO  o.a.m.s.f.DefaultMavenResourcesFiltering - skip non existing resourceDirectory D:\IQGateway\Module 21 - CPS\Microservices\InusrerManageUsersMicroservice\src\test\resources
2025-07-17 13:07:36,780 [Worker-63: Building] INFO  o.a.m.s.f.DefaultMavenResourcesFiltering - Copying 1 resource from src\main\resources to target\classes
2025-07-17 13:07:36,785 [Worker-63: Building] INFO  o.a.m.s.f.DefaultMavenResourcesFiltering - Copying 0 resource from src\main\resources to target\classes
2025-07-17 13:07:36,786 [Worker-63: Building] INFO  o.a.m.s.f.DefaultMavenResourcesFiltering - skip non existing resourceDirectory D:\IQGateway\Module 21 - CPS\Microservices\InusrerManageUsersMicroservice\src\test\resources
2025-07-17 13:07:45,228 [Worker-59: Building] INFO  o.a.m.s.f.DefaultMavenResourcesFiltering - Copying 1 resource from src\main\resources to target\classes
2025-07-17 13:07:45,233 [Worker-59: Building] INFO  o.a.m.s.f.DefaultMavenResourcesFiltering - Copying 0 resource from src\main\resources to target\classes
2025-07-17 13:07:45,234 [Worker-59: Building] INFO  o.a.m.s.f.DefaultMavenResourcesFiltering - skip non existing resourceDirectory D:\IQGateway\Module 21 - CPS\Microservices\InusrerManageUsersMicroservice\src\test\resources
2025-07-17 13:09:31,345 [Worker-59: Building] INFO  o.a.m.s.f.DefaultMavenResourcesFiltering - Copying 1 resource from src\main\resources to target\classes
2025-07-17 13:09:31,352 [Worker-59: Building] INFO  o.a.m.s.f.DefaultMavenResourcesFiltering - Copying 0 resource from src\main\resources to target\classes
2025-07-17 13:09:31,354 [Worker-59: Building] INFO  o.a.m.s.f.DefaultMavenResourcesFiltering - skip non existing resourceDirectory D:\IQGateway\Module 21 - CPS\Microservices\LoginMicroservice\src\test\resources
2025-07-17 13:09:38,510 [Worker-41: Building] INFO  o.a.m.s.f.DefaultMavenResourcesFiltering - Copying 1 resource from src\main\resources to target\classes
2025-07-17 13:09:38,515 [Worker-41: Building] INFO  o.a.m.s.f.DefaultMavenResourcesFiltering - Copying 0 resource from src\main\resources to target\classes
2025-07-17 13:09:38,517 [Worker-41: Building] INFO  o.a.m.s.f.DefaultMavenResourcesFiltering - skip non existing resourceDirectory D:\IQGateway\Module 21 - CPS\Microservices\LoginMicroservice\src\test\resources
2025-07-17 13:09:41,973 [Worker-63: Building] INFO  o.a.m.s.f.DefaultMavenResourcesFiltering - Copying 1 resource from src\main\resources to target\classes
2025-07-17 13:09:41,979 [Worker-63: Building] INFO  o.a.m.s.f.DefaultMavenResourcesFiltering - Copying 0 resource from src\main\resources to target\classes
2025-07-17 13:09:41,981 [Worker-63: Building] INFO  o.a.m.s.f.DefaultMavenResourcesFiltering - skip non existing resourceDirectory D:\IQGateway\Module 21 - CPS\Microservices\LoginMicroservice\src\test\resources
2025-07-17 13:09:48,355 [Worker-41: Building] INFO  o.a.m.s.f.DefaultMavenResourcesFiltering - Copying 1 resource from src\main\resources to target\classes
2025-07-17 13:09:48,360 [Worker-41: Building] INFO  o.a.m.s.f.DefaultMavenResourcesFiltering - Copying 0 resource from src\main\resources to target\classes
2025-07-17 13:09:48,361 [Worker-41: Building] INFO  o.a.m.s.f.DefaultMavenResourcesFiltering - skip non existing resourceDirectory D:\IQGateway\Module 21 - CPS\Microservices\LoginMicroservice\src\test\resources
2025-07-17 13:10:09,649 [Worker-61: Building] INFO  o.a.m.s.f.DefaultMavenResourcesFiltering - Copying 1 resource from src\main\resources to target\classes
2025-07-17 13:10:09,652 [Worker-61: Building] INFO  o.a.m.s.f.DefaultMavenResourcesFiltering - Copying 0 resource from src\main\resources to target\classes
2025-07-17 13:10:09,654 [Worker-61: Building] INFO  o.a.m.s.f.DefaultMavenResourcesFiltering - skip non existing resourceDirectory D:\IQGateway\Module 21 - CPS\Microservices\LoginMicroservice\src\test\resources
2025-07-17 13:10:29,623 [Worker-57: Building] INFO  o.a.m.s.f.DefaultMavenResourcesFiltering - Copying 1 resource from src\main\resources to target\classes
2025-07-17 13:10:29,631 [Worker-57: Building] INFO  o.a.m.s.f.DefaultMavenResourcesFiltering - Copying 0 resource from src\main\resources to target\classes
2025-07-17 13:10:29,632 [Worker-57: Building] INFO  o.a.m.s.f.DefaultMavenResourcesFiltering - skip non existing resourceDirectory D:\IQGateway\Module 21 - CPS\Microservices\LoginMicroservice\src\test\resources
2025-07-17 13:10:43,366 [Worker-57: Building] INFO  o.a.m.s.f.DefaultMavenResourcesFiltering - Copying 1 resource from src\main\resources to target\classes
2025-07-17 13:10:43,370 [Worker-57: Building] INFO  o.a.m.s.f.DefaultMavenResourcesFiltering - Copying 0 resource from src\main\resources to target\classes
2025-07-17 13:10:43,371 [Worker-57: Building] INFO  o.a.m.s.f.DefaultMavenResourcesFiltering - skip non existing resourceDirectory D:\IQGateway\Module 21 - CPS\Microservices\LoginMicroservice\src\test\resources
2025-07-17 13:11:10,150 [Worker-60: Building] INFO  o.a.m.s.f.DefaultMavenResourcesFiltering - Copying 1 resource from src\main\resources to target\classes
2025-07-17 13:11:10,155 [Worker-60: Building] INFO  o.a.m.s.f.DefaultMavenResourcesFiltering - Copying 0 resource from src\main\resources to target\classes
2025-07-17 13:11:10,157 [Worker-60: Building] INFO  o.a.m.s.f.DefaultMavenResourcesFiltering - skip non existing resourceDirectory D:\IQGateway\Module 21 - CPS\Microservices\LoginMicroservice\src\test\resources
2025-07-17 13:11:24,573 [Worker-57: Building] INFO  o.a.m.s.f.DefaultMavenResourcesFiltering - Copying 1 resource from src\main\resources to target\classes
2025-07-17 13:11:24,578 [Worker-57: Building] INFO  o.a.m.s.f.DefaultMavenResourcesFiltering - Copying 0 resource from src\main\resources to target\classes
2025-07-17 13:11:24,580 [Worker-57: Building] INFO  o.a.m.s.f.DefaultMavenResourcesFiltering - skip non existing resourceDirectory D:\IQGateway\Module 21 - CPS\Microservices\LoginMicroservice\src\test\resources
2025-07-17 13:11:28,485 [Worker-60: Building] INFO  o.a.m.s.f.DefaultMavenResourcesFiltering - Copying 1 resource from src\main\resources to target\classes
2025-07-17 13:11:28,490 [Worker-60: Building] INFO  o.a.m.s.f.DefaultMavenResourcesFiltering - Copying 0 resource from src\main\resources to target\classes
2025-07-17 13:11:28,492 [Worker-60: Building] INFO  o.a.m.s.f.DefaultMavenResourcesFiltering - skip non existing resourceDirectory D:\IQGateway\Module 21 - CPS\Microservices\LoginMicroservice\src\test\resources
2025-07-17 13:11:49,089 [Worker-59: Building] INFO  o.a.m.s.f.DefaultMavenResourcesFiltering - Copying 1 resource from src\main\resources to target\classes
2025-07-17 13:11:49,093 [Worker-59: Building] INFO  o.a.m.s.f.DefaultMavenResourcesFiltering - Copying 0 resource from src\main\resources to target\classes
2025-07-17 13:11:49,094 [Worker-59: Building] INFO  o.a.m.s.f.DefaultMavenResourcesFiltering - skip non existing resourceDirectory D:\IQGateway\Module 21 - CPS\Microservices\LoginMicroservice\src\test\resources
2025-07-17 13:11:52,015 [Worker-60: Building] INFO  o.a.m.s.f.DefaultMavenResourcesFiltering - Copying 1 resource from src\main\resources to target\classes
2025-07-17 13:11:52,021 [Worker-60: Building] INFO  o.a.m.s.f.DefaultMavenResourcesFiltering - Copying 0 resource from src\main\resources to target\classes
2025-07-17 13:11:52,023 [Worker-60: Building] INFO  o.a.m.s.f.DefaultMavenResourcesFiltering - skip non existing resourceDirectory D:\IQGateway\Module 21 - CPS\Microservices\LoginMicroservice\src\test\resources
2025-07-17 13:12:04,910 [Worker-60: Building] INFO  o.a.m.s.f.DefaultMavenResourcesFiltering - Copying 1 resource from src\main\resources to target\classes
2025-07-17 13:12:04,916 [Worker-60: Building] INFO  o.a.m.s.f.DefaultMavenResourcesFiltering - Copying 0 resource from src\main\resources to target\classes
2025-07-17 13:12:04,919 [Worker-60: Building] INFO  o.a.m.s.f.DefaultMavenResourcesFiltering - skip non existing resourceDirectory D:\IQGateway\Module 21 - CPS\Microservices\LoginMicroservice\src\test\resources
2025-07-17 13:12:30,530 [Worker-63: Building] INFO  o.a.m.s.f.DefaultMavenResourcesFiltering - Copying 1 resource from src\main\resources to target\classes
2025-07-17 13:12:30,536 [Worker-63: Building] INFO  o.a.m.s.f.DefaultMavenResourcesFiltering - Copying 0 resource from src\main\resources to target\classes
2025-07-17 13:12:30,538 [Worker-63: Building] INFO  o.a.m.s.f.DefaultMavenResourcesFiltering - skip non existing resourceDirectory D:\IQGateway\Module 21 - CPS\Microservices\LoginMicroservice\src\test\resources
2025-07-17 13:12:50,043 [Worker-55: Building] INFO  o.a.m.s.f.DefaultMavenResourcesFiltering - Copying 1 resource from src\main\resources to target\classes
2025-07-17 13:12:50,047 [Worker-55: Building] INFO  o.a.m.s.f.DefaultMavenResourcesFiltering - Copying 0 resource from src\main\resources to target\classes
2025-07-17 13:12:50,048 [Worker-55: Building] INFO  o.a.m.s.f.DefaultMavenResourcesFiltering - skip non existing resourceDirectory D:\IQGateway\Module 21 - CPS\Microservices\LoginMicroservice\src\test\resources
2025-07-17 13:13:35,175 [Worker-41: Building] INFO  o.a.m.s.f.DefaultMavenResourcesFiltering - Copying 1 resource from src\main\resources to target\classes
2025-07-17 13:13:35,184 [Worker-41: Building] INFO  o.a.m.s.f.DefaultMavenResourcesFiltering - Copying 0 resource from src\main\resources to target\classes
2025-07-17 13:13:35,186 [Worker-41: Building] INFO  o.a.m.s.f.DefaultMavenResourcesFiltering - skip non existing resourceDirectory D:\IQGateway\Module 21 - CPS\Microservices\LoginMicroservice\src\test\resources
2025-07-17 13:13:49,540 [Worker-41: Building] INFO  o.a.m.s.f.DefaultMavenResourcesFiltering - Copying 1 resource from src\main\resources to target\classes
2025-07-17 13:13:49,543 [Worker-41: Building] INFO  o.a.m.s.f.DefaultMavenResourcesFiltering - Copying 0 resource from src\main\resources to target\classes
2025-07-17 13:13:49,545 [Worker-41: Building] INFO  o.a.m.s.f.DefaultMavenResourcesFiltering - skip non existing resourceDirectory D:\IQGateway\Module 21 - CPS\Microservices\LoginMicroservice\src\test\resources
2025-07-17 13:14:15,448 [Worker-57: Building] INFO  o.a.m.s.f.DefaultMavenResourcesFiltering - Copying 1 resource from src\main\resources to target\classes
2025-07-17 13:14:15,453 [Worker-57: Building] INFO  o.a.m.s.f.DefaultMavenResourcesFiltering - Copying 0 resource from src\main\resources to target\classes
2025-07-17 13:14:15,454 [Worker-57: Building] INFO  o.a.m.s.f.DefaultMavenResourcesFiltering - skip non existing resourceDirectory D:\IQGateway\Module 21 - CPS\Microservices\LoginMicroservice\src\test\resources
2025-07-17 13:14:40,109 [Worker-41: Building] INFO  o.a.m.s.f.DefaultMavenResourcesFiltering - Copying 1 resource from src\main\resources to target\classes
2025-07-17 13:14:40,113 [Worker-41: Building] INFO  o.a.m.s.f.DefaultMavenResourcesFiltering - Copying 0 resource from src\main\resources to target\classes
2025-07-17 13:14:40,115 [Worker-41: Building] INFO  o.a.m.s.f.DefaultMavenResourcesFiltering - skip non existing resourceDirectory D:\IQGateway\Module 21 - CPS\Microservices\LoginMicroservice\src\test\resources
2025-07-17 13:15:12,721 [Worker-41: Building] INFO  o.a.m.s.f.DefaultMavenResourcesFiltering - Copying 1 resource from src\main\resources to target\classes
2025-07-17 13:15:12,727 [Worker-41: Building] INFO  o.a.m.s.f.DefaultMavenResourcesFiltering - Copying 0 resource from src\main\resources to target\classes
2025-07-17 13:15:12,728 [Worker-41: Building] INFO  o.a.m.s.f.DefaultMavenResourcesFiltering - skip non existing resourceDirectory D:\IQGateway\Module 21 - CPS\Microservices\LoginMicroservice\src\test\resources
2025-07-17 13:15:29,128 [Worker-61: Building] INFO  o.a.m.s.f.DefaultMavenResourcesFiltering - Copying 1 resource from src\main\resources to target\classes
2025-07-17 13:15:29,132 [Worker-61: Building] INFO  o.a.m.s.f.DefaultMavenResourcesFiltering - Copying 0 resource from src\main\resources to target\classes
2025-07-17 13:15:29,134 [Worker-61: Building] INFO  o.a.m.s.f.DefaultMavenResourcesFiltering - skip non existing resourceDirectory D:\IQGateway\Module 21 - CPS\Microservices\LoginMicroservice\src\test\resources
2025-07-17 13:15:33,254 [Worker-60: Building] INFO  o.a.m.s.f.DefaultMavenResourcesFiltering - Copying 1 resource from src\main\resources to target\classes
2025-07-17 13:15:33,259 [Worker-60: Building] INFO  o.a.m.s.f.DefaultMavenResourcesFiltering - Copying 0 resource from src\main\resources to target\classes
2025-07-17 13:15:33,260 [Worker-60: Building] INFO  o.a.m.s.f.DefaultMavenResourcesFiltering - skip non existing resourceDirectory D:\IQGateway\Module 21 - CPS\Microservices\LoginMicroservice\src\test\resources
2025-07-17 13:16:23,990 [Worker-59: Building] INFO  o.a.m.s.f.DefaultMavenResourcesFiltering - Copying 1 resource from src\main\resources to target\classes
2025-07-17 13:16:23,995 [Worker-59: Building] INFO  o.a.m.s.f.DefaultMavenResourcesFiltering - Copying 0 resource from src\main\resources to target\classes
2025-07-17 13:16:23,996 [Worker-59: Building] INFO  o.a.m.s.f.DefaultMavenResourcesFiltering - skip non existing resourceDirectory D:\IQGateway\Module 21 - CPS\Microservices\LoginMicroservice\src\test\resources
2025-07-17 13:16:26,617 [Worker-63: Building] INFO  o.a.m.s.f.DefaultMavenResourcesFiltering - Copying 1 resource from src\main\resources to target\classes
2025-07-17 13:16:26,620 [Worker-63: Building] INFO  o.a.m.s.f.DefaultMavenResourcesFiltering - Copying 0 resource from src\main\resources to target\classes
2025-07-17 13:16:26,622 [Worker-63: Building] INFO  o.a.m.s.f.DefaultMavenResourcesFiltering - skip non existing resourceDirectory D:\IQGateway\Module 21 - CPS\Microservices\LoginMicroservice\src\test\resources
2025-07-17 13:17:08,988 [Worker-41: Building] INFO  o.a.m.s.f.DefaultMavenResourcesFiltering - Copying 1 resource from src\main\resources to target\classes
2025-07-17 13:17:08,993 [Worker-41: Building] INFO  o.a.m.s.f.DefaultMavenResourcesFiltering - Copying 0 resource from src\main\resources to target\classes
2025-07-17 13:17:08,995 [Worker-41: Building] INFO  o.a.m.s.f.DefaultMavenResourcesFiltering - skip non existing resourceDirectory D:\IQGateway\Module 21 - CPS\Microservices\LoginMicroservice\src\test\resources
2025-07-17 13:17:21,117 [Worker-41: Building] INFO  o.a.m.s.f.DefaultMavenResourcesFiltering - Copying 1 resource from src\main\resources to target\classes
2025-07-17 13:17:21,124 [Worker-41: Building] INFO  o.a.m.s.f.DefaultMavenResourcesFiltering - Copying 0 resource from src\main\resources to target\classes
2025-07-17 13:17:21,125 [Worker-41: Building] INFO  o.a.m.s.f.DefaultMavenResourcesFiltering - skip non existing resourceDirectory D:\IQGateway\Module 21 - CPS\Microservices\LoginMicroservice\src\test\resources
2025-07-17 13:18:08,381 [Worker-41: Building] INFO  o.a.m.s.f.DefaultMavenResourcesFiltering - Copying 1 resource from src\main\resources to target\classes
2025-07-17 13:18:08,387 [Worker-41: Building] INFO  o.a.m.s.f.DefaultMavenResourcesFiltering - Copying 0 resource from src\main\resources to target\classes
2025-07-17 13:18:08,388 [Worker-41: Building] INFO  o.a.m.s.f.DefaultMavenResourcesFiltering - skip non existing resourceDirectory D:\IQGateway\Module 21 - CPS\Microservices\LoginMicroservice\src\test\resources
2025-07-17 13:18:53,222 [Worker-61: Building] INFO  o.a.m.s.f.DefaultMavenResourcesFiltering - Copying 1 resource from src\main\resources to target\classes
2025-07-17 13:18:53,231 [Worker-61: Building] INFO  o.a.m.s.f.DefaultMavenResourcesFiltering - Copying 0 resource from src\main\resources to target\classes
2025-07-17 13:18:53,234 [Worker-61: Building] INFO  o.a.m.s.f.DefaultMavenResourcesFiltering - skip non existing resourceDirectory D:\IQGateway\Module 21 - CPS\Microservices\LoginMicroservice\src\test\resources
2025-07-17 13:19:39,804 [Worker-63: Building] INFO  o.a.m.s.f.DefaultMavenResourcesFiltering - Copying 1 resource from src\main\resources to target\classes
2025-07-17 13:19:39,808 [Worker-63: Building] INFO  o.a.m.s.f.DefaultMavenResourcesFiltering - Copying 0 resource from src\main\resources to target\classes
2025-07-17 13:19:39,809 [Worker-63: Building] INFO  o.a.m.s.f.DefaultMavenResourcesFiltering - skip non existing resourceDirectory D:\IQGateway\Module 21 - CPS\Microservices\LoginMicroservice\src\test\resources
2025-07-17 13:19:42,136 [Worker-63: Building] INFO  o.a.m.s.f.DefaultMavenResourcesFiltering - Copying 1 resource from src\main\resources to target\classes
2025-07-17 13:19:42,140 [Worker-63: Building] INFO  o.a.m.s.f.DefaultMavenResourcesFiltering - Copying 0 resource from src\main\resources to target\classes
2025-07-17 13:19:42,141 [Worker-63: Building] INFO  o.a.m.s.f.DefaultMavenResourcesFiltering - skip non existing resourceDirectory D:\IQGateway\Module 21 - CPS\Microservices\LoginMicroservice\src\test\resources
2025-07-17 13:20:38,737 [Worker-61: Building] INFO  o.a.m.s.f.DefaultMavenResourcesFiltering - Copying 1 resource from src\main\resources to target\classes
2025-07-17 13:20:38,741 [Worker-61: Building] INFO  o.a.m.s.f.DefaultMavenResourcesFiltering - Copying 0 resource from src\main\resources to target\classes
2025-07-17 13:20:38,743 [Worker-61: Building] INFO  o.a.m.s.f.DefaultMavenResourcesFiltering - skip non existing resourceDirectory D:\IQGateway\Module 21 - CPS\Microservices\LoginMicroservice\src\test\resources
2025-07-17 13:20:42,465 [Worker-41: Building] INFO  o.a.m.s.f.DefaultMavenResourcesFiltering - Copying 1 resource from src\main\resources to target\classes
2025-07-17 13:20:42,470 [Worker-41: Building] INFO  o.a.m.s.f.DefaultMavenResourcesFiltering - Copying 0 resource from src\main\resources to target\classes
2025-07-17 13:20:42,472 [Worker-41: Building] INFO  o.a.m.s.f.DefaultMavenResourcesFiltering - skip non existing resourceDirectory D:\IQGateway\Module 21 - CPS\Microservices\LoginMicroservice\src\test\resources
2025-07-17 13:21:18,197 [Worker-55: Building] INFO  o.a.m.s.f.DefaultMavenResourcesFiltering - Copying 1 resource from src\main\resources to target\classes
2025-07-17 13:21:18,201 [Worker-55: Building] INFO  o.a.m.s.f.DefaultMavenResourcesFiltering - Copying 0 resource from src\main\resources to target\classes
2025-07-17 13:21:18,203 [Worker-55: Building] INFO  o.a.m.s.f.DefaultMavenResourcesFiltering - skip non existing resourceDirectory D:\IQGateway\Module 21 - CPS\Microservices\LoginMicroservice\src\test\resources
2025-07-17 13:21:21,739 [Worker-63: Building] INFO  o.a.m.s.f.DefaultMavenResourcesFiltering - Copying 1 resource from src\main\resources to target\classes
2025-07-17 13:21:21,744 [Worker-63: Building] INFO  o.a.m.s.f.DefaultMavenResourcesFiltering - Copying 0 resource from src\main\resources to target\classes
2025-07-17 13:21:21,746 [Worker-63: Building] INFO  o.a.m.s.f.DefaultMavenResourcesFiltering - skip non existing resourceDirectory D:\IQGateway\Module 21 - CPS\Microservices\LoginMicroservice\src\test\resources
2025-07-17 13:21:46,950 [Worker-60: Building] INFO  o.a.m.s.f.DefaultMavenResourcesFiltering - Copying 1 resource from src\main\resources to target\classes
2025-07-17 13:21:46,955 [Worker-60: Building] INFO  o.a.m.s.f.DefaultMavenResourcesFiltering - Copying 0 resource from src\main\resources to target\classes
2025-07-17 13:21:46,959 [Worker-60: Building] INFO  o.a.m.s.f.DefaultMavenResourcesFiltering - skip non existing resourceDirectory D:\IQGateway\Module 21 - CPS\Microservices\LoginMicroservice\src\test\resources
2025-07-17 13:22:15,531 [Worker-59: Building] INFO  o.a.m.s.f.DefaultMavenResourcesFiltering - Copying 1 resource from src\main\resources to target\classes
2025-07-17 13:22:15,548 [Worker-59: Building] INFO  o.a.m.s.f.DefaultMavenResourcesFiltering - Copying 0 resource from src\main\resources to target\classes
2025-07-17 13:22:15,550 [Worker-59: Building] INFO  o.a.m.s.f.DefaultMavenResourcesFiltering - skip non existing resourceDirectory D:\IQGateway\Module 21 - CPS\Microservices\LoginMicroservice\src\test\resources
2025-07-17 13:24:21,762 [Worker-59: Building] INFO  o.a.m.s.f.DefaultMavenResourcesFiltering - Copying 1 resource from src\main\resources to target\classes
2025-07-17 13:24:21,773 [Worker-59: Building] INFO  o.a.m.s.f.DefaultMavenResourcesFiltering - Copying 0 resource from src\main\resources to target\classes
2025-07-17 13:24:21,774 [Worker-59: Building] INFO  o.a.m.s.f.DefaultMavenResourcesFiltering - skip non existing resourceDirectory D:\IQGateway\Module 21 - CPS\Microservices\LoginMicroservice\src\test\resources
2025-07-17 13:30:14,076 [Worker-57: Building] INFO  o.a.m.s.f.DefaultMavenResourcesFiltering - Copying 1 resource from src\main\resources to target\classes
2025-07-17 13:30:14,089 [Worker-57: Building] INFO  o.a.m.s.f.DefaultMavenResourcesFiltering - Copying 0 resource from src\main\resources to target\classes
2025-07-17 13:30:14,091 [Worker-57: Building] INFO  o.a.m.s.f.DefaultMavenResourcesFiltering - skip non existing resourceDirectory D:\IQGateway\Module 21 - CPS\Microservices\LoginMicroservice\src\test\resources
2025-07-17 13:30:27,147 [Worker-60: Building] INFO  o.a.m.s.f.DefaultMavenResourcesFiltering - Copying 1 resource from src\main\resources to target\classes
2025-07-17 13:30:27,153 [Worker-60: Building] INFO  o.a.m.s.f.DefaultMavenResourcesFiltering - Copying 0 resource from src\main\resources to target\classes
2025-07-17 13:30:27,155 [Worker-60: Building] INFO  o.a.m.s.f.DefaultMavenResourcesFiltering - skip non existing resourceDirectory D:\IQGateway\Module 21 - CPS\Microservices\LoginMicroservice\src\test\resources
2025-07-17 13:32:23,092 [Worker-60: Building] INFO  o.a.m.s.f.DefaultMavenResourcesFiltering - Copying 1 resource from src\main\resources to target\classes
2025-07-17 13:32:23,096 [Worker-60: Building] INFO  o.a.m.s.f.DefaultMavenResourcesFiltering - Copying 0 resource from src\main\resources to target\classes
2025-07-17 13:32:23,097 [Worker-60: Building] INFO  o.a.m.s.f.DefaultMavenResourcesFiltering - skip non existing resourceDirectory D:\IQGateway\Module 21 - CPS\Microservices\LoginMicroservice\src\test\resources
2025-07-17 13:34:07,090 [Worker-60: Building] INFO  o.a.m.s.f.DefaultMavenResourcesFiltering - Copying 1 resource from src\main\resources to target\classes
2025-07-17 13:34:07,097 [Worker-60: Building] INFO  o.a.m.s.f.DefaultMavenResourcesFiltering - Copying 0 resource from src\main\resources to target\classes
2025-07-17 13:34:07,099 [Worker-60: Building] INFO  o.a.m.s.f.DefaultMavenResourcesFiltering - skip non existing resourceDirectory D:\IQGateway\Module 21 - CPS\Microservices\LoginMicroservice\src\test\resources
2025-07-17 13:36:43,578 [Worker-57: Building] INFO  o.a.m.s.f.DefaultMavenResourcesFiltering - Copying 1 resource from src\main\resources to target\classes
2025-07-17 13:36:43,583 [Worker-57: Building] INFO  o.a.m.s.f.DefaultMavenResourcesFiltering - Copying 0 resource from src\main\resources to target\classes
2025-07-17 13:36:43,584 [Worker-57: Building] INFO  o.a.m.s.f.DefaultMavenResourcesFiltering - skip non existing resourceDirectory D:\IQGateway\Module 21 - CPS\Microservices\LoginMicroservice\src\test\resources
2025-07-17 13:39:15,572 [Worker-41: Building] INFO  o.a.m.s.f.DefaultMavenResourcesFiltering - Copying 1 resource from src\main\resources to target\classes
2025-07-17 13:39:15,578 [Worker-41: Building] INFO  o.a.m.s.f.DefaultMavenResourcesFiltering - Copying 0 resource from src\main\resources to target\classes
2025-07-17 13:39:15,579 [Worker-41: Building] INFO  o.a.m.s.f.DefaultMavenResourcesFiltering - skip non existing resourceDirectory D:\IQGateway\Module 21 - CPS\Microservices\LoginMicroservice\src\test\resources
2025-07-17 13:39:19,145 [Worker-57: Building] INFO  o.a.m.s.f.DefaultMavenResourcesFiltering - Copying 1 resource from src\main\resources to target\classes
2025-07-17 13:39:19,150 [Worker-57: Building] INFO  o.a.m.s.f.DefaultMavenResourcesFiltering - Copying 0 resource from src\main\resources to target\classes
2025-07-17 13:39:19,152 [Worker-57: Building] INFO  o.a.m.s.f.DefaultMavenResourcesFiltering - skip non existing resourceDirectory D:\IQGateway\Module 21 - CPS\Microservices\LoginMicroservice\src\test\resources
2025-07-17 13:39:24,484 [Worker-41: Building] INFO  o.a.m.s.f.DefaultMavenResourcesFiltering - Copying 1 resource from src\main\resources to target\classes
2025-07-17 13:39:24,510 [Worker-41: Building] INFO  o.a.m.s.f.DefaultMavenResourcesFiltering - Copying 0 resource from src\main\resources to target\classes
2025-07-17 13:39:24,514 [Worker-41: Building] INFO  o.a.m.s.f.DefaultMavenResourcesFiltering - skip non existing resourceDirectory D:\IQGateway\Module 21 - CPS\Microservices\LoginMicroservice\src\test\resources
2025-07-17 13:39:35,032 [Worker-41: Building] INFO  o.a.m.s.f.DefaultMavenResourcesFiltering - Copying 1 resource from src\main\resources to target\classes
2025-07-17 13:39:35,037 [Worker-41: Building] INFO  o.a.m.s.f.DefaultMavenResourcesFiltering - Copying 0 resource from src\main\resources to target\classes
2025-07-17 13:39:35,040 [Worker-41: Building] INFO  o.a.m.s.f.DefaultMavenResourcesFiltering - skip non existing resourceDirectory D:\IQGateway\Module 21 - CPS\Microservices\LoginMicroservice\src\test\resources
2025-07-17 13:39:53,793 [Worker-61: Building] INFO  o.a.m.s.f.DefaultMavenResourcesFiltering - Copying 1 resource from src\main\resources to target\classes
2025-07-17 13:39:53,799 [Worker-61: Building] INFO  o.a.m.s.f.DefaultMavenResourcesFiltering - Copying 0 resource from src\main\resources to target\classes
2025-07-17 13:39:53,800 [Worker-61: Building] INFO  o.a.m.s.f.DefaultMavenResourcesFiltering - skip non existing resourceDirectory D:\IQGateway\Module 21 - CPS\Microservices\LoginMicroservice\src\test\resources
2025-07-17 13:40:06,411 [Worker-57: Building] INFO  o.a.m.s.f.DefaultMavenResourcesFiltering - Copying 1 resource from src\main\resources to target\classes
2025-07-17 13:40:06,417 [Worker-57: Building] INFO  o.a.m.s.f.DefaultMavenResourcesFiltering - Copying 0 resource from src\main\resources to target\classes
2025-07-17 13:40:06,419 [Worker-57: Building] INFO  o.a.m.s.f.DefaultMavenResourcesFiltering - skip non existing resourceDirectory D:\IQGateway\Module 21 - CPS\Microservices\LoginMicroservice\src\test\resources
2025-07-17 13:56:32,351 [Worker-64: Building] INFO  o.a.m.s.f.DefaultMavenResourcesFiltering - Copying 1 resource from src\main\resources to target\classes
2025-07-17 13:56:32,360 [Worker-64: Building] INFO  o.a.m.s.f.DefaultMavenResourcesFiltering - Copying 0 resource from src\main\resources to target\classes
2025-07-17 13:56:32,361 [Worker-64: Building] INFO  o.a.m.s.f.DefaultMavenResourcesFiltering - skip non existing resourceDirectory D:\IQGateway\Module 21 - CPS\Microservices\LoginMicroservice\src\test\resources
2025-07-17 13:56:38,841 [Worker-57: Building] INFO  o.a.m.s.f.DefaultMavenResourcesFiltering - Copying 1 resource from src\main\resources to target\classes
2025-07-17 13:56:38,846 [Worker-57: Building] INFO  o.a.m.s.f.DefaultMavenResourcesFiltering - Copying 0 resource from src\main\resources to target\classes
2025-07-17 13:56:38,848 [Worker-57: Building] INFO  o.a.m.s.f.DefaultMavenResourcesFiltering - skip non existing resourceDirectory D:\IQGateway\Module 21 - CPS\Microservices\LoginMicroservice\src\test\resources
2025-07-17 13:58:51,356 [Worker-57: Building] INFO  o.a.m.s.f.DefaultMavenResourcesFiltering - Copying 1 resource from src\main\resources to target\classes
2025-07-17 13:58:51,362 [Worker-57: Building] INFO  o.a.m.s.f.DefaultMavenResourcesFiltering - Copying 0 resource from src\main\resources to target\classes
2025-07-17 13:58:51,364 [Worker-57: Building] INFO  o.a.m.s.f.DefaultMavenResourcesFiltering - skip non existing resourceDirectory D:\IQGateway\Module 21 - CPS\Microservices\LoginMicroservice\src\test\resources
2025-07-17 14:07:49,951 [Worker-69: Building] INFO  o.a.m.s.f.DefaultMavenResourcesFiltering - Copying 1 resource from src\main\resources to target\classes
2025-07-17 14:07:49,958 [Worker-69: Building] INFO  o.a.m.s.f.DefaultMavenResourcesFiltering - Copying 0 resource from src\main\resources to target\classes
2025-07-17 14:07:49,960 [Worker-69: Building] INFO  o.a.m.s.f.DefaultMavenResourcesFiltering - skip non existing resourceDirectory D:\IQGateway\Module 21 - CPS\Microservices\LoginMicroservice\src\test\resources
2025-07-17 14:09:40,849 [Worker-64: Building] INFO  o.a.m.s.f.DefaultMavenResourcesFiltering - Copying 1 resource from src\main\resources to target\classes
2025-07-17 14:09:40,854 [Worker-64: Building] INFO  o.a.m.s.f.DefaultMavenResourcesFiltering - Copying 0 resource from src\main\resources to target\classes
2025-07-17 14:09:40,855 [Worker-64: Building] INFO  o.a.m.s.f.DefaultMavenResourcesFiltering - skip non existing resourceDirectory D:\IQGateway\Module 21 - CPS\Microservices\LoginMicroservice\src\test\resources
2025-07-17 14:10:18,878 [Worker-70: Building] INFO  o.a.m.s.f.DefaultMavenResourcesFiltering - Copying 1 resource from src\main\resources to target\classes
2025-07-17 14:10:18,883 [Worker-70: Building] INFO  o.a.m.s.f.DefaultMavenResourcesFiltering - Copying 0 resource from src\main\resources to target\classes
2025-07-17 14:10:18,885 [Worker-70: Building] INFO  o.a.m.s.f.DefaultMavenResourcesFiltering - skip non existing resourceDirectory D:\IQGateway\Module 21 - CPS\Microservices\LoginMicroservice\src\test\resources
2025-07-17 14:10:29,576 [Worker-68: Building] INFO  o.a.m.s.f.DefaultMavenResourcesFiltering - Copying 1 resource from src\main\resources to target\classes
2025-07-17 14:10:29,586 [Worker-68: Building] INFO  o.a.m.s.f.DefaultMavenResourcesFiltering - Copying 0 resource from src\main\resources to target\classes
2025-07-17 14:10:29,588 [Worker-68: Building] INFO  o.a.m.s.f.DefaultMavenResourcesFiltering - skip non existing resourceDirectory D:\IQGateway\Module 21 - CPS\Microservices\LoginMicroservice\src\test\resources
2025-07-17 14:10:49,170 [Worker-71: Building] INFO  o.a.m.s.f.DefaultMavenResourcesFiltering - Copying 1 resource from src\main\resources to target\classes
2025-07-17 14:10:49,174 [Worker-71: Building] INFO  o.a.m.s.f.DefaultMavenResourcesFiltering - Copying 0 resource from src\main\resources to target\classes
2025-07-17 14:10:49,176 [Worker-71: Building] INFO  o.a.m.s.f.DefaultMavenResourcesFiltering - skip non existing resourceDirectory D:\IQGateway\Module 21 - CPS\Microservices\LoginMicroservice\src\test\resources
2025-07-17 14:11:20,878 [Worker-69: Building] INFO  o.a.m.s.f.DefaultMavenResourcesFiltering - Copying 1 resource from src\main\resources to target\classes
2025-07-17 14:11:20,885 [Worker-69: Building] INFO  o.a.m.s.f.DefaultMavenResourcesFiltering - Copying 0 resource from src\main\resources to target\classes
2025-07-17 14:11:20,886 [Worker-69: Building] INFO  o.a.m.s.f.DefaultMavenResourcesFiltering - skip non existing resourceDirectory D:\IQGateway\Module 21 - CPS\Microservices\LoginMicroservice\src\test\resources
2025-07-17 16:54:02,194 [Worker-8: Loading available Gradle versions] INFO  o.e.b.c.i.u.g.PublishedGradleVersions - Gradle version information cache is out-of-date. Trying to update.
2025-07-17 16:54:12,833 [Worker-11: Building] INFO  o.a.m.s.f.DefaultMavenResourcesFiltering - Copying 1 resource from src\main\resources to target\classes
2025-07-17 16:54:12,867 [Worker-11: Building] INFO  o.a.m.s.f.DefaultMavenResourcesFiltering - Copying 0 resource from src\main\resources to target\classes
2025-07-17 16:54:12,877 [Worker-11: Building] INFO  o.a.m.s.f.DefaultMavenResourcesFiltering - skip non existing resourceDirectory C:\Projects\Microservices\AdminMicroservice\src\test\resources
2025-07-17 16:54:25,766 [Worker-14: Updating Maven Project] INFO  o.e.m.c.i.p.ProjectConfigurationManager - Update started
2025-07-17 16:54:30,570 [Worker-14: Updating Maven Project] INFO  o.e.m.c.i.l.LifecycleMappingFactory - Using org.eclipse.m2e.jdt.JarLifecycleMapping lifecycle mapping for MavenProject: com.cps:AdminMicroservice:0.0.1-SNAPSHOT @ C:\Projects\Microservices\AdminMicroservice\pom.xml.
2025-07-17 16:54:31,100 [Worker-14: Updating Maven Project] INFO  o.e.m.c.i.l.LifecycleMappingFactory - Using org.eclipse.m2e.jdt.JarLifecycleMapping lifecycle mapping for MavenProject: com.cps:customerclaims:0.0.1-SNAPSHOT @ C:\Projects\Microservices\CustomerClaimsMicroservice\pom.xml.
2025-07-17 16:54:31,724 [Worker-14: Updating Maven Project] INFO  o.e.m.c.i.l.LifecycleMappingFactory - Using org.eclipse.m2e.jdt.JarLifecycleMapping lifecycle mapping for MavenProject: com.cps:customerclaimsqueries:0.0.1-SNAPSHOT @ C:\Projects\Microservices\CustomerClaimsQueriesMicroservice\pom.xml.
2025-07-17 16:54:32,242 [Worker-14: Updating Maven Project] INFO  o.e.m.c.i.l.LifecycleMappingFactory - Using org.eclipse.m2e.jdt.JarLifecycleMapping lifecycle mapping for MavenProject: com.cps:HospitalClaimsMicroservice:0.0.1-SNAPSHOT @ C:\Projects\Microservices\HospitalClaimsMicroservice\pom.xml.
2025-07-17 16:54:32,823 [Worker-14: Updating Maven Project] INFO  o.e.m.c.i.l.LifecycleMappingFactory - Using org.eclipse.m2e.jdt.JarLifecycleMapping lifecycle mapping for MavenProject: com.cps:HospitalClaimsQueriesMicroservice:0.0.1-SNAPSHOT @ C:\Projects\Microservices\HospitalClaimsQueriesMicroservice\pom.xml.
2025-07-17 16:54:33,394 [Worker-14: Updating Maven Project] INFO  o.e.m.c.i.l.LifecycleMappingFactory - Using org.eclipse.m2e.jdt.JarLifecycleMapping lifecycle mapping for MavenProject: com.cps:inusrermanageusers:0.0.1-SNAPSHOT @ C:\Projects\Microservices\InusrerManageUsersMicroservice\pom.xml.
2025-07-17 16:54:33,873 [Worker-14: Updating Maven Project] INFO  o.e.m.c.i.l.LifecycleMappingFactory - Using org.eclipse.m2e.jdt.JarLifecycleMapping lifecycle mapping for MavenProject: com.cps:LoginMicroservice:0.0.1-SNAPSHOT @ C:\Projects\Microservices\LoginMicroservice\pom.xml.
2025-07-17 16:54:34,302 [Worker-14: Updating Maven Project] INFO  o.e.m.c.i.l.LifecycleMappingFactory - Using org.eclipse.m2e.jdt.JarLifecycleMapping lifecycle mapping for MavenProject: com.cps:VerifierMicroservice:0.0.1-SNAPSHOT @ C:\Projects\Microservices\VerifierMicroservice\pom.xml.
2025-07-17 16:54:37,593 [Worker-14: Updating Maven Project] INFO  o.e.m.j.i.AbstractJavaProjectConfigurator - Adding source folder /AdminMicroservice/src/main/java
2025-07-17 16:54:37,595 [Worker-14: Updating Maven Project] INFO  o.e.m.j.i.AbstractJavaProjectConfigurator - Adding resource folder /AdminMicroservice/src/main/resources
2025-07-17 16:54:37,596 [Worker-14: Updating Maven Project] INFO  o.e.m.j.i.AbstractJavaProjectConfigurator - Adding resource folder /AdminMicroservice/src/main/resources
2025-07-17 16:54:37,597 [Worker-14: Updating Maven Project] INFO  o.e.m.j.i.AbstractJavaProjectConfigurator - Adding source folder /AdminMicroservice/src/test/java
2025-07-17 16:54:37,598 [Worker-14: Updating Maven Project] INFO  o.e.m.j.i.AbstractJavaProjectConfigurator - Adding resource folder /AdminMicroservice/src/test/resources
2025-07-17 16:54:38,380 [Worker-14: Updating Maven Project] INFO  o.e.m.j.i.AbstractJavaProjectConfigurator - Adding source folder /CustomerClaimsMicroservice/src/main/java
2025-07-17 16:54:38,383 [Worker-14: Updating Maven Project] INFO  o.e.m.j.i.AbstractJavaProjectConfigurator - Adding resource folder /CustomerClaimsMicroservice/src/main/resources
2025-07-17 16:54:38,385 [Worker-14: Updating Maven Project] INFO  o.e.m.j.i.AbstractJavaProjectConfigurator - Adding resource folder /CustomerClaimsMicroservice/src/main/resources
2025-07-17 16:54:38,386 [Worker-14: Updating Maven Project] INFO  o.e.m.j.i.AbstractJavaProjectConfigurator - Adding source folder /CustomerClaimsMicroservice/src/test/java
2025-07-17 16:54:38,389 [Worker-14: Updating Maven Project] INFO  o.e.m.j.i.AbstractJavaProjectConfigurator - Adding resource folder /CustomerClaimsMicroservice/src/test/resources
2025-07-17 16:54:39,324 [Worker-14: Updating Maven Project] INFO  o.e.m.j.i.AbstractJavaProjectConfigurator - Adding source folder /CustomerClaimsQueriesMicroservice/src/main/java
2025-07-17 16:54:39,325 [Worker-14: Updating Maven Project] INFO  o.e.m.j.i.AbstractJavaProjectConfigurator - Adding resource folder /CustomerClaimsQueriesMicroservice/src/main/resources
2025-07-17 16:54:39,326 [Worker-14: Updating Maven Project] INFO  o.e.m.j.i.AbstractJavaProjectConfigurator - Adding resource folder /CustomerClaimsQueriesMicroservice/src/main/resources
2025-07-17 16:54:39,326 [Worker-14: Updating Maven Project] INFO  o.e.m.j.i.AbstractJavaProjectConfigurator - Adding source folder /CustomerClaimsQueriesMicroservice/src/test/java
2025-07-17 16:54:39,327 [Worker-14: Updating Maven Project] INFO  o.e.m.j.i.AbstractJavaProjectConfigurator - Adding resource folder /CustomerClaimsQueriesMicroservice/src/test/resources
2025-07-17 16:54:40,120 [Worker-14: Updating Maven Project] INFO  o.e.m.j.i.AbstractJavaProjectConfigurator - Adding source folder /HospitalClaimsMicroservice/src/main/java
2025-07-17 16:54:40,122 [Worker-14: Updating Maven Project] INFO  o.e.m.j.i.AbstractJavaProjectConfigurator - Adding resource folder /HospitalClaimsMicroservice/src/main/resources
2025-07-17 16:54:40,123 [Worker-14: Updating Maven Project] INFO  o.e.m.j.i.AbstractJavaProjectConfigurator - Adding resource folder /HospitalClaimsMicroservice/src/main/resources
2025-07-17 16:54:40,123 [Worker-14: Updating Maven Project] INFO  o.e.m.j.i.AbstractJavaProjectConfigurator - Adding source folder /HospitalClaimsMicroservice/src/test/java
2025-07-17 16:54:40,125 [Worker-14: Updating Maven Project] INFO  o.e.m.j.i.AbstractJavaProjectConfigurator - Adding resource folder /HospitalClaimsMicroservice/src/test/resources
2025-07-17 16:54:40,915 [Worker-14: Updating Maven Project] INFO  o.e.m.j.i.AbstractJavaProjectConfigurator - Adding source folder /HospitalClaimsQueriesMicroservice/src/main/java
2025-07-17 16:54:40,916 [Worker-14: Updating Maven Project] INFO  o.e.m.j.i.AbstractJavaProjectConfigurator - Adding resource folder /HospitalClaimsQueriesMicroservice/src/main/resources
2025-07-17 16:54:40,917 [Worker-14: Updating Maven Project] INFO  o.e.m.j.i.AbstractJavaProjectConfigurator - Adding resource folder /HospitalClaimsQueriesMicroservice/src/main/resources
2025-07-17 16:54:40,918 [Worker-14: Updating Maven Project] INFO  o.e.m.j.i.AbstractJavaProjectConfigurator - Adding source folder /HospitalClaimsQueriesMicroservice/src/test/java
2025-07-17 16:54:40,921 [Worker-14: Updating Maven Project] INFO  o.e.m.j.i.AbstractJavaProjectConfigurator - Adding resource folder /HospitalClaimsQueriesMicroservice/src/test/resources
2025-07-17 16:54:41,569 [Worker-14: Updating Maven Project] INFO  o.e.m.j.i.AbstractJavaProjectConfigurator - Adding source folder /InusrerManageUsersMicroservice/src/main/java
2025-07-17 16:54:41,570 [Worker-14: Updating Maven Project] INFO  o.e.m.j.i.AbstractJavaProjectConfigurator - Adding resource folder /InusrerManageUsersMicroservice/src/main/resources
2025-07-17 16:54:41,571 [Worker-14: Updating Maven Project] INFO  o.e.m.j.i.AbstractJavaProjectConfigurator - Adding resource folder /InusrerManageUsersMicroservice/src/main/resources
2025-07-17 16:54:41,572 [Worker-14: Updating Maven Project] INFO  o.e.m.j.i.AbstractJavaProjectConfigurator - Adding source folder /InusrerManageUsersMicroservice/src/test/java
2025-07-17 16:54:41,573 [Worker-14: Updating Maven Project] INFO  o.e.m.j.i.AbstractJavaProjectConfigurator - Adding resource folder /InusrerManageUsersMicroservice/src/test/resources
2025-07-17 16:54:42,144 [Worker-14: Updating Maven Project] INFO  o.e.m.j.i.AbstractJavaProjectConfigurator - Adding source folder /LoginMicroservice/src/main/java
2025-07-17 16:54:42,146 [Worker-14: Updating Maven Project] INFO  o.e.m.j.i.AbstractJavaProjectConfigurator - Adding resource folder /LoginMicroservice/src/main/resources
2025-07-17 16:54:42,147 [Worker-14: Updating Maven Project] INFO  o.e.m.j.i.AbstractJavaProjectConfigurator - Adding resource folder /LoginMicroservice/src/main/resources
2025-07-17 16:54:42,148 [Worker-14: Updating Maven Project] INFO  o.e.m.j.i.AbstractJavaProjectConfigurator - Adding source folder /LoginMicroservice/src/test/java
2025-07-17 16:54:42,149 [Worker-14: Updating Maven Project] INFO  o.e.m.j.i.AbstractJavaProjectConfigurator - Adding resource folder /LoginMicroservice/src/test/resources
2025-07-17 16:54:42,574 [Worker-14: Updating Maven Project] INFO  o.e.m.j.i.AbstractJavaProjectConfigurator - Adding source folder /VerifierMicroservice/src/main/java
2025-07-17 16:54:42,575 [Worker-14: Updating Maven Project] INFO  o.e.m.j.i.AbstractJavaProjectConfigurator - Adding resource folder /VerifierMicroservice/src/main/resources
2025-07-17 16:54:42,576 [Worker-14: Updating Maven Project] INFO  o.e.m.j.i.AbstractJavaProjectConfigurator - Adding resource folder /VerifierMicroservice/src/main/resources
2025-07-17 16:54:42,577 [Worker-14: Updating Maven Project] INFO  o.e.m.j.i.AbstractJavaProjectConfigurator - Adding source folder /VerifierMicroservice/src/test/java
2025-07-17 16:54:42,578 [Worker-14: Updating Maven Project] INFO  o.e.m.j.i.AbstractJavaProjectConfigurator - Adding resource folder /VerifierMicroservice/src/test/resources
2025-07-17 16:54:43,850 [Worker-14: Updating Maven Project] INFO  o.e.m.c.i.p.ProjectConfigurationManager - Update completed for 8 poms: local refresh takes 0.00 sec, refresh facades takes 11.00 sec, update config takes 5.00 sec 
2025-07-17 16:54:45,094 [Worker-12: Building] INFO  o.a.m.s.f.DefaultMavenResourcesFiltering - Copying 1 resource from src\main\resources to target\classes
2025-07-17 16:54:45,154 [Worker-12: Building] INFO  o.a.m.s.f.DefaultMavenResourcesFiltering - Copying 0 resource from src\main\resources to target\classes
2025-07-17 16:54:45,161 [Worker-12: Building] INFO  o.a.m.s.f.DefaultMavenResourcesFiltering - skip non existing resourceDirectory C:\Projects\Microservices\AdminMicroservice\src\test\resources
2025-07-17 16:54:45,847 [Worker-12: Building] INFO  o.a.m.s.f.DefaultMavenResourcesFiltering - Copying 1 resource from src\main\resources to target\classes
2025-07-17 16:54:45,892 [Worker-12: Building] INFO  o.a.m.s.f.DefaultMavenResourcesFiltering - Copying 0 resource from src\main\resources to target\classes
2025-07-17 16:54:45,898 [Worker-12: Building] INFO  o.a.m.s.f.DefaultMavenResourcesFiltering - skip non existing resourceDirectory C:\Projects\Microservices\CustomerClaimsMicroservice\src\test\resources
2025-07-17 16:54:46,668 [Worker-12: Building] INFO  o.a.m.s.f.DefaultMavenResourcesFiltering - Copying 1 resource from src\main\resources to target\classes
2025-07-17 16:54:46,703 [Worker-12: Building] INFO  o.a.m.s.f.DefaultMavenResourcesFiltering - Copying 0 resource from src\main\resources to target\classes
2025-07-17 16:54:46,710 [Worker-12: Building] INFO  o.a.m.s.f.DefaultMavenResourcesFiltering - skip non existing resourceDirectory C:\Projects\Microservices\CustomerClaimsQueriesMicroservice\src\test\resources
2025-07-17 16:54:47,381 [Worker-12: Building] INFO  o.a.m.s.f.DefaultMavenResourcesFiltering - Copying 1 resource from src\main\resources to target\classes
2025-07-17 16:54:47,404 [Worker-12: Building] INFO  o.a.m.s.f.DefaultMavenResourcesFiltering - Copying 0 resource from src\main\resources to target\classes
2025-07-17 16:54:47,414 [Worker-12: Building] INFO  o.a.m.s.f.DefaultMavenResourcesFiltering - skip non existing resourceDirectory C:\Projects\Microservices\HospitalClaimsMicroservice\src\test\resources
2025-07-17 16:54:48,006 [Worker-12: Building] INFO  o.a.m.s.f.DefaultMavenResourcesFiltering - Copying 1 resource from src\main\resources to target\classes
2025-07-17 16:54:48,023 [Worker-12: Building] INFO  o.a.m.s.f.DefaultMavenResourcesFiltering - Copying 0 resource from src\main\resources to target\classes
2025-07-17 16:54:48,027 [Worker-12: Building] INFO  o.a.m.s.f.DefaultMavenResourcesFiltering - skip non existing resourceDirectory C:\Projects\Microservices\HospitalClaimsQueriesMicroservice\src\test\resources
2025-07-17 16:54:48,526 [Worker-12: Building] INFO  o.a.m.s.f.DefaultMavenResourcesFiltering - Copying 1 resource from src\main\resources to target\classes
2025-07-17 16:54:48,552 [Worker-12: Building] INFO  o.a.m.s.f.DefaultMavenResourcesFiltering - Copying 0 resource from src\main\resources to target\classes
2025-07-17 16:54:48,557 [Worker-12: Building] INFO  o.a.m.s.f.DefaultMavenResourcesFiltering - skip non existing resourceDirectory C:\Projects\Microservices\InusrerManageUsersMicroservice\src\test\resources
2025-07-17 16:54:49,061 [Worker-12: Building] INFO  o.a.m.s.f.DefaultMavenResourcesFiltering - Copying 1 resource from src\main\resources to target\classes
2025-07-17 16:54:49,074 [Worker-12: Building] INFO  o.a.m.s.f.DefaultMavenResourcesFiltering - Copying 0 resource from src\main\resources to target\classes
2025-07-17 16:54:49,079 [Worker-12: Building] INFO  o.a.m.s.f.DefaultMavenResourcesFiltering - skip non existing resourceDirectory C:\Projects\Microservices\LoginMicroservice\src\test\resources
2025-07-17 16:54:49,567 [Worker-12: Building] INFO  o.a.m.s.f.DefaultMavenResourcesFiltering - Copying 1 resource from src\main\resources to target\classes
2025-07-17 16:54:49,606 [Worker-12: Building] INFO  o.a.m.s.f.DefaultMavenResourcesFiltering - Copying 0 resource from src\main\resources to target\classes
2025-07-17 16:54:49,611 [Worker-12: Building] INFO  o.a.m.s.f.DefaultMavenResourcesFiltering - skip non existing resourceDirectory C:\Projects\Microservices\VerifierMicroservice\src\test\resources
2025-07-17 16:55:19,026 [Worker-17: Building] INFO  o.a.m.s.f.DefaultMavenResourcesFiltering - Copying 1 resource from src\main\resources to target\classes
2025-07-17 16:55:19,035 [Worker-17: Building] INFO  o.a.m.s.f.DefaultMavenResourcesFiltering - Copying 0 resource from src\main\resources to target\classes
2025-07-17 16:55:19,038 [Worker-17: Building] INFO  o.a.m.s.f.DefaultMavenResourcesFiltering - skip non existing resourceDirectory C:\Projects\Microservices\HospitalClaimsMicroservice\src\test\resources
2025-07-17 16:57:53,347 [Worker-9: Building] INFO  o.a.m.s.f.DefaultMavenResourcesFiltering - Copying 1 resource from src\main\resources to target\classes
2025-07-17 16:57:53,352 [Worker-9: Building] INFO  o.a.m.s.f.DefaultMavenResourcesFiltering - Copying 0 resource from src\main\resources to target\classes
2025-07-17 16:57:53,355 [Worker-9: Building] INFO  o.a.m.s.f.DefaultMavenResourcesFiltering - skip non existing resourceDirectory C:\Projects\Microservices\HospitalClaimsMicroservice\src\test\resources
2025-07-17 16:58:09,285 [Worker-3: Building] INFO  o.a.m.s.f.DefaultMavenResourcesFiltering - Copying 1 resource from src\main\resources to target\classes
2025-07-17 16:58:09,290 [Worker-3: Building] INFO  o.a.m.s.f.DefaultMavenResourcesFiltering - Copying 0 resource from src\main\resources to target\classes
2025-07-17 16:58:09,293 [Worker-3: Building] INFO  o.a.m.s.f.DefaultMavenResourcesFiltering - skip non existing resourceDirectory C:\Projects\Microservices\HospitalClaimsQueriesMicroservice\src\test\resources
2025-07-17 16:58:21,581 [Worker-6: Building] INFO  o.a.m.s.f.DefaultMavenResourcesFiltering - Copying 1 resource from src\main\resources to target\classes
2025-07-17 16:58:21,589 [Worker-6: Building] INFO  o.a.m.s.f.DefaultMavenResourcesFiltering - Copying 0 resource from src\main\resources to target\classes
2025-07-17 16:58:21,592 [Worker-6: Building] INFO  o.a.m.s.f.DefaultMavenResourcesFiltering - skip non existing resourceDirectory C:\Projects\Microservices\HospitalClaimsQueriesMicroservice\src\test\resources
2025-07-17 17:03:16,337 [Worker-8: Creating project "ZuulMicroservice"] INFO  o.e.m.c.i.l.LifecycleMappingFactory - Using org.eclipse.m2e.jdt.JarLifecycleMapping lifecycle mapping for MavenProject: cps:ZuulMicroservice:0.0.1-SNAPSHOT @ C:\Projects\Microservices\ZuulMicroservice\pom.xml.
2025-07-17 17:03:16,769 [Worker-8: Creating project "ZuulMicroservice"] INFO  o.e.m.j.i.AbstractJavaProjectConfigurator - Adding source folder /ZuulMicroservice/src/main/java
2025-07-17 17:03:16,770 [Worker-8: Creating project "ZuulMicroservice"] INFO  o.e.m.j.i.AbstractJavaProjectConfigurator - Adding resource folder /ZuulMicroservice/src/main/resources
2025-07-17 17:03:16,770 [Worker-8: Creating project "ZuulMicroservice"] INFO  o.e.m.j.i.AbstractJavaProjectConfigurator - Adding source folder /ZuulMicroservice/src/test/java
2025-07-17 17:03:16,771 [Worker-8: Creating project "ZuulMicroservice"] INFO  o.e.m.j.i.AbstractJavaProjectConfigurator - Adding resource folder /ZuulMicroservice/src/test/resources
2025-07-17 17:03:17,422 [Worker-8: Building] WARN  o.a.m.s.f.DefaultMavenResourcesFiltering - Using platform encoding (UTF-8 actually) to copy filtered resources, i.e. build is platform dependent!
2025-07-17 17:03:17,425 [Worker-8: Building] INFO  o.a.m.s.f.DefaultMavenResourcesFiltering - Copying 0 resource from src\main\resources to target\classes
2025-07-17 17:03:17,430 [Worker-8: Building] WARN  o.a.m.s.f.DefaultMavenResourcesFiltering - Using platform encoding (UTF-8 actually) to copy filtered resources, i.e. build is platform dependent!
2025-07-17 17:03:17,432 [Worker-8: Building] INFO  o.a.m.s.f.DefaultMavenResourcesFiltering - Copying 0 resource from src\test\resources to target\test-classes
2025-07-17 17:04:48,897 [Worker-5: Building] INFO  o.e.m.c.i.e.AbstractTransferListenerAdapter - Downloading https://repo.maven.apache.org/maven2/org/springframework/cloud/spring-cloud-starter-gateway/4.3.0/spring-cloud-starter-gateway-4.3.0.pom
2025-07-17 17:04:48,935 [Worker-5: Building] INFO  o.e.m.c.i.e.AbstractTransferListenerAdapter - Downloaded https://repo.maven.apache.org/maven2/org/springframework/cloud/spring-cloud-starter-gateway/4.3.0/spring-cloud-starter-gateway-4.3.0.pom
2025-07-17 17:04:48,979 [Worker-5: Building] INFO  o.e.m.c.i.e.AbstractTransferListenerAdapter - Downloading https://repo.maven.apache.org/maven2/org/springframework/cloud/spring-cloud-gateway/4.3.0/spring-cloud-gateway-4.3.0.pom
2025-07-17 17:04:49,009 [Worker-5: Building] INFO  o.e.m.c.i.e.AbstractTransferListenerAdapter - Downloaded https://repo.maven.apache.org/maven2/org/springframework/cloud/spring-cloud-gateway/4.3.0/spring-cloud-gateway-4.3.0.pom
2025-07-17 17:04:49,285 [Worker-5: Building] INFO  o.e.m.c.i.e.AbstractTransferListenerAdapter - Downloading https://repo.maven.apache.org/maven2/org/springframework/cloud/spring-cloud-gateway-server/4.3.0/spring-cloud-gateway-server-4.3.0.pom
2025-07-17 17:04:49,327 [Worker-5: Building] INFO  o.e.m.c.i.e.AbstractTransferListenerAdapter - Downloaded https://repo.maven.apache.org/maven2/org/springframework/cloud/spring-cloud-gateway-server/4.3.0/spring-cloud-gateway-server-4.3.0.pom
2025-07-17 17:04:49,439 [Worker-5: Building] INFO  o.e.m.c.i.e.AbstractTransferListenerAdapter - Downloading https://repo.maven.apache.org/maven2/org/springframework/boot/spring-boot-properties-migrator/3.5.3/spring-boot-properties-migrator-3.5.3.pom
2025-07-17 17:04:49,455 [Worker-5: Building] INFO  o.e.m.c.i.e.AbstractTransferListenerAdapter - Downloaded https://repo.maven.apache.org/maven2/org/springframework/boot/spring-boot-properties-migrator/3.5.3/spring-boot-properties-migrator-3.5.3.pom
2025-07-17 17:04:49,490 [Worker-5: Building] INFO  o.e.m.c.i.e.AbstractTransferListenerAdapter - Downloading https://repo.maven.apache.org/maven2/org/springframework/boot/spring-boot-configuration-metadata/3.5.3/spring-boot-configuration-metadata-3.5.3.pom
2025-07-17 17:04:49,505 [Worker-5: Building] INFO  o.e.m.c.i.e.AbstractTransferListenerAdapter - Downloaded https://repo.maven.apache.org/maven2/org/springframework/boot/spring-boot-configuration-metadata/3.5.3/spring-boot-configuration-metadata-3.5.3.pom
2025-07-17 17:04:50,035 [Worker-5: Building] INFO  o.e.m.c.i.e.AbstractTransferListenerAdapter - Downloading https://repo.maven.apache.org/maven2/org/springframework/cloud/spring-cloud-starter-gateway/4.3.0/spring-cloud-starter-gateway-4.3.0.jar
2025-07-17 17:04:50,079 [Worker-5: Building] INFO  o.e.m.c.i.e.AbstractTransferListenerAdapter - Downloaded https://repo.maven.apache.org/maven2/org/springframework/cloud/spring-cloud-starter-gateway/4.3.0/spring-cloud-starter-gateway-4.3.0.jar
2025-07-17 17:04:50,104 [BasicRepositoryConnector-repo.maven.apache.org-0-0] INFO  o.e.m.c.i.e.AbstractTransferListenerAdapter - Downloading https://repo.maven.apache.org/maven2/org/springframework/cloud/spring-cloud-gateway-server/4.3.0/spring-cloud-gateway-server-4.3.0.jar
2025-07-17 17:04:50,149 [BasicRepositoryConnector-repo.maven.apache.org-0-1] INFO  o.e.m.c.i.e.AbstractTransferListenerAdapter - Downloading https://repo.maven.apache.org/maven2/org/springframework/boot/spring-boot-properties-migrator/3.5.3/spring-boot-properties-migrator-3.5.3.jar
2025-07-17 17:04:50,158 [BasicRepositoryConnector-repo.maven.apache.org-0-2] INFO  o.e.m.c.i.e.AbstractTransferListenerAdapter - Downloading https://repo.maven.apache.org/maven2/org/springframework/boot/spring-boot-configuration-metadata/3.5.3/spring-boot-configuration-metadata-3.5.3.jar
2025-07-17 17:04:50,211 [BasicRepositoryConnector-repo.maven.apache.org-0-1] INFO  o.e.m.c.i.e.AbstractTransferListenerAdapter - Downloaded https://repo.maven.apache.org/maven2/org/springframework/boot/spring-boot-properties-migrator/3.5.3/spring-boot-properties-migrator-3.5.3.jar
2025-07-17 17:04:50,217 [BasicRepositoryConnector-repo.maven.apache.org-0-0] INFO  o.e.m.c.i.e.AbstractTransferListenerAdapter - Downloaded https://repo.maven.apache.org/maven2/org/springframework/cloud/spring-cloud-gateway-server/4.3.0/spring-cloud-gateway-server-4.3.0.jar
2025-07-17 17:04:50,229 [BasicRepositoryConnector-repo.maven.apache.org-0-2] INFO  o.e.m.c.i.e.AbstractTransferListenerAdapter - Downloaded https://repo.maven.apache.org/maven2/org/springframework/boot/spring-boot-configuration-metadata/3.5.3/spring-boot-configuration-metadata-3.5.3.jar
2025-07-17 17:04:50,312 [Worker-5: Building] INFO  o.e.m.c.i.l.LifecycleMappingFactory - Using org.eclipse.m2e.jdt.JarLifecycleMapping lifecycle mapping for MavenProject: com.cps:api-gateway:0.0.1-SNAPSHOT @ C:\Projects\Microservices\ZuulMicroservice\pom.xml.
2025-07-17 17:04:51,057 [Worker-5: Building] INFO  o.a.m.s.f.DefaultMavenResourcesFiltering - Copying 0 resource from src\main\resources to target\classes
2025-07-17 17:04:51,058 [Worker-5: Building] INFO  o.a.m.s.f.DefaultMavenResourcesFiltering - Copying 0 resource from src\main\resources to target\classes
2025-07-17 17:04:51,063 [Worker-5: Building] INFO  o.a.m.s.f.DefaultMavenResourcesFiltering - Copying 0 resource from src\test\resources to target\test-classes
2025-07-17 17:04:51,396 [Worker-10: Updating Maven Project] INFO  o.e.m.c.i.p.ProjectConfigurationManager - Update started
2025-07-17 17:04:53,850 [Worker-4: Download sources and javadoc] INFO  o.e.m.c.i.e.AbstractTransferListenerAdapter - Downloading https://repo.maven.apache.org/maven2/org/springframework/cloud/spring-cloud-starter-gateway/4.3.0/spring-cloud-starter-gateway-4.3.0-sources.jar
2025-07-17 17:04:53,859 [Worker-10: Updating Maven Project] INFO  o.e.m.c.i.l.LifecycleMappingFactory - Using org.eclipse.m2e.jdt.JarLifecycleMapping lifecycle mapping for MavenProject: com.cps:api-gateway:0.0.1-SNAPSHOT @ C:\Projects\Microservices\ZuulMicroservice\pom.xml.
2025-07-17 17:04:53,874 [Worker-4: Download sources and javadoc] INFO  o.e.m.c.i.e.AbstractTransferListenerAdapter - Downloaded https://repo.maven.apache.org/maven2/org/springframework/cloud/spring-cloud-starter-gateway/4.3.0/spring-cloud-starter-gateway-4.3.0-sources.jar
2025-07-17 17:04:53,889 [Worker-4: Download sources and javadoc] INFO  o.e.m.j.internal.DownloadSourcesJob - Downloaded sources for org.springframework.cloud:spring-cloud-starter-gateway:4.3.0
2025-07-17 17:04:53,971 [Worker-4: Download sources and javadoc] INFO  o.e.m.c.i.e.AbstractTransferListenerAdapter - Downloading https://repo.maven.apache.org/maven2/org/springframework/cloud/spring-cloud-gateway-server/4.3.0/spring-cloud-gateway-server-4.3.0-sources.jar
2025-07-17 17:04:54,540 [Worker-4: Download sources and javadoc] INFO  o.e.m.c.i.e.AbstractTransferListenerAdapter - Downloaded https://repo.maven.apache.org/maven2/org/springframework/cloud/spring-cloud-gateway-server/4.3.0/spring-cloud-gateway-server-4.3.0-sources.jar
2025-07-17 17:04:54,550 [Worker-4: Download sources and javadoc] INFO  o.e.m.j.internal.DownloadSourcesJob - Downloaded sources for org.springframework.cloud:spring-cloud-gateway-server:4.3.0
2025-07-17 17:04:54,640 [Worker-4: Download sources and javadoc] INFO  o.e.m.c.i.e.AbstractTransferListenerAdapter - Downloading https://repo.maven.apache.org/maven2/org/springframework/boot/spring-boot-properties-migrator/3.5.3/spring-boot-properties-migrator-3.5.3-sources.jar
2025-07-17 17:04:54,674 [Worker-4: Download sources and javadoc] INFO  o.e.m.c.i.e.AbstractTransferListenerAdapter - Downloaded https://repo.maven.apache.org/maven2/org/springframework/boot/spring-boot-properties-migrator/3.5.3/spring-boot-properties-migrator-3.5.3-sources.jar
2025-07-17 17:04:54,680 [Worker-4: Download sources and javadoc] INFO  o.e.m.j.internal.DownloadSourcesJob - Downloaded sources for org.springframework.boot:spring-boot-properties-migrator:3.5.3
2025-07-17 17:04:54,788 [Worker-4: Download sources and javadoc] INFO  o.e.m.c.i.e.AbstractTransferListenerAdapter - Downloading https://repo.maven.apache.org/maven2/org/springframework/boot/spring-boot-configuration-metadata/3.5.3/spring-boot-configuration-metadata-3.5.3-sources.jar
2025-07-17 17:04:54,824 [Worker-4: Download sources and javadoc] INFO  o.e.m.c.i.e.AbstractTransferListenerAdapter - Downloaded https://repo.maven.apache.org/maven2/org/springframework/boot/spring-boot-configuration-metadata/3.5.3/spring-boot-configuration-metadata-3.5.3-sources.jar
2025-07-17 17:04:54,837 [Worker-4: Download sources and javadoc] INFO  o.e.m.j.internal.DownloadSourcesJob - Downloaded sources for org.springframework.boot:spring-boot-configuration-metadata:3.5.3
2025-07-17 17:04:55,395 [Worker-10: Updating Maven Project] INFO  o.e.m.j.i.AbstractJavaProjectConfigurator - Adding source folder /ZuulMicroservice/src/main/java
2025-07-17 17:04:55,396 [Worker-10: Updating Maven Project] INFO  o.e.m.j.i.AbstractJavaProjectConfigurator - Adding resource folder /ZuulMicroservice/src/main/resources
2025-07-17 17:04:55,403 [Worker-10: Updating Maven Project] INFO  o.e.m.j.i.AbstractJavaProjectConfigurator - Adding resource folder /ZuulMicroservice/src/main/resources
2025-07-17 17:04:55,416 [Worker-10: Updating Maven Project] INFO  o.e.m.j.i.AbstractJavaProjectConfigurator - Adding source folder /ZuulMicroservice/src/test/java
2025-07-17 17:04:55,418 [Worker-10: Updating Maven Project] INFO  o.e.m.j.i.AbstractJavaProjectConfigurator - Adding resource folder /ZuulMicroservice/src/test/resources
2025-07-17 17:04:56,216 [Worker-10: Updating Maven Project] INFO  o.e.m.c.i.p.ProjectConfigurationManager - Update completed for 1 poms: local refresh takes 0.00 sec, refresh facades takes 3.00 sec, update config takes 0.00 sec 
2025-07-17 17:04:56,837 [Worker-2: Building] INFO  o.a.m.s.f.DefaultMavenResourcesFiltering - Copying 0 resource from src\main\resources to target\classes
2025-07-17 17:04:56,837 [Worker-2: Building] INFO  o.a.m.s.f.DefaultMavenResourcesFiltering - Copying 0 resource from src\main\resources to target\classes
2025-07-17 17:04:56,839 [Worker-2: Building] INFO  o.a.m.s.f.DefaultMavenResourcesFiltering - Copying 0 resource from src\test\resources to target\test-classes
2025-07-17 17:06:44,546 [Worker-0: Import Getting Started Content] INFO  o.e.m.c.i.l.LifecycleMappingFactory - Using org.eclipse.m2e.jdt.JarLifecycleMapping lifecycle mapping for MavenProject: com.cps:API-gateway:0.0.1-SNAPSHOT @ C:\Projects\Microservices\API-gateway\pom.xml.
2025-07-17 17:06:45,911 [Worker-0: Import Getting Started Content] INFO  o.e.m.j.i.AbstractJavaProjectConfigurator - Adding source folder /API-gateway/src/main/java
2025-07-17 17:06:45,912 [Worker-0: Import Getting Started Content] INFO  o.e.m.j.i.AbstractJavaProjectConfigurator - Adding resource folder /API-gateway/src/main/resources
2025-07-17 17:06:45,919 [Worker-0: Import Getting Started Content] INFO  o.e.m.j.i.AbstractJavaProjectConfigurator - Adding resource folder /API-gateway/src/main/resources
2025-07-17 17:06:45,925 [Worker-0: Import Getting Started Content] INFO  o.e.m.j.i.AbstractJavaProjectConfigurator - Adding source folder /API-gateway/src/test/java
2025-07-17 17:06:45,926 [Worker-0: Import Getting Started Content] INFO  o.e.m.j.i.AbstractJavaProjectConfigurator - Adding resource folder /API-gateway/src/test/resources
2025-07-17 17:06:46,367 [Worker-0: Import Getting Started Content] INFO  o.e.m.c.i.p.ProjectConfigurationManager - Imported and configured 1 project(s) in 2 sec
2025-07-17 17:06:46,371 [Worker-0: Import Getting Started Content] INFO  o.e.m.c.i.p.ProjectConfigurationManager - Update started
2025-07-17 17:06:47,036 [Worker-0: Import Getting Started Content] INFO  o.e.m.c.i.l.LifecycleMappingFactory - Using org.eclipse.m2e.jdt.JarLifecycleMapping lifecycle mapping for MavenProject: com.cps:API-gateway:0.0.1-SNAPSHOT @ C:\Projects\Microservices\API-gateway\pom.xml.
2025-07-17 17:06:47,647 [Worker-0: Import Getting Started Content] INFO  o.e.m.j.i.AbstractJavaProjectConfigurator - Adding source folder /API-gateway/src/main/java
2025-07-17 17:06:47,648 [Worker-0: Import Getting Started Content] INFO  o.e.m.j.i.AbstractJavaProjectConfigurator - Adding resource folder /API-gateway/src/main/resources
2025-07-17 17:06:47,649 [Worker-0: Import Getting Started Content] INFO  o.e.m.j.i.AbstractJavaProjectConfigurator - Adding resource folder /API-gateway/src/main/resources
2025-07-17 17:06:47,649 [Worker-0: Import Getting Started Content] INFO  o.e.m.j.i.AbstractJavaProjectConfigurator - Adding source folder /API-gateway/src/test/java
2025-07-17 17:06:47,650 [Worker-0: Import Getting Started Content] INFO  o.e.m.j.i.AbstractJavaProjectConfigurator - Adding resource folder /API-gateway/src/test/resources
2025-07-17 17:06:47,981 [Worker-0: Import Getting Started Content] INFO  o.e.m.c.i.p.ProjectConfigurationManager - Update completed for 1 poms: local refresh takes 0.00 sec, refresh facades takes 1.00 sec, update config takes 0.00 sec 
2025-07-17 17:06:48,392 [Worker-4: Building] INFO  o.a.m.s.f.DefaultMavenResourcesFiltering - Copying 1 resource from src\main\resources to target\classes
2025-07-17 17:06:48,417 [Worker-4: Building] INFO  o.a.m.s.f.DefaultMavenResourcesFiltering - Copying 0 resource from src\main\resources to target\classes
2025-07-17 17:06:48,422 [Worker-4: Building] INFO  o.a.m.s.f.DefaultMavenResourcesFiltering - skip non existing resourceDirectory C:\Projects\Microservices\API-gateway\src\test\resources
2025-07-17 17:08:33,773 [Worker-8: Building] INFO  o.e.m.c.i.l.LifecycleMappingFactory - Using org.eclipse.m2e.jdt.JarLifecycleMapping lifecycle mapping for MavenProject: com.cps:API-gateway:0.0.1-SNAPSHOT @ C:\Projects\Microservices\API-gateway\pom.xml.
2025-07-17 17:08:34,963 [Worker-8: Building] INFO  o.a.m.s.f.DefaultMavenResourcesFiltering - Copying 0 resource from src\main\resources to target\classes
2025-07-17 17:08:34,964 [Worker-8: Building] INFO  o.a.m.s.f.DefaultMavenResourcesFiltering - Copying 0 resource from src\main\resources to target\classes
2025-07-17 17:08:34,969 [Worker-8: Building] INFO  o.a.m.s.f.DefaultMavenResourcesFiltering - skip non existing resourceDirectory C:\Projects\Microservices\API-gateway\src\test\resources
2025-07-17 17:08:36,348 [Worker-11: Building] INFO  o.a.m.s.f.DefaultMavenResourcesFiltering - Copying 1 resource from src\main\resources to target\classes
2025-07-17 17:08:36,368 [Worker-11: Building] INFO  o.a.m.s.f.DefaultMavenResourcesFiltering - Copying 0 resource from src\main\resources to target\classes
2025-07-17 17:08:36,371 [Worker-11: Building] INFO  o.a.m.s.f.DefaultMavenResourcesFiltering - skip non existing resourceDirectory C:\Projects\Microservices\API-gateway\src\test\resources
2025-07-17 17:08:55,537 [Worker-16: Building] INFO  o.a.m.s.f.DefaultMavenResourcesFiltering - Copying 1 resource from src\main\resources to target\classes
2025-07-17 17:08:55,543 [Worker-16: Building] INFO  o.a.m.s.f.DefaultMavenResourcesFiltering - Copying 0 resource from src\main\resources to target\classes
2025-07-17 17:08:55,545 [Worker-16: Building] INFO  o.a.m.s.f.DefaultMavenResourcesFiltering - skip non existing resourceDirectory C:\Projects\Microservices\API-gateway\src\test\resources
2025-07-17 17:14:36,360 [Worker-13: Building] INFO  o.a.m.s.f.DefaultMavenResourcesFiltering - Copying 1 resource from src\main\resources to target\classes
2025-07-17 17:14:36,370 [Worker-13: Building] INFO  o.a.m.s.f.DefaultMavenResourcesFiltering - Copying 0 resource from src\main\resources to target\classes
2025-07-17 17:14:36,374 [Worker-13: Building] INFO  o.a.m.s.f.DefaultMavenResourcesFiltering - skip non existing resourceDirectory C:\Projects\Microservices\API-gateway\src\test\resources
2025-07-17 17:15:34,867 [Worker-5: Building] INFO  o.a.m.s.f.DefaultMavenResourcesFiltering - Copying 1 resource from src\main\resources to target\classes
2025-07-17 17:15:34,873 [Worker-5: Building] INFO  o.a.m.s.f.DefaultMavenResourcesFiltering - Copying 0 resource from src\main\resources to target\classes
2025-07-17 17:15:34,877 [Worker-5: Building] INFO  o.a.m.s.f.DefaultMavenResourcesFiltering - skip non existing resourceDirectory C:\Projects\Microservices\API-gateway\src\test\resources
2025-07-17 17:26:31,572 [Worker-3: Loading available Gradle versions] INFO  o.e.b.c.i.u.g.PublishedGradleVersions - Gradle version information cache is up-to-date. Trying to read.
2025-07-17 17:28:00,154 [Worker-4: Building] INFO  o.e.m.c.i.l.LifecycleMappingFactory - Using org.eclipse.m2e.jdt.JarLifecycleMapping lifecycle mapping for MavenProject: com.cps:ApiGatewayMicroservice:0.0.1-SNAPSHOT @ C:\Projects\Microservices\ApiGatewayMicroservice\pom.xml.
2025-07-17 17:28:00,697 [Worker-4: Building] INFO  o.e.m.c.i.e.AbstractTransferListenerAdapter - Downloading https://repo.maven.apache.org/maven2/org/springframework/cloud/spring-cloud-starter-circuitbreaker-reactor-resilience4j/3.3.0/spring-cloud-starter-circuitbreaker-reactor-resilience4j-3.3.0.pom
2025-07-17 17:28:00,745 [Worker-4: Building] INFO  o.e.m.c.i.e.AbstractTransferListenerAdapter - Downloaded https://repo.maven.apache.org/maven2/org/springframework/cloud/spring-cloud-starter-circuitbreaker-reactor-resilience4j/3.3.0/spring-cloud-starter-circuitbreaker-reactor-resilience4j-3.3.0.pom
2025-07-17 17:28:00,778 [Worker-4: Building] INFO  o.e.m.c.i.e.AbstractTransferListenerAdapter - Downloading https://repo.maven.apache.org/maven2/org/springframework/cloud/spring-cloud-starter-circuitbreaker/3.3.0/spring-cloud-starter-circuitbreaker-3.3.0.pom
2025-07-17 17:28:00,804 [Worker-4: Building] INFO  o.e.m.c.i.e.AbstractTransferListenerAdapter - Downloaded https://repo.maven.apache.org/maven2/org/springframework/cloud/spring-cloud-starter-circuitbreaker/3.3.0/spring-cloud-starter-circuitbreaker-3.3.0.pom
2025-07-17 17:28:00,836 [Worker-4: Building] INFO  o.e.m.c.i.e.AbstractTransferListenerAdapter - Downloading https://repo.maven.apache.org/maven2/org/springframework/cloud/spring-cloud-circuitbreaker/3.3.0/spring-cloud-circuitbreaker-3.3.0.pom
2025-07-17 17:28:00,863 [Worker-4: Building] INFO  o.e.m.c.i.e.AbstractTransferListenerAdapter - Downloaded https://repo.maven.apache.org/maven2/org/springframework/cloud/spring-cloud-circuitbreaker/3.3.0/spring-cloud-circuitbreaker-3.3.0.pom
2025-07-17 17:28:01,102 [Worker-4: Building] INFO  o.e.m.c.i.e.AbstractTransferListenerAdapter - Downloading https://repo.maven.apache.org/maven2/org/springframework/cloud/spring-cloud-circuitbreaker-resilience4j/3.3.0/spring-cloud-circuitbreaker-resilience4j-3.3.0.pom
2025-07-17 17:28:01,145 [Worker-4: Building] INFO  o.e.m.c.i.e.AbstractTransferListenerAdapter - Downloaded https://repo.maven.apache.org/maven2/org/springframework/cloud/spring-cloud-circuitbreaker-resilience4j/3.3.0/spring-cloud-circuitbreaker-resilience4j-3.3.0.pom
2025-07-17 17:28:01,180 [Worker-4: Building] INFO  o.e.m.c.i.e.AbstractTransferListenerAdapter - Downloading https://repo.maven.apache.org/maven2/io/github/resilience4j/resilience4j-circuitbreaker/2.2.0/resilience4j-circuitbreaker-2.2.0.pom
2025-07-17 17:28:01,203 [Worker-4: Building] INFO  o.e.m.c.i.e.AbstractTransferListenerAdapter - Downloaded https://repo.maven.apache.org/maven2/io/github/resilience4j/resilience4j-circuitbreaker/2.2.0/resilience4j-circuitbreaker-2.2.0.pom
2025-07-17 17:28:01,233 [Worker-4: Building] INFO  o.e.m.c.i.e.AbstractTransferListenerAdapter - Downloading https://repo.maven.apache.org/maven2/io/github/resilience4j/resilience4j-core/2.2.0/resilience4j-core-2.2.0.pom
2025-07-17 17:28:01,249 [Worker-4: Building] INFO  o.e.m.c.i.e.AbstractTransferListenerAdapter - Downloaded https://repo.maven.apache.org/maven2/io/github/resilience4j/resilience4j-core/2.2.0/resilience4j-core-2.2.0.pom
2025-07-17 17:28:01,275 [Worker-4: Building] INFO  o.e.m.c.i.e.AbstractTransferListenerAdapter - Downloading https://repo.maven.apache.org/maven2/io/github/resilience4j/resilience4j-timelimiter/2.2.0/resilience4j-timelimiter-2.2.0.pom
2025-07-17 17:28:01,299 [Worker-4: Building] INFO  o.e.m.c.i.e.AbstractTransferListenerAdapter - Downloaded https://repo.maven.apache.org/maven2/io/github/resilience4j/resilience4j-timelimiter/2.2.0/resilience4j-timelimiter-2.2.0.pom
2025-07-17 17:28:01,333 [Worker-4: Building] INFO  o.e.m.c.i.e.AbstractTransferListenerAdapter - Downloading https://repo.maven.apache.org/maven2/io/github/resilience4j/resilience4j-spring-boot3/2.2.0/resilience4j-spring-boot3-2.2.0.pom
2025-07-17 17:28:01,352 [Worker-4: Building] INFO  o.e.m.c.i.e.AbstractTransferListenerAdapter - Downloaded https://repo.maven.apache.org/maven2/io/github/resilience4j/resilience4j-spring-boot3/2.2.0/resilience4j-spring-boot3-2.2.0.pom
2025-07-17 17:28:01,388 [Worker-4: Building] INFO  o.e.m.c.i.e.AbstractTransferListenerAdapter - Downloading https://repo.maven.apache.org/maven2/io/github/resilience4j/resilience4j-spring6/2.2.0/resilience4j-spring6-2.2.0.pom
2025-07-17 17:28:01,407 [Worker-4: Building] INFO  o.e.m.c.i.e.AbstractTransferListenerAdapter - Downloaded https://repo.maven.apache.org/maven2/io/github/resilience4j/resilience4j-spring6/2.2.0/resilience4j-spring6-2.2.0.pom
2025-07-17 17:28:01,442 [Worker-4: Building] INFO  o.e.m.c.i.e.AbstractTransferListenerAdapter - Downloading https://repo.maven.apache.org/maven2/io/github/resilience4j/resilience4j-annotations/2.2.0/resilience4j-annotations-2.2.0.pom
2025-07-17 17:28:01,459 [Worker-4: Building] INFO  o.e.m.c.i.e.AbstractTransferListenerAdapter - Downloaded https://repo.maven.apache.org/maven2/io/github/resilience4j/resilience4j-annotations/2.2.0/resilience4j-annotations-2.2.0.pom
2025-07-17 17:28:01,486 [Worker-4: Building] INFO  o.e.m.c.i.e.AbstractTransferListenerAdapter - Downloading https://repo.maven.apache.org/maven2/io/github/resilience4j/resilience4j-consumer/2.2.0/resilience4j-consumer-2.2.0.pom
2025-07-17 17:28:01,502 [Worker-4: Building] INFO  o.e.m.c.i.e.AbstractTransferListenerAdapter - Downloaded https://repo.maven.apache.org/maven2/io/github/resilience4j/resilience4j-consumer/2.2.0/resilience4j-consumer-2.2.0.pom
2025-07-17 17:28:01,537 [Worker-4: Building] INFO  o.e.m.c.i.e.AbstractTransferListenerAdapter - Downloading https://repo.maven.apache.org/maven2/io/github/resilience4j/resilience4j-circularbuffer/2.2.0/resilience4j-circularbuffer-2.2.0.pom
2025-07-17 17:28:01,561 [Worker-4: Building] INFO  o.e.m.c.i.e.AbstractTransferListenerAdapter - Downloaded https://repo.maven.apache.org/maven2/io/github/resilience4j/resilience4j-circularbuffer/2.2.0/resilience4j-circularbuffer-2.2.0.pom
2025-07-17 17:28:01,593 [Worker-4: Building] INFO  o.e.m.c.i.e.AbstractTransferListenerAdapter - Downloading https://repo.maven.apache.org/maven2/io/github/resilience4j/resilience4j-framework-common/2.2.0/resilience4j-framework-common-2.2.0.pom
2025-07-17 17:28:01,639 [Worker-4: Building] INFO  o.e.m.c.i.e.AbstractTransferListenerAdapter - Downloaded https://repo.maven.apache.org/maven2/io/github/resilience4j/resilience4j-framework-common/2.2.0/resilience4j-framework-common-2.2.0.pom
2025-07-17 17:28:01,672 [Worker-4: Building] INFO  o.e.m.c.i.e.AbstractTransferListenerAdapter - Downloading https://repo.maven.apache.org/maven2/io/github/resilience4j/resilience4j-ratelimiter/2.2.0/resilience4j-ratelimiter-2.2.0.pom
2025-07-17 17:28:01,695 [Worker-4: Building] INFO  o.e.m.c.i.e.AbstractTransferListenerAdapter - Downloaded https://repo.maven.apache.org/maven2/io/github/resilience4j/resilience4j-ratelimiter/2.2.0/resilience4j-ratelimiter-2.2.0.pom
2025-07-17 17:28:01,729 [Worker-4: Building] INFO  o.e.m.c.i.e.AbstractTransferListenerAdapter - Downloading https://repo.maven.apache.org/maven2/io/github/resilience4j/resilience4j-retry/2.2.0/resilience4j-retry-2.2.0.pom
2025-07-17 17:28:01,760 [Worker-4: Building] INFO  o.e.m.c.i.e.AbstractTransferListenerAdapter - Downloaded https://repo.maven.apache.org/maven2/io/github/resilience4j/resilience4j-retry/2.2.0/resilience4j-retry-2.2.0.pom
2025-07-17 17:28:01,797 [Worker-4: Building] INFO  o.e.m.c.i.e.AbstractTransferListenerAdapter - Downloading https://repo.maven.apache.org/maven2/io/github/resilience4j/resilience4j-micrometer/2.2.0/resilience4j-micrometer-2.2.0.pom
2025-07-17 17:28:01,846 [Worker-4: Building] INFO  o.e.m.c.i.e.AbstractTransferListenerAdapter - Downloaded https://repo.maven.apache.org/maven2/io/github/resilience4j/resilience4j-micrometer/2.2.0/resilience4j-micrometer-2.2.0.pom
2025-07-17 17:28:01,891 [Worker-4: Building] INFO  o.e.m.c.i.e.AbstractTransferListenerAdapter - Downloading https://repo.maven.apache.org/maven2/org/springframework/boot/spring-boot-configuration-processor/3.5.3/spring-boot-configuration-processor-3.5.3.pom
2025-07-17 17:28:01,913 [Worker-4: Building] INFO  o.e.m.c.i.e.AbstractTransferListenerAdapter - Downloaded https://repo.maven.apache.org/maven2/org/springframework/boot/spring-boot-configuration-processor/3.5.3/spring-boot-configuration-processor-3.5.3.pom
2025-07-17 17:28:01,952 [Worker-4: Building] INFO  o.e.m.c.i.e.AbstractTransferListenerAdapter - Downloading https://repo.maven.apache.org/maven2/io/github/resilience4j/resilience4j-reactor/2.2.0/resilience4j-reactor-2.2.0.pom
2025-07-17 17:28:01,971 [Worker-4: Building] INFO  o.e.m.c.i.e.AbstractTransferListenerAdapter - Downloaded https://repo.maven.apache.org/maven2/io/github/resilience4j/resilience4j-reactor/2.2.0/resilience4j-reactor-2.2.0.pom
2025-07-17 17:28:02,008 [Worker-4: Building] INFO  o.e.m.c.i.e.AbstractTransferListenerAdapter - Downloading https://repo.maven.apache.org/maven2/io/github/resilience4j/resilience4j-bulkhead/2.2.0/resilience4j-bulkhead-2.2.0.pom
2025-07-17 17:28:02,031 [Worker-4: Building] INFO  o.e.m.c.i.e.AbstractTransferListenerAdapter - Downloaded https://repo.maven.apache.org/maven2/io/github/resilience4j/resilience4j-bulkhead/2.2.0/resilience4j-bulkhead-2.2.0.pom
2025-07-17 17:28:02,065 [Worker-4: Building] INFO  o.e.m.c.i.e.AbstractTransferListenerAdapter - Downloading https://repo.maven.apache.org/maven2/org/springframework/cloud/spring-cloud-starter-gateway-server-webflux/4.3.0/spring-cloud-starter-gateway-server-webflux-4.3.0.pom
2025-07-17 17:28:02,088 [Worker-4: Building] INFO  o.e.m.c.i.e.AbstractTransferListenerAdapter - Downloaded https://repo.maven.apache.org/maven2/org/springframework/cloud/spring-cloud-starter-gateway-server-webflux/4.3.0/spring-cloud-starter-gateway-server-webflux-4.3.0.pom
2025-07-17 17:28:02,123 [Worker-4: Building] INFO  o.e.m.c.i.e.AbstractTransferListenerAdapter - Downloading https://repo.maven.apache.org/maven2/org/springframework/cloud/spring-cloud-gateway-server-webflux/4.3.0/spring-cloud-gateway-server-webflux-4.3.0.pom
2025-07-17 17:28:02,140 [Worker-4: Building] INFO  o.e.m.c.i.e.AbstractTransferListenerAdapter - Downloaded https://repo.maven.apache.org/maven2/org/springframework/cloud/spring-cloud-gateway-server-webflux/4.3.0/spring-cloud-gateway-server-webflux-4.3.0.pom
2025-07-17 17:28:02,419 [Worker-4: Building] INFO  o.e.m.c.i.e.AbstractTransferListenerAdapter - Downloading https://repo.maven.apache.org/maven2/org/springframework/cloud/spring-cloud-starter-contract-stub-runner/4.3.0/spring-cloud-starter-contract-stub-runner-4.3.0.pom
2025-07-17 17:28:02,435 [Worker-4: Building] INFO  o.e.m.c.i.e.AbstractTransferListenerAdapter - Downloaded https://repo.maven.apache.org/maven2/org/springframework/cloud/spring-cloud-starter-contract-stub-runner/4.3.0/spring-cloud-starter-contract-stub-runner-4.3.0.pom
2025-07-17 17:28:02,466 [Worker-4: Building] INFO  o.e.m.c.i.e.AbstractTransferListenerAdapter - Downloading https://repo.maven.apache.org/maven2/org/springframework/cloud/spring-cloud-contract-starters/4.3.0/spring-cloud-contract-starters-4.3.0.pom
2025-07-17 17:28:02,480 [Worker-4: Building] INFO  o.e.m.c.i.e.AbstractTransferListenerAdapter - Downloaded https://repo.maven.apache.org/maven2/org/springframework/cloud/spring-cloud-contract-starters/4.3.0/spring-cloud-contract-starters-4.3.0.pom
2025-07-17 17:28:02,509 [Worker-4: Building] INFO  o.e.m.c.i.e.AbstractTransferListenerAdapter - Downloading https://repo.maven.apache.org/maven2/org/springframework/cloud/spring-cloud-contract-parent/4.3.0/spring-cloud-contract-parent-4.3.0.pom
2025-07-17 17:28:02,526 [Worker-4: Building] INFO  o.e.m.c.i.e.AbstractTransferListenerAdapter - Downloaded https://repo.maven.apache.org/maven2/org/springframework/cloud/spring-cloud-contract-parent/4.3.0/spring-cloud-contract-parent-4.3.0.pom
2025-07-17 17:28:02,569 [Worker-4: Building] INFO  o.e.m.c.i.e.AbstractTransferListenerAdapter - Downloading https://repo.maven.apache.org/maven2/org/apache/maven/resolver/maven-resolver/1.9.18/maven-resolver-1.9.18.pom
2025-07-17 17:28:02,621 [Worker-4: Building] INFO  o.e.m.c.i.e.AbstractTransferListenerAdapter - Downloaded https://repo.maven.apache.org/maven2/org/apache/maven/resolver/maven-resolver/1.9.18/maven-resolver-1.9.18.pom
2025-07-17 17:28:02,661 [Worker-4: Building] INFO  o.e.m.c.i.e.AbstractTransferListenerAdapter - Downloading https://repo.maven.apache.org/maven2/org/jetbrains/kotlin/kotlin-bom/1.8.22/kotlin-bom-1.8.22.pom
2025-07-17 17:28:02,683 [Worker-4: Building] INFO  o.e.m.c.i.e.AbstractTransferListenerAdapter - Downloaded https://repo.maven.apache.org/maven2/org/jetbrains/kotlin/kotlin-bom/1.8.22/kotlin-bom-1.8.22.pom
2025-07-17 17:28:02,711 [Worker-4: Building] INFO  o.e.m.c.i.e.AbstractTransferListenerAdapter - Downloading https://repo.maven.apache.org/maven2/org/springframework/cloud/spring-cloud-contract-stub-runner/4.3.0/spring-cloud-contract-stub-runner-4.3.0.pom
2025-07-17 17:28:02,725 [Worker-4: Building] INFO  o.e.m.c.i.e.AbstractTransferListenerAdapter - Downloaded https://repo.maven.apache.org/maven2/org/springframework/cloud/spring-cloud-contract-stub-runner/4.3.0/spring-cloud-contract-stub-runner-4.3.0.pom
2025-07-17 17:28:02,774 [Worker-4: Building] INFO  o.e.m.c.i.e.AbstractTransferListenerAdapter - Downloading https://repo.maven.apache.org/maven2/org/springframework/cloud/spring-cloud-contract-verifier/4.3.0/spring-cloud-contract-verifier-4.3.0.pom
2025-07-17 17:28:02,793 [Worker-4: Building] INFO  o.e.m.c.i.e.AbstractTransferListenerAdapter - Downloaded https://repo.maven.apache.org/maven2/org/springframework/cloud/spring-cloud-contract-verifier/4.3.0/spring-cloud-contract-verifier-4.3.0.pom
2025-07-17 17:28:02,826 [Worker-4: Building] INFO  o.e.m.c.i.e.AbstractTransferListenerAdapter - Downloading https://repo.maven.apache.org/maven2/org/springframework/cloud/spring-cloud-contract-spec/4.3.0/spring-cloud-contract-spec-4.3.0.pom
2025-07-17 17:28:02,842 [Worker-4: Building] INFO  o.e.m.c.i.e.AbstractTransferListenerAdapter - Downloaded https://repo.maven.apache.org/maven2/org/springframework/cloud/spring-cloud-contract-spec/4.3.0/spring-cloud-contract-spec-4.3.0.pom
2025-07-17 17:28:02,876 [Worker-4: Building] INFO  o.e.m.c.i.e.AbstractTransferListenerAdapter - Downloading https://repo.maven.apache.org/maven2/org/springframework/cloud/spring-cloud-contract-spec-java/4.3.0/spring-cloud-contract-spec-java-4.3.0.pom
2025-07-17 17:28:02,889 [Worker-4: Building] INFO  o.e.m.c.i.e.AbstractTransferListenerAdapter - Downloaded https://repo.maven.apache.org/maven2/org/springframework/cloud/spring-cloud-contract-spec-java/4.3.0/spring-cloud-contract-spec-java-4.3.0.pom
2025-07-17 17:28:02,932 [Worker-4: Building] INFO  o.e.m.c.i.e.AbstractTransferListenerAdapter - Downloading https://repo.maven.apache.org/maven2/org/apache/groovy/groovy/4.0.27/groovy-4.0.27.pom
2025-07-17 17:28:02,947 [Worker-4: Building] INFO  o.e.m.c.i.e.AbstractTransferListenerAdapter - Downloaded https://repo.maven.apache.org/maven2/org/apache/groovy/groovy/4.0.27/groovy-4.0.27.pom
2025-07-17 17:28:02,980 [Worker-4: Building] INFO  o.e.m.c.i.e.AbstractTransferListenerAdapter - Downloading https://repo.maven.apache.org/maven2/dk/brics/automaton/1.12-4/automaton-1.12-4.pom
2025-07-17 17:28:03,001 [Worker-4: Building] INFO  o.e.m.c.i.e.AbstractTransferListenerAdapter - Downloaded https://repo.maven.apache.org/maven2/dk/brics/automaton/1.12-4/automaton-1.12-4.pom
2025-07-17 17:28:03,052 [Worker-4: Building] INFO  o.e.m.c.i.e.AbstractTransferListenerAdapter - Downloading https://repo.maven.apache.org/maven2/org/apache/commons/commons-text/1.11.0/commons-text-1.11.0.pom
2025-07-17 17:28:03,075 [Worker-4: Building] INFO  o.e.m.c.i.e.AbstractTransferListenerAdapter - Downloaded https://repo.maven.apache.org/maven2/org/apache/commons/commons-text/1.11.0/commons-text-1.11.0.pom
2025-07-17 17:28:03,123 [Worker-4: Building] INFO  o.e.m.c.i.e.AbstractTransferListenerAdapter - Downloading https://repo.maven.apache.org/maven2/org/apache/commons/commons-lang3/3.17.0/commons-lang3-3.17.0.pom
2025-07-17 17:28:03,168 [Worker-4: Building] INFO  o.e.m.c.i.e.AbstractTransferListenerAdapter - Downloaded https://repo.maven.apache.org/maven2/org/apache/commons/commons-lang3/3.17.0/commons-lang3-3.17.0.pom
2025-07-17 17:28:03,204 [Worker-4: Building] INFO  o.e.m.c.i.e.AbstractTransferListenerAdapter - Downloading https://repo.maven.apache.org/maven2/org/apache/commons/commons-parent/73/commons-parent-73.pom
2025-07-17 17:28:03,271 [Worker-4: Building] INFO  o.e.m.c.i.e.AbstractTransferListenerAdapter - Downloaded https://repo.maven.apache.org/maven2/org/apache/commons/commons-parent/73/commons-parent-73.pom
2025-07-17 17:28:03,321 [Worker-4: Building] INFO  o.e.m.c.i.e.AbstractTransferListenerAdapter - Downloading https://repo.maven.apache.org/maven2/org/springframework/cloud/spring-cloud-contract-spec-groovy/4.3.0/spring-cloud-contract-spec-groovy-4.3.0.pom
2025-07-17 17:28:03,333 [Worker-4: Building] INFO  o.e.m.c.i.e.AbstractTransferListenerAdapter - Downloaded https://repo.maven.apache.org/maven2/org/springframework/cloud/spring-cloud-contract-spec-groovy/4.3.0/spring-cloud-contract-spec-groovy-4.3.0.pom
2025-07-17 17:28:03,367 [Worker-4: Building] INFO  o.e.m.c.i.e.AbstractTransferListenerAdapter - Downloading https://repo.maven.apache.org/maven2/org/apache/groovy/groovy-nio/4.0.27/groovy-nio-4.0.27.pom
2025-07-17 17:28:03,379 [Worker-4: Building] INFO  o.e.m.c.i.e.AbstractTransferListenerAdapter - Downloaded https://repo.maven.apache.org/maven2/org/apache/groovy/groovy-nio/4.0.27/groovy-nio-4.0.27.pom
2025-07-17 17:28:03,410 [Worker-4: Building] INFO  o.e.m.c.i.e.AbstractTransferListenerAdapter - Downloading https://repo.maven.apache.org/maven2/org/apache/groovy/groovy-json/4.0.27/groovy-json-4.0.27.pom
2025-07-17 17:28:03,420 [Worker-4: Building] INFO  o.e.m.c.i.e.AbstractTransferListenerAdapter - Downloaded https://repo.maven.apache.org/maven2/org/apache/groovy/groovy-json/4.0.27/groovy-json-4.0.27.pom
2025-07-17 17:28:03,450 [Worker-4: Building] INFO  o.e.m.c.i.e.AbstractTransferListenerAdapter - Downloading https://repo.maven.apache.org/maven2/org/apache/groovy/groovy-xml/4.0.27/groovy-xml-4.0.27.pom
2025-07-17 17:28:03,469 [Worker-4: Building] INFO  o.e.m.c.i.e.AbstractTransferListenerAdapter - Downloaded https://repo.maven.apache.org/maven2/org/apache/groovy/groovy-xml/4.0.27/groovy-xml-4.0.27.pom
2025-07-17 17:28:03,517 [Worker-4: Building] INFO  o.e.m.c.i.e.AbstractTransferListenerAdapter - Downloading https://repo.maven.apache.org/maven2/org/springframework/cloud/spring-cloud-contract-shade/4.3.0/spring-cloud-contract-shade-4.3.0.pom
2025-07-17 17:28:03,534 [Worker-4: Building] INFO  o.e.m.c.i.e.AbstractTransferListenerAdapter - Downloaded https://repo.maven.apache.org/maven2/org/springframework/cloud/spring-cloud-contract-shade/4.3.0/spring-cloud-contract-shade-4.3.0.pom
2025-07-17 17:28:03,566 [Worker-4: Building] INFO  o.e.m.c.i.e.AbstractTransferListenerAdapter - Downloading https://repo.maven.apache.org/maven2/com/github/tomakehurst/wiremock-jre8-standalone/2.35.1/wiremock-jre8-standalone-2.35.1.pom
2025-07-17 17:28:03,582 [Worker-4: Building] INFO  o.e.m.c.i.e.AbstractTransferListenerAdapter - Downloaded https://repo.maven.apache.org/maven2/com/github/tomakehurst/wiremock-jre8-standalone/2.35.1/wiremock-jre8-standalone-2.35.1.pom
2025-07-17 17:28:03,615 [Worker-4: Building] INFO  o.e.m.c.i.e.AbstractTransferListenerAdapter - Downloading https://repo.maven.apache.org/maven2/com/toomuchcoding/jsonassert/jsonassert/0.8.0/jsonassert-0.8.0.pom
2025-07-17 17:28:03,629 [Worker-4: Building] INFO  o.e.m.c.i.e.AbstractTransferListenerAdapter - Downloaded https://repo.maven.apache.org/maven2/com/toomuchcoding/jsonassert/jsonassert/0.8.0/jsonassert-0.8.0.pom
2025-07-17 17:28:03,660 [Worker-4: Building] INFO  o.e.m.c.i.e.AbstractTransferListenerAdapter - Downloading https://repo.maven.apache.org/maven2/com/toomuchcoding/jsonassert/jsonassert-parent/0.8.0/jsonassert-parent-0.8.0.pom
2025-07-17 17:28:03,677 [Worker-4: Building] INFO  o.e.m.c.i.e.AbstractTransferListenerAdapter - Downloaded https://repo.maven.apache.org/maven2/com/toomuchcoding/jsonassert/jsonassert-parent/0.8.0/jsonassert-parent-0.8.0.pom
2025-07-17 17:28:03,715 [Worker-4: Building] INFO  o.e.m.c.i.e.AbstractTransferListenerAdapter - Downloading https://repo.maven.apache.org/maven2/org/apache/maven/resolver/maven-resolver-api/1.9.18/maven-resolver-api-1.9.18.pom
2025-07-17 17:28:03,735 [Worker-4: Building] INFO  o.e.m.c.i.e.AbstractTransferListenerAdapter - Downloaded https://repo.maven.apache.org/maven2/org/apache/maven/resolver/maven-resolver-api/1.9.18/maven-resolver-api-1.9.18.pom
2025-07-17 17:28:03,775 [Worker-4: Building] INFO  o.e.m.c.i.e.AbstractTransferListenerAdapter - Downloading https://repo.maven.apache.org/maven2/com/rackspace/eclipse/webtools/sourceediting/org.eclipse.wst.xml.xpath2.processor/2.1.100/org.eclipse.wst.xml.xpath2.processor-2.1.100.pom
2025-07-17 17:28:03,825 [Worker-4: Building] INFO  o.e.m.c.i.e.AbstractTransferListenerAdapter - Downloaded https://repo.maven.apache.org/maven2/com/rackspace/eclipse/webtools/sourceediting/org.eclipse.wst.xml.xpath2.processor/2.1.100/org.eclipse.wst.xml.xpath2.processor-2.1.100.pom
2025-07-17 17:28:03,869 [Worker-4: Building] INFO  o.e.m.c.i.e.AbstractTransferListenerAdapter - Downloading https://repo.maven.apache.org/maven2/edu/princeton/cup/java-cup/10k/java-cup-10k.pom
2025-07-17 17:28:03,891 [Worker-4: Building] INFO  o.e.m.c.i.e.AbstractTransferListenerAdapter - Downloaded https://repo.maven.apache.org/maven2/edu/princeton/cup/java-cup/10k/java-cup-10k.pom
2025-07-17 17:28:03,926 [Worker-4: Building] INFO  o.e.m.c.i.e.AbstractTransferListenerAdapter - Downloading https://repo.maven.apache.org/maven2/com/ibm/icu/icu4j/4.6/icu4j-4.6.pom
2025-07-17 17:28:03,946 [Worker-4: Building] INFO  o.e.m.c.i.e.AbstractTransferListenerAdapter - Downloaded https://repo.maven.apache.org/maven2/com/ibm/icu/icu4j/4.6/icu4j-4.6.pom
2025-07-17 17:28:03,981 [Worker-4: Building] INFO  o.e.m.c.i.e.AbstractTransferListenerAdapter - Downloading https://repo.maven.apache.org/maven2/com/github/jknack/handlebars/4.3.1/handlebars-4.3.1.pom
2025-07-17 17:28:04,001 [Worker-4: Building] INFO  o.e.m.c.i.e.AbstractTransferListenerAdapter - Downloaded https://repo.maven.apache.org/maven2/com/github/jknack/handlebars/4.3.1/handlebars-4.3.1.pom
2025-07-17 17:28:04,048 [Worker-4: Building] INFO  o.e.m.c.i.e.AbstractTransferListenerAdapter - Downloading https://repo.maven.apache.org/maven2/com/github/jknack/handlebars.java/4.3.1/handlebars.java-4.3.1.pom
2025-07-17 17:28:04,067 [Worker-4: Building] INFO  o.e.m.c.i.e.AbstractTransferListenerAdapter - Downloaded https://repo.maven.apache.org/maven2/com/github/jknack/handlebars.java/4.3.1/handlebars.java-4.3.1.pom
2025-07-17 17:28:04,100 [Worker-4: Building] INFO  o.e.m.c.i.e.AbstractTransferListenerAdapter - Downloading https://repo.maven.apache.org/maven2/commons-beanutils/commons-beanutils/1.9.4/commons-beanutils-1.9.4.pom
2025-07-17 17:28:04,151 [Worker-4: Building] INFO  o.e.m.c.i.e.AbstractTransferListenerAdapter - Downloaded https://repo.maven.apache.org/maven2/commons-beanutils/commons-beanutils/1.9.4/commons-beanutils-1.9.4.pom
2025-07-17 17:28:04,198 [Worker-4: Building] INFO  o.e.m.c.i.e.AbstractTransferListenerAdapter - Downloading https://repo.maven.apache.org/maven2/commons-logging/commons-logging/1.2/commons-logging-1.2.pom
2025-07-17 17:28:04,222 [Worker-4: Building] INFO  o.e.m.c.i.e.AbstractTransferListenerAdapter - Downloaded https://repo.maven.apache.org/maven2/commons-logging/commons-logging/1.2/commons-logging-1.2.pom
2025-07-17 17:28:04,257 [Worker-4: Building] INFO  o.e.m.c.i.e.AbstractTransferListenerAdapter - Downloading https://repo.maven.apache.org/maven2/org/apache/commons/commons-parent/34/commons-parent-34.pom
2025-07-17 17:28:04,290 [Worker-4: Building] INFO  o.e.m.c.i.e.AbstractTransferListenerAdapter - Downloaded https://repo.maven.apache.org/maven2/org/apache/commons/commons-parent/34/commons-parent-34.pom
2025-07-17 17:28:04,326 [Worker-4: Building] INFO  o.e.m.c.i.e.AbstractTransferListenerAdapter - Downloading https://repo.maven.apache.org/maven2/commons-collections/commons-collections/3.2.2/commons-collections-3.2.2.pom
2025-07-17 17:28:04,349 [Worker-4: Building] INFO  o.e.m.c.i.e.AbstractTransferListenerAdapter - Downloaded https://repo.maven.apache.org/maven2/commons-collections/commons-collections/3.2.2/commons-collections-3.2.2.pom
2025-07-17 17:28:04,393 [Worker-4: Building] INFO  o.e.m.c.i.e.AbstractTransferListenerAdapter - Downloading https://repo.maven.apache.org/maven2/com/fasterxml/jackson/dataformat/jackson-dataformat-yaml/2.19.1/jackson-dataformat-yaml-2.19.1.pom
2025-07-17 17:28:04,414 [Worker-4: Building] INFO  o.e.m.c.i.e.AbstractTransferListenerAdapter - Downloaded https://repo.maven.apache.org/maven2/com/fasterxml/jackson/dataformat/jackson-dataformat-yaml/2.19.1/jackson-dataformat-yaml-2.19.1.pom
2025-07-17 17:28:04,449 [Worker-4: Building] INFO  o.e.m.c.i.e.AbstractTransferListenerAdapter - Downloading https://repo.maven.apache.org/maven2/com/fasterxml/jackson/dataformat/jackson-dataformats-text/2.19.1/jackson-dataformats-text-2.19.1.pom
2025-07-17 17:28:04,476 [Worker-4: Building] INFO  o.e.m.c.i.e.AbstractTransferListenerAdapter - Downloaded https://repo.maven.apache.org/maven2/com/fasterxml/jackson/dataformat/jackson-dataformats-text/2.19.1/jackson-dataformats-text-2.19.1.pom
2025-07-17 17:28:04,516 [Worker-4: Building] INFO  o.e.m.c.i.e.AbstractTransferListenerAdapter - Downloading https://repo.maven.apache.org/maven2/net/javacrumbs/json-unit/json-unit-assertj/2.38.0/json-unit-assertj-2.38.0.pom
2025-07-17 17:28:04,537 [Worker-4: Building] INFO  o.e.m.c.i.e.AbstractTransferListenerAdapter - Downloaded https://repo.maven.apache.org/maven2/net/javacrumbs/json-unit/json-unit-assertj/2.38.0/json-unit-assertj-2.38.0.pom
2025-07-17 17:28:04,570 [Worker-4: Building] INFO  o.e.m.c.i.e.AbstractTransferListenerAdapter - Downloading https://repo.maven.apache.org/maven2/net/javacrumbs/json-unit/json-unit-parent/2.38.0/json-unit-parent-2.38.0.pom
2025-07-17 17:28:04,598 [Worker-4: Building] INFO  o.e.m.c.i.e.AbstractTransferListenerAdapter - Downloaded https://repo.maven.apache.org/maven2/net/javacrumbs/json-unit/json-unit-parent/2.38.0/json-unit-parent-2.38.0.pom
2025-07-17 17:28:04,630 [Worker-4: Building] INFO  o.e.m.c.i.e.AbstractTransferListenerAdapter - Downloading https://repo.maven.apache.org/maven2/net/javacrumbs/json-unit/json-unit-core/2.38.0/json-unit-core-2.38.0.pom
2025-07-17 17:28:04,657 [Worker-4: Building] INFO  o.e.m.c.i.e.AbstractTransferListenerAdapter - Downloaded https://repo.maven.apache.org/maven2/net/javacrumbs/json-unit/json-unit-core/2.38.0/json-unit-core-2.38.0.pom
2025-07-17 17:28:04,694 [Worker-4: Building] INFO  o.e.m.c.i.e.AbstractTransferListenerAdapter - Downloading https://repo.maven.apache.org/maven2/org/hamcrest/hamcrest-core/3.0/hamcrest-core-3.0.pom
2025-07-17 17:28:04,704 [Worker-4: Building] INFO  o.e.m.c.i.e.AbstractTransferListenerAdapter - Downloaded https://repo.maven.apache.org/maven2/org/hamcrest/hamcrest-core/3.0/hamcrest-core-3.0.pom
2025-07-17 17:28:04,728 [Worker-4: Building] INFO  o.e.m.c.i.e.AbstractTransferListenerAdapter - Downloading https://repo.maven.apache.org/maven2/net/javacrumbs/json-unit/json-unit-json-path/2.38.0/json-unit-json-path-2.38.0.pom
2025-07-17 17:28:04,736 [Worker-4: Building] INFO  o.e.m.c.i.e.AbstractTransferListenerAdapter - Downloaded https://repo.maven.apache.org/maven2/net/javacrumbs/json-unit/json-unit-json-path/2.38.0/json-unit-json-path-2.38.0.pom
2025-07-17 17:28:04,763 [Worker-4: Building] INFO  o.e.m.c.i.e.AbstractTransferListenerAdapter - Downloading https://repo.maven.apache.org/maven2/org/springframework/cloud/spring-cloud-contract-converters/4.3.0/spring-cloud-contract-converters-4.3.0.pom
2025-07-17 17:28:04,793 [Worker-4: Building] INFO  o.e.m.c.i.e.AbstractTransferListenerAdapter - Downloaded https://repo.maven.apache.org/maven2/org/springframework/cloud/spring-cloud-contract-converters/4.3.0/spring-cloud-contract-converters-4.3.0.pom
2025-07-17 17:28:04,816 [Worker-4: Building] INFO  o.e.m.c.i.e.AbstractTransferListenerAdapter - Downloading https://repo.maven.apache.org/maven2/org/springframework/cloud/spring-cloud-contract-tools/4.3.0/spring-cloud-contract-tools-4.3.0.pom
2025-07-17 17:28:04,829 [Worker-4: Building] INFO  o.e.m.c.i.e.AbstractTransferListenerAdapter - Downloaded https://repo.maven.apache.org/maven2/org/springframework/cloud/spring-cloud-contract-tools/4.3.0/spring-cloud-contract-tools-4.3.0.pom
2025-07-17 17:28:04,858 [Worker-4: Building] INFO  o.e.m.c.i.e.AbstractTransferListenerAdapter - Downloading https://repo.maven.apache.org/maven2/org/eclipse/jgit/org.eclipse.jgit/6.10.1.202505221210-r/org.eclipse.jgit-6.10.1.202505221210-r.pom
2025-07-17 17:28:04,886 [Worker-4: Building] INFO  o.e.m.c.i.e.AbstractTransferListenerAdapter - Downloaded https://repo.maven.apache.org/maven2/org/eclipse/jgit/org.eclipse.jgit/6.10.1.202505221210-r/org.eclipse.jgit-6.10.1.202505221210-r.pom
2025-07-17 17:28:04,934 [Worker-4: Building] INFO  o.e.m.c.i.e.AbstractTransferListenerAdapter - Downloading https://repo.maven.apache.org/maven2/org/eclipse/jgit/org.eclipse.jgit-parent/6.10.1.202505221210-r/org.eclipse.jgit-parent-6.10.1.202505221210-r.pom
2025-07-17 17:28:04,969 [Worker-4: Building] INFO  o.e.m.c.i.e.AbstractTransferListenerAdapter - Downloaded https://repo.maven.apache.org/maven2/org/eclipse/jgit/org.eclipse.jgit-parent/6.10.1.202505221210-r/org.eclipse.jgit-parent-6.10.1.202505221210-r.pom
2025-07-17 17:28:05,003 [Worker-4: Building] INFO  o.e.m.c.i.e.AbstractTransferListenerAdapter - Downloading https://repo.maven.apache.org/maven2/com/googlecode/javaewah/JavaEWAH/1.2.3/JavaEWAH-1.2.3.pom
2025-07-17 17:28:05,032 [Worker-4: Building] INFO  o.e.m.c.i.e.AbstractTransferListenerAdapter - Downloaded https://repo.maven.apache.org/maven2/com/googlecode/javaewah/JavaEWAH/1.2.3/JavaEWAH-1.2.3.pom
2025-07-17 17:28:05,075 [Worker-4: Building] INFO  o.e.m.c.i.e.AbstractTransferListenerAdapter - Downloading https://repo.maven.apache.org/maven2/org/eclipse/jgit/org.eclipse.jgit.ssh.jsch/6.7.0.202309050840-r/org.eclipse.jgit.ssh.jsch-6.7.0.202309050840-r.pom
2025-07-17 17:28:05,092 [Worker-4: Building] INFO  o.e.m.c.i.e.AbstractTransferListenerAdapter - Downloaded https://repo.maven.apache.org/maven2/org/eclipse/jgit/org.eclipse.jgit.ssh.jsch/6.7.0.202309050840-r/org.eclipse.jgit.ssh.jsch-6.7.0.202309050840-r.pom
2025-07-17 17:28:05,127 [Worker-4: Building] INFO  o.e.m.c.i.e.AbstractTransferListenerAdapter - Downloading https://repo.maven.apache.org/maven2/org/eclipse/jgit/org.eclipse.jgit-parent/6.7.0.202309050840-r/org.eclipse.jgit-parent-6.7.0.202309050840-r.pom
2025-07-17 17:28:05,144 [Worker-4: Building] INFO  o.e.m.c.i.e.AbstractTransferListenerAdapter - Downloaded https://repo.maven.apache.org/maven2/org/eclipse/jgit/org.eclipse.jgit-parent/6.7.0.202309050840-r/org.eclipse.jgit-parent-6.7.0.202309050840-r.pom
2025-07-17 17:28:05,176 [Worker-4: Building] INFO  o.e.m.c.i.e.AbstractTransferListenerAdapter - Downloading https://repo.maven.apache.org/maven2/com/jcraft/jsch/0.1.55/jsch-0.1.55.pom
2025-07-17 17:28:05,190 [Worker-4: Building] INFO  o.e.m.c.i.e.AbstractTransferListenerAdapter - Downloaded https://repo.maven.apache.org/maven2/com/jcraft/jsch/0.1.55/jsch-0.1.55.pom
2025-07-17 17:28:05,222 [Worker-4: Building] INFO  o.e.m.c.i.e.AbstractTransferListenerAdapter - Downloading https://repo.maven.apache.org/maven2/org/sonatype/oss/oss-parent/6/oss-parent-6.pom
2025-07-17 17:28:05,240 [Worker-4: Building] INFO  o.e.m.c.i.e.AbstractTransferListenerAdapter - Downloaded https://repo.maven.apache.org/maven2/org/sonatype/oss/oss-parent/6/oss-parent-6.pom
2025-07-17 17:28:05,272 [Worker-4: Building] INFO  o.e.m.c.i.e.AbstractTransferListenerAdapter - Downloading https://repo.maven.apache.org/maven2/com/jcraft/jzlib/1.1.3/jzlib-1.1.3.pom
2025-07-17 17:28:05,285 [Worker-4: Building] INFO  o.e.m.c.i.e.AbstractTransferListenerAdapter - Downloaded https://repo.maven.apache.org/maven2/com/jcraft/jzlib/1.1.3/jzlib-1.1.3.pom
2025-07-17 17:28:05,331 [Worker-4: Building] INFO  o.e.m.c.i.e.AbstractTransferListenerAdapter - Downloading https://repo.maven.apache.org/maven2/com/jcraft/jsch.agentproxy.sshagent/0.0.9/jsch.agentproxy.sshagent-0.0.9.pom
2025-07-17 17:28:05,342 [Worker-4: Building] INFO  o.e.m.c.i.e.AbstractTransferListenerAdapter - Downloaded https://repo.maven.apache.org/maven2/com/jcraft/jsch.agentproxy.sshagent/0.0.9/jsch.agentproxy.sshagent-0.0.9.pom
2025-07-17 17:28:05,367 [Worker-4: Building] INFO  o.e.m.c.i.e.AbstractTransferListenerAdapter - Downloading https://repo.maven.apache.org/maven2/com/jcraft/jsch.agentproxy/0.0.9/jsch.agentproxy-0.0.9.pom
2025-07-17 17:28:05,382 [Worker-4: Building] INFO  o.e.m.c.i.e.AbstractTransferListenerAdapter - Downloaded https://repo.maven.apache.org/maven2/com/jcraft/jsch.agentproxy/0.0.9/jsch.agentproxy-0.0.9.pom
2025-07-17 17:28:05,413 [Worker-4: Building] INFO  o.e.m.c.i.e.AbstractTransferListenerAdapter - Downloading https://repo.maven.apache.org/maven2/com/jcraft/jsch.agentproxy.core/0.0.9/jsch.agentproxy.core-0.0.9.pom
2025-07-17 17:28:05,435 [Worker-4: Building] INFO  o.e.m.c.i.e.AbstractTransferListenerAdapter - Downloaded https://repo.maven.apache.org/maven2/com/jcraft/jsch.agentproxy.core/0.0.9/jsch.agentproxy.core-0.0.9.pom
2025-07-17 17:28:05,490 [Worker-4: Building] INFO  o.e.m.c.i.e.AbstractTransferListenerAdapter - Downloading https://repo.maven.apache.org/maven2/com/jcraft/jsch.agentproxy.jsch/0.0.9/jsch.agentproxy.jsch-0.0.9.pom
2025-07-17 17:28:05,507 [Worker-4: Building] INFO  o.e.m.c.i.e.AbstractTransferListenerAdapter - Downloaded https://repo.maven.apache.org/maven2/com/jcraft/jsch.agentproxy.jsch/0.0.9/jsch.agentproxy.jsch-0.0.9.pom
2025-07-17 17:28:05,541 [Worker-4: Building] INFO  o.e.m.c.i.e.AbstractTransferListenerAdapter - Downloading https://repo.maven.apache.org/maven2/com/jcraft/jsch/0.1.49/jsch-0.1.49.pom
2025-07-17 17:28:05,578 [Worker-4: Building] INFO  o.e.m.c.i.e.AbstractTransferListenerAdapter - Downloaded https://repo.maven.apache.org/maven2/com/jcraft/jsch/0.1.49/jsch-0.1.49.pom
2025-07-17 17:28:05,615 [Worker-4: Building] INFO  o.e.m.c.i.e.AbstractTransferListenerAdapter - Downloading https://repo.maven.apache.org/maven2/com/jcraft/jsch.agentproxy.usocket-jna/0.0.9/jsch.agentproxy.usocket-jna-0.0.9.pom
2025-07-17 17:28:05,636 [Worker-4: Building] INFO  o.e.m.c.i.e.AbstractTransferListenerAdapter - Downloaded https://repo.maven.apache.org/maven2/com/jcraft/jsch.agentproxy.usocket-jna/0.0.9/jsch.agentproxy.usocket-jna-0.0.9.pom
2025-07-17 17:28:05,689 [Worker-4: Building] INFO  o.e.m.c.i.e.AbstractTransferListenerAdapter - Downloading https://repo.maven.apache.org/maven2/net/java/dev/jna/jna/4.1.0/jna-4.1.0.pom
2025-07-17 17:28:05,711 [Worker-4: Building] INFO  o.e.m.c.i.e.AbstractTransferListenerAdapter - Downloaded https://repo.maven.apache.org/maven2/net/java/dev/jna/jna/4.1.0/jna-4.1.0.pom
2025-07-17 17:28:05,745 [Worker-4: Building] INFO  o.e.m.c.i.e.AbstractTransferListenerAdapter - Downloading https://repo.maven.apache.org/maven2/net/java/dev/jna/jna-platform/4.1.0/jna-platform-4.1.0.pom
2025-07-17 17:28:05,786 [Worker-4: Building] INFO  o.e.m.c.i.e.AbstractTransferListenerAdapter - Downloaded https://repo.maven.apache.org/maven2/net/java/dev/jna/jna-platform/4.1.0/jna-platform-4.1.0.pom
2025-07-17 17:28:05,819 [Worker-4: Building] INFO  o.e.m.c.i.e.AbstractTransferListenerAdapter - Downloading https://repo.maven.apache.org/maven2/org/springframework/cloud/spring-cloud-contract-wiremock/4.3.0/spring-cloud-contract-wiremock-4.3.0.pom
2025-07-17 17:28:05,838 [Worker-4: Building] INFO  o.e.m.c.i.e.AbstractTransferListenerAdapter - Downloaded https://repo.maven.apache.org/maven2/org/springframework/cloud/spring-cloud-contract-wiremock/4.3.0/spring-cloud-contract-wiremock-4.3.0.pom
2025-07-17 17:28:05,898 [Worker-4: Building] INFO  o.e.m.c.i.e.AbstractTransferListenerAdapter - Downloading https://repo.maven.apache.org/maven2/org/springframework/cloud/spring-cloud-test-support/4.3.0/spring-cloud-test-support-4.3.0.pom
2025-07-17 17:28:05,906 [Worker-4: Building] INFO  o.e.m.c.i.e.AbstractTransferListenerAdapter - Downloaded https://repo.maven.apache.org/maven2/org/springframework/cloud/spring-cloud-test-support/4.3.0/spring-cloud-test-support-4.3.0.pom
2025-07-17 17:28:05,930 [Worker-4: Building] INFO  o.e.m.c.i.e.AbstractTransferListenerAdapter - Downloading https://repo.maven.apache.org/maven2/org/apache/maven/resolver/maven-resolver-connector-basic/1.9.22/maven-resolver-connector-basic-1.9.22.pom
2025-07-17 17:28:05,953 [Worker-4: Building] INFO  o.e.m.c.i.e.AbstractTransferListenerAdapter - Downloaded https://repo.maven.apache.org/maven2/org/apache/maven/resolver/maven-resolver-connector-basic/1.9.22/maven-resolver-connector-basic-1.9.22.pom
2025-07-17 17:28:05,990 [Worker-4: Building] INFO  o.e.m.c.i.e.AbstractTransferListenerAdapter - Downloading https://repo.maven.apache.org/maven2/org/apache/maven/resolver/maven-resolver/1.9.22/maven-resolver-1.9.22.pom
2025-07-17 17:28:06,010 [Worker-4: Building] INFO  o.e.m.c.i.e.AbstractTransferListenerAdapter - Downloaded https://repo.maven.apache.org/maven2/org/apache/maven/resolver/maven-resolver/1.9.22/maven-resolver-1.9.22.pom
2025-07-17 17:28:06,046 [Worker-4: Building] INFO  o.e.m.c.i.e.AbstractTransferListenerAdapter - Downloading https://repo.maven.apache.org/maven2/org/apache/maven/resolver/maven-resolver-api/1.9.22/maven-resolver-api-1.9.22.pom
2025-07-17 17:28:06,053 [Worker-4: Building] INFO  o.e.m.c.i.e.AbstractTransferListenerAdapter - Downloaded https://repo.maven.apache.org/maven2/org/apache/maven/resolver/maven-resolver-api/1.9.22/maven-resolver-api-1.9.22.pom
2025-07-17 17:28:06,094 [Worker-4: Building] INFO  o.e.m.c.i.e.AbstractTransferListenerAdapter - Downloading https://repo.maven.apache.org/maven2/org/apache/maven/resolver/maven-resolver-spi/1.9.22/maven-resolver-spi-1.9.22.pom
2025-07-17 17:28:06,118 [Worker-4: Building] INFO  o.e.m.c.i.e.AbstractTransferListenerAdapter - Downloaded https://repo.maven.apache.org/maven2/org/apache/maven/resolver/maven-resolver-spi/1.9.22/maven-resolver-spi-1.9.22.pom
2025-07-17 17:28:06,155 [Worker-4: Building] INFO  o.e.m.c.i.e.AbstractTransferListenerAdapter - Downloading https://repo.maven.apache.org/maven2/org/apache/maven/resolver/maven-resolver-util/1.9.22/maven-resolver-util-1.9.22.pom
2025-07-17 17:28:06,166 [Worker-4: Building] INFO  o.e.m.c.i.e.AbstractTransferListenerAdapter - Downloaded https://repo.maven.apache.org/maven2/org/apache/maven/resolver/maven-resolver-util/1.9.22/maven-resolver-util-1.9.22.pom
2025-07-17 17:28:06,212 [Worker-4: Building] INFO  o.e.m.c.i.e.AbstractTransferListenerAdapter - Downloading https://repo.maven.apache.org/maven2/org/apache/maven/resolver/maven-resolver-impl/1.9.22/maven-resolver-impl-1.9.22.pom
2025-07-17 17:28:06,244 [Worker-4: Building] INFO  o.e.m.c.i.e.AbstractTransferListenerAdapter - Downloaded https://repo.maven.apache.org/maven2/org/apache/maven/resolver/maven-resolver-impl/1.9.22/maven-resolver-impl-1.9.22.pom
2025-07-17 17:28:06,281 [Worker-4: Building] INFO  o.e.m.c.i.e.AbstractTransferListenerAdapter - Downloading https://repo.maven.apache.org/maven2/org/apache/maven/resolver/maven-resolver-named-locks/1.9.22/maven-resolver-named-locks-1.9.22.pom
2025-07-17 17:28:06,311 [Worker-4: Building] INFO  o.e.m.c.i.e.AbstractTransferListenerAdapter - Downloaded https://repo.maven.apache.org/maven2/org/apache/maven/resolver/maven-resolver-named-locks/1.9.22/maven-resolver-named-locks-1.9.22.pom
2025-07-17 17:28:06,382 [Worker-4: Building] INFO  o.e.m.c.i.e.AbstractTransferListenerAdapter - Downloading https://repo.maven.apache.org/maven2/org/apache/maven/maven-resolver-provider/3.9.9/maven-resolver-provider-3.9.9.pom
2025-07-17 17:28:06,397 [Worker-4: Building] INFO  o.e.m.c.i.e.AbstractTransferListenerAdapter - Downloaded https://repo.maven.apache.org/maven2/org/apache/maven/maven-resolver-provider/3.9.9/maven-resolver-provider-3.9.9.pom
2025-07-17 17:28:06,438 [Worker-4: Building] INFO  o.e.m.c.i.e.AbstractTransferListenerAdapter - Downloading https://repo.maven.apache.org/maven2/org/apache/maven/maven/3.9.9/maven-3.9.9.pom
2025-07-17 17:28:06,455 [Worker-4: Building] INFO  o.e.m.c.i.e.AbstractTransferListenerAdapter - Downloaded https://repo.maven.apache.org/maven2/org/apache/maven/maven/3.9.9/maven-3.9.9.pom
2025-07-17 17:28:06,484 [Worker-4: Building] INFO  o.e.m.c.i.e.AbstractTransferListenerAdapter - Downloading https://repo.maven.apache.org/maven2/org/apache/maven/maven-model/3.9.9/maven-model-3.9.9.pom
2025-07-17 17:28:06,502 [Worker-4: Building] INFO  o.e.m.c.i.e.AbstractTransferListenerAdapter - Downloaded https://repo.maven.apache.org/maven2/org/apache/maven/maven-model/3.9.9/maven-model-3.9.9.pom
2025-07-17 17:28:06,539 [Worker-4: Building] INFO  o.e.m.c.i.e.AbstractTransferListenerAdapter - Downloading https://repo.maven.apache.org/maven2/org/apache/maven/maven-model-builder/3.9.9/maven-model-builder-3.9.9.pom
2025-07-17 17:28:06,558 [Worker-4: Building] INFO  o.e.m.c.i.e.AbstractTransferListenerAdapter - Downloaded https://repo.maven.apache.org/maven2/org/apache/maven/maven-model-builder/3.9.9/maven-model-builder-3.9.9.pom
2025-07-17 17:28:06,597 [Worker-4: Building] INFO  o.e.m.c.i.e.AbstractTransferListenerAdapter - Downloading https://repo.maven.apache.org/maven2/org/apache/maven/maven-artifact/3.9.9/maven-artifact-3.9.9.pom
2025-07-17 17:28:06,613 [Worker-4: Building] INFO  o.e.m.c.i.e.AbstractTransferListenerAdapter - Downloaded https://repo.maven.apache.org/maven2/org/apache/maven/maven-artifact/3.9.9/maven-artifact-3.9.9.pom
2025-07-17 17:28:06,657 [Worker-4: Building] INFO  o.e.m.c.i.e.AbstractTransferListenerAdapter - Downloading https://repo.maven.apache.org/maven2/org/apache/maven/maven-builder-support/3.9.9/maven-builder-support-3.9.9.pom
2025-07-17 17:28:06,676 [Worker-4: Building] INFO  o.e.m.c.i.e.AbstractTransferListenerAdapter - Downloaded https://repo.maven.apache.org/maven2/org/apache/maven/maven-builder-support/3.9.9/maven-builder-support-3.9.9.pom
2025-07-17 17:28:06,711 [Worker-4: Building] INFO  o.e.m.c.i.e.AbstractTransferListenerAdapter - Downloading https://repo.maven.apache.org/maven2/org/eclipse/sisu/org.eclipse.sisu.inject/0.9.0.M3/org.eclipse.sisu.inject-0.9.0.M3.pom
2025-07-17 17:28:06,727 [Worker-4: Building] INFO  o.e.m.c.i.e.AbstractTransferListenerAdapter - Downloaded https://repo.maven.apache.org/maven2/org/eclipse/sisu/org.eclipse.sisu.inject/0.9.0.M3/org.eclipse.sisu.inject-0.9.0.M3.pom
2025-07-17 17:28:06,755 [Worker-4: Building] INFO  o.e.m.c.i.e.AbstractTransferListenerAdapter - Downloading https://repo.maven.apache.org/maven2/org/eclipse/sisu/sisu-inject/0.9.0.M3/sisu-inject-0.9.0.M3.pom
2025-07-17 17:28:06,771 [Worker-4: Building] INFO  o.e.m.c.i.e.AbstractTransferListenerAdapter - Downloaded https://repo.maven.apache.org/maven2/org/eclipse/sisu/sisu-inject/0.9.0.M3/sisu-inject-0.9.0.M3.pom
2025-07-17 17:28:06,799 [Worker-4: Building] INFO  o.e.m.c.i.e.AbstractTransferListenerAdapter - Downloading https://repo.maven.apache.org/maven2/org/apache/maven/maven-repository-metadata/3.9.9/maven-repository-metadata-3.9.9.pom
2025-07-17 17:28:06,816 [Worker-4: Building] INFO  o.e.m.c.i.e.AbstractTransferListenerAdapter - Downloaded https://repo.maven.apache.org/maven2/org/apache/maven/maven-repository-metadata/3.9.9/maven-repository-metadata-3.9.9.pom
2025-07-17 17:28:06,851 [Worker-4: Building] INFO  o.e.m.c.i.e.AbstractTransferListenerAdapter - Downloading https://repo.maven.apache.org/maven2/org/apache/maven/resolver/maven-resolver-transport-http/1.9.22/maven-resolver-transport-http-1.9.22.pom
2025-07-17 17:28:06,883 [Worker-4: Building] INFO  o.e.m.c.i.e.AbstractTransferListenerAdapter - Downloaded https://repo.maven.apache.org/maven2/org/apache/maven/resolver/maven-resolver-transport-http/1.9.22/maven-resolver-transport-http-1.9.22.pom
2025-07-17 17:28:06,929 [Worker-4: Building] INFO  o.e.m.c.i.e.AbstractTransferListenerAdapter - Downloading https://repo.maven.apache.org/maven2/org/sonatype/sisu/sisu-inject-plexus/2.6.0/sisu-inject-plexus-2.6.0.pom
2025-07-17 17:28:06,940 [Worker-4: Building] INFO  o.e.m.c.i.e.AbstractTransferListenerAdapter - Downloaded https://repo.maven.apache.org/maven2/org/sonatype/sisu/sisu-inject-plexus/2.6.0/sisu-inject-plexus-2.6.0.pom
2025-07-17 17:28:06,968 [Worker-4: Building] INFO  o.e.m.c.i.e.AbstractTransferListenerAdapter - Downloading https://repo.maven.apache.org/maven2/org/sonatype/sisu/inject/wrappers/2.6.0/wrappers-2.6.0.pom
2025-07-17 17:28:06,998 [Worker-4: Building] INFO  o.e.m.c.i.e.AbstractTransferListenerAdapter - Downloaded https://repo.maven.apache.org/maven2/org/sonatype/sisu/inject/wrappers/2.6.0/wrappers-2.6.0.pom
2025-07-17 17:28:07,032 [Worker-4: Building] INFO  o.e.m.c.i.e.AbstractTransferListenerAdapter - Downloading https://repo.maven.apache.org/maven2/org/sonatype/sisu/sisu-inject/2.6.0/sisu-inject-2.6.0.pom
2025-07-17 17:28:07,052 [Worker-4: Building] INFO  o.e.m.c.i.e.AbstractTransferListenerAdapter - Downloaded https://repo.maven.apache.org/maven2/org/sonatype/sisu/sisu-inject/2.6.0/sisu-inject-2.6.0.pom
2025-07-17 17:28:07,088 [Worker-4: Building] INFO  o.e.m.c.i.e.AbstractTransferListenerAdapter - Downloading https://repo.maven.apache.org/maven2/org/sonatype/sisu/sisu-parent/2.6.0/sisu-parent-2.6.0.pom
2025-07-17 17:28:07,108 [Worker-4: Building] INFO  o.e.m.c.i.e.AbstractTransferListenerAdapter - Downloaded https://repo.maven.apache.org/maven2/org/sonatype/sisu/sisu-parent/2.6.0/sisu-parent-2.6.0.pom
2025-07-17 17:28:07,139 [Worker-4: Building] INFO  o.e.m.c.i.e.AbstractTransferListenerAdapter - Downloading https://repo.maven.apache.org/maven2/org/sonatype/forge/forge-parent/38/forge-parent-38.pom
2025-07-17 17:28:07,161 [Worker-4: Building] INFO  o.e.m.c.i.e.AbstractTransferListenerAdapter - Downloaded https://repo.maven.apache.org/maven2/org/sonatype/forge/forge-parent/38/forge-parent-38.pom
2025-07-17 17:28:07,195 [Worker-4: Building] INFO  o.e.m.c.i.e.AbstractTransferListenerAdapter - Downloading https://repo.maven.apache.org/maven2/org/codehaus/plexus/plexus-component-annotations/1.5.5/plexus-component-annotations-1.5.5.pom
2025-07-17 17:28:07,217 [Worker-4: Building] INFO  o.e.m.c.i.e.AbstractTransferListenerAdapter - Downloaded https://repo.maven.apache.org/maven2/org/codehaus/plexus/plexus-component-annotations/1.5.5/plexus-component-annotations-1.5.5.pom
2025-07-17 17:28:07,249 [Worker-4: Building] INFO  o.e.m.c.i.e.AbstractTransferListenerAdapter - Downloading https://repo.maven.apache.org/maven2/org/codehaus/plexus/plexus-containers/1.5.5/plexus-containers-1.5.5.pom
2025-07-17 17:28:07,269 [Worker-4: Building] INFO  o.e.m.c.i.e.AbstractTransferListenerAdapter - Downloaded https://repo.maven.apache.org/maven2/org/codehaus/plexus/plexus-containers/1.5.5/plexus-containers-1.5.5.pom
2025-07-17 17:28:07,306 [Worker-4: Building] INFO  o.e.m.c.i.e.AbstractTransferListenerAdapter - Downloading https://repo.maven.apache.org/maven2/org/codehaus/plexus/plexus-classworlds/2.5.2/plexus-classworlds-2.5.2.pom
2025-07-17 17:28:07,324 [Worker-4: Building] INFO  o.e.m.c.i.e.AbstractTransferListenerAdapter - Downloaded https://repo.maven.apache.org/maven2/org/codehaus/plexus/plexus-classworlds/2.5.2/plexus-classworlds-2.5.2.pom
2025-07-17 17:28:07,367 [Worker-4: Building] INFO  o.e.m.c.i.e.AbstractTransferListenerAdapter - Downloading https://repo.maven.apache.org/maven2/org/codehaus/plexus/plexus-utils/3.0.18/plexus-utils-3.0.18.pom
2025-07-17 17:28:07,387 [Worker-4: Building] INFO  o.e.m.c.i.e.AbstractTransferListenerAdapter - Downloaded https://repo.maven.apache.org/maven2/org/codehaus/plexus/plexus-utils/3.0.18/plexus-utils-3.0.18.pom
2025-07-17 17:28:07,445 [Worker-4: Building] INFO  o.e.m.c.i.e.AbstractTransferListenerAdapter - Downloading https://repo.maven.apache.org/maven2/org/sonatype/sisu/sisu-inject-bean/2.6.0/sisu-inject-bean-2.6.0.pom
2025-07-17 17:28:07,468 [Worker-4: Building] INFO  o.e.m.c.i.e.AbstractTransferListenerAdapter - Downloaded https://repo.maven.apache.org/maven2/org/sonatype/sisu/sisu-inject-bean/2.6.0/sisu-inject-bean-2.6.0.pom
2025-07-17 17:28:07,519 [Worker-4: Building] INFO  o.e.m.c.i.e.AbstractTransferListenerAdapter - Downloading https://repo.maven.apache.org/maven2/org/sonatype/sisu/sisu-guice/3.2.5/sisu-guice-3.2.5.pom
2025-07-17 17:28:07,542 [Worker-4: Building] INFO  o.e.m.c.i.e.AbstractTransferListenerAdapter - Downloaded https://repo.maven.apache.org/maven2/org/sonatype/sisu/sisu-guice/3.2.5/sisu-guice-3.2.5.pom
2025-07-17 17:28:07,570 [Worker-4: Building] INFO  o.e.m.c.i.e.AbstractTransferListenerAdapter - Downloading https://repo.maven.apache.org/maven2/org/sonatype/sisu/inject/guice-parent/3.2.5/guice-parent-3.2.5.pom
2025-07-17 17:28:07,586 [Worker-4: Building] INFO  o.e.m.c.i.e.AbstractTransferListenerAdapter - Downloaded https://repo.maven.apache.org/maven2/org/sonatype/sisu/inject/guice-parent/3.2.5/guice-parent-3.2.5.pom
2025-07-17 17:28:07,615 [Worker-4: Building] INFO  o.e.m.c.i.e.AbstractTransferListenerAdapter - Downloading https://repo.maven.apache.org/maven2/com/google/guava/guava/16.0.1/guava-16.0.1.pom
2025-07-17 17:28:07,626 [Worker-4: Building] INFO  o.e.m.c.i.e.AbstractTransferListenerAdapter - Downloaded https://repo.maven.apache.org/maven2/com/google/guava/guava/16.0.1/guava-16.0.1.pom
2025-07-17 17:28:07,651 [Worker-4: Building] INFO  o.e.m.c.i.e.AbstractTransferListenerAdapter - Downloading https://repo.maven.apache.org/maven2/com/google/guava/guava-parent/16.0.1/guava-parent-16.0.1.pom
2025-07-17 17:28:07,659 [Worker-4: Building] INFO  o.e.m.c.i.e.AbstractTransferListenerAdapter - Downloaded https://repo.maven.apache.org/maven2/com/google/guava/guava-parent/16.0.1/guava-parent-16.0.1.pom
2025-07-17 17:28:07,684 [Worker-4: Building] INFO  o.e.m.c.i.e.AbstractTransferListenerAdapter - Downloading https://repo.maven.apache.org/maven2/org/eclipse/sisu/org.eclipse.sisu.inject/0.3.0/org.eclipse.sisu.inject-0.3.0.pom
2025-07-17 17:28:07,694 [Worker-4: Building] INFO  o.e.m.c.i.e.AbstractTransferListenerAdapter - Downloaded https://repo.maven.apache.org/maven2/org/eclipse/sisu/org.eclipse.sisu.inject/0.3.0/org.eclipse.sisu.inject-0.3.0.pom
2025-07-17 17:28:07,721 [Worker-4: Building] INFO  o.e.m.c.i.e.AbstractTransferListenerAdapter - Downloading https://repo.maven.apache.org/maven2/org/eclipse/sisu/sisu-inject/0.3.0/sisu-inject-0.3.0.pom
2025-07-17 17:28:07,765 [Worker-4: Building] INFO  o.e.m.c.i.e.AbstractTransferListenerAdapter - Downloaded https://repo.maven.apache.org/maven2/org/eclipse/sisu/sisu-inject/0.3.0/sisu-inject-0.3.0.pom
2025-07-17 17:28:07,799 [Worker-4: Building] INFO  o.e.m.c.i.e.AbstractTransferListenerAdapter - Downloading https://repo.maven.apache.org/maven2/org/eclipse/sisu/org.eclipse.sisu.plexus/0.3.0/org.eclipse.sisu.plexus-0.3.0.pom
2025-07-17 17:28:07,860 [Worker-4: Building] INFO  o.e.m.c.i.e.AbstractTransferListenerAdapter - Downloaded https://repo.maven.apache.org/maven2/org/eclipse/sisu/org.eclipse.sisu.plexus/0.3.0/org.eclipse.sisu.plexus-0.3.0.pom
2025-07-17 17:28:07,894 [Worker-4: Building] INFO  o.e.m.c.i.e.AbstractTransferListenerAdapter - Downloading https://repo.maven.apache.org/maven2/org/eclipse/sisu/sisu-plexus/0.3.0/sisu-plexus-0.3.0.pom
2025-07-17 17:28:07,916 [Worker-4: Building] INFO  o.e.m.c.i.e.AbstractTransferListenerAdapter - Downloaded https://repo.maven.apache.org/maven2/org/eclipse/sisu/sisu-plexus/0.3.0/sisu-plexus-0.3.0.pom
2025-07-17 17:28:07,950 [Worker-4: Building] INFO  o.e.m.c.i.e.AbstractTransferListenerAdapter - Downloading https://repo.maven.apache.org/maven2/org/codehaus/plexus/plexus-utils/3.0.17/plexus-utils-3.0.17.pom
2025-07-17 17:28:07,972 [Worker-4: Building] INFO  o.e.m.c.i.e.AbstractTransferListenerAdapter - Downloaded https://repo.maven.apache.org/maven2/org/codehaus/plexus/plexus-utils/3.0.17/plexus-utils-3.0.17.pom
2025-07-17 17:28:08,222 [Worker-4: Building] INFO  o.e.m.c.i.e.AbstractTransferListenerAdapter - Downloading https://repo.maven.apache.org/maven2/org/springframework/cloud/spring-cloud-starter-circuitbreaker-reactor-resilience4j/3.3.0/spring-cloud-starter-circuitbreaker-reactor-resilience4j-3.3.0.jar
2025-07-17 17:28:08,235 [Worker-4: Building] INFO  o.e.m.c.i.e.AbstractTransferListenerAdapter - Downloaded https://repo.maven.apache.org/maven2/org/springframework/cloud/spring-cloud-starter-circuitbreaker-reactor-resilience4j/3.3.0/spring-cloud-starter-circuitbreaker-reactor-resilience4j-3.3.0.jar
2025-07-17 17:28:08,258 [BasicRepositoryConnector-repo.maven.apache.org-0-1] INFO  o.e.m.c.i.e.AbstractTransferListenerAdapter - Downloading https://repo.maven.apache.org/maven2/io/github/resilience4j/resilience4j-spring-boot3/2.2.0/resilience4j-spring-boot3-2.2.0.jar
2025-07-17 17:28:08,300 [BasicRepositoryConnector-repo.maven.apache.org-0-0] INFO  o.e.m.c.i.e.AbstractTransferListenerAdapter - Downloading https://repo.maven.apache.org/maven2/org/springframework/cloud/spring-cloud-circuitbreaker-resilience4j/3.3.0/spring-cloud-circuitbreaker-resilience4j-3.3.0.jar
2025-07-17 17:28:08,325 [BasicRepositoryConnector-repo.maven.apache.org-0-4] INFO  o.e.m.c.i.e.AbstractTransferListenerAdapter - Downloading https://repo.maven.apache.org/maven2/io/github/resilience4j/resilience4j-consumer/2.2.0/resilience4j-consumer-2.2.0.jar
2025-07-17 17:28:08,326 [BasicRepositoryConnector-repo.maven.apache.org-0-3] INFO  o.e.m.c.i.e.AbstractTransferListenerAdapter - Downloading https://repo.maven.apache.org/maven2/io/github/resilience4j/resilience4j-annotations/2.2.0/resilience4j-annotations-2.2.0.jar
2025-07-17 17:28:08,326 [BasicRepositoryConnector-repo.maven.apache.org-0-2] INFO  o.e.m.c.i.e.AbstractTransferListenerAdapter - Downloading https://repo.maven.apache.org/maven2/io/github/resilience4j/resilience4j-spring6/2.2.0/resilience4j-spring6-2.2.0.jar
2025-07-17 17:28:08,368 [BasicRepositoryConnector-repo.maven.apache.org-0-3] INFO  o.e.m.c.i.e.AbstractTransferListenerAdapter - Downloaded https://repo.maven.apache.org/maven2/io/github/resilience4j/resilience4j-annotations/2.2.0/resilience4j-annotations-2.2.0.jar
2025-07-17 17:28:08,371 [BasicRepositoryConnector-repo.maven.apache.org-0-4] INFO  o.e.m.c.i.e.AbstractTransferListenerAdapter - Downloaded https://repo.maven.apache.org/maven2/io/github/resilience4j/resilience4j-consumer/2.2.0/resilience4j-consumer-2.2.0.jar
2025-07-17 17:28:08,388 [BasicRepositoryConnector-repo.maven.apache.org-0-0] INFO  o.e.m.c.i.e.AbstractTransferListenerAdapter - Downloaded https://repo.maven.apache.org/maven2/org/springframework/cloud/spring-cloud-circuitbreaker-resilience4j/3.3.0/spring-cloud-circuitbreaker-resilience4j-3.3.0.jar
2025-07-17 17:28:08,392 [BasicRepositoryConnector-repo.maven.apache.org-0-3] INFO  o.e.m.c.i.e.AbstractTransferListenerAdapter - Downloading https://repo.maven.apache.org/maven2/io/github/resilience4j/resilience4j-circularbuffer/2.2.0/resilience4j-circularbuffer-2.2.0.jar
2025-07-17 17:28:08,393 [BasicRepositoryConnector-repo.maven.apache.org-0-4] INFO  o.e.m.c.i.e.AbstractTransferListenerAdapter - Downloading https://repo.maven.apache.org/maven2/io/github/resilience4j/resilience4j-framework-common/2.2.0/resilience4j-framework-common-2.2.0.jar
2025-07-17 17:28:08,404 [BasicRepositoryConnector-repo.maven.apache.org-0-1] INFO  o.e.m.c.i.e.AbstractTransferListenerAdapter - Downloaded https://repo.maven.apache.org/maven2/io/github/resilience4j/resilience4j-spring-boot3/2.2.0/resilience4j-spring-boot3-2.2.0.jar
2025-07-17 17:28:08,413 [BasicRepositoryConnector-repo.maven.apache.org-0-0] INFO  o.e.m.c.i.e.AbstractTransferListenerAdapter - Downloading https://repo.maven.apache.org/maven2/org/springframework/boot/spring-boot-configuration-processor/3.5.3/spring-boot-configuration-processor-3.5.3.jar
2025-07-17 17:28:08,420 [BasicRepositoryConnector-repo.maven.apache.org-0-3] INFO  o.e.m.c.i.e.AbstractTransferListenerAdapter - Downloaded https://repo.maven.apache.org/maven2/io/github/resilience4j/resilience4j-circularbuffer/2.2.0/resilience4j-circularbuffer-2.2.0.jar
2025-07-17 17:28:08,429 [BasicRepositoryConnector-repo.maven.apache.org-0-1] INFO  o.e.m.c.i.e.AbstractTransferListenerAdapter - Downloading https://repo.maven.apache.org/maven2/io/github/resilience4j/resilience4j-circuitbreaker/2.2.0/resilience4j-circuitbreaker-2.2.0.jar
2025-07-17 17:28:08,448 [BasicRepositoryConnector-repo.maven.apache.org-0-3] INFO  o.e.m.c.i.e.AbstractTransferListenerAdapter - Downloading https://repo.maven.apache.org/maven2/io/github/resilience4j/resilience4j-core/2.2.0/resilience4j-core-2.2.0.jar
2025-07-17 17:28:08,615 [BasicRepositoryConnector-repo.maven.apache.org-0-1] INFO  o.e.m.c.i.e.AbstractTransferListenerAdapter - Downloaded https://repo.maven.apache.org/maven2/io/github/resilience4j/resilience4j-circuitbreaker/2.2.0/resilience4j-circuitbreaker-2.2.0.jar
2025-07-17 17:28:08,615 [BasicRepositoryConnector-repo.maven.apache.org-0-4] INFO  o.e.m.c.i.e.AbstractTransferListenerAdapter - Downloaded https://repo.maven.apache.org/maven2/io/github/resilience4j/resilience4j-framework-common/2.2.0/resilience4j-framework-common-2.2.0.jar
2025-07-17 17:28:08,644 [BasicRepositoryConnector-repo.maven.apache.org-0-1] INFO  o.e.m.c.i.e.AbstractTransferListenerAdapter - Downloading https://repo.maven.apache.org/maven2/io/github/resilience4j/resilience4j-timelimiter/2.2.0/resilience4j-timelimiter-2.2.0.jar
2025-07-17 17:28:08,646 [BasicRepositoryConnector-repo.maven.apache.org-0-4] INFO  o.e.m.c.i.e.AbstractTransferListenerAdapter - Downloading https://repo.maven.apache.org/maven2/io/github/resilience4j/resilience4j-reactor/2.2.0/resilience4j-reactor-2.2.0.jar
2025-07-17 17:28:08,649 [BasicRepositoryConnector-repo.maven.apache.org-0-2] INFO  o.e.m.c.i.e.AbstractTransferListenerAdapter - Downloaded https://repo.maven.apache.org/maven2/io/github/resilience4j/resilience4j-spring6/2.2.0/resilience4j-spring6-2.2.0.jar
2025-07-17 17:28:08,678 [BasicRepositoryConnector-repo.maven.apache.org-0-2] INFO  o.e.m.c.i.e.AbstractTransferListenerAdapter - Downloading https://repo.maven.apache.org/maven2/io/github/resilience4j/resilience4j-ratelimiter/2.2.0/resilience4j-ratelimiter-2.2.0.jar
2025-07-17 17:28:08,714 [BasicRepositoryConnector-repo.maven.apache.org-0-1] INFO  o.e.m.c.i.e.AbstractTransferListenerAdapter - Downloaded https://repo.maven.apache.org/maven2/io/github/resilience4j/resilience4j-timelimiter/2.2.0/resilience4j-timelimiter-2.2.0.jar
2025-07-17 17:28:08,715 [BasicRepositoryConnector-repo.maven.apache.org-0-4] INFO  o.e.m.c.i.e.AbstractTransferListenerAdapter - Downloaded https://repo.maven.apache.org/maven2/io/github/resilience4j/resilience4j-reactor/2.2.0/resilience4j-reactor-2.2.0.jar
2025-07-17 17:28:08,721 [BasicRepositoryConnector-repo.maven.apache.org-0-0] INFO  o.e.m.c.i.e.AbstractTransferListenerAdapter - Downloaded https://repo.maven.apache.org/maven2/org/springframework/boot/spring-boot-configuration-processor/3.5.3/spring-boot-configuration-processor-3.5.3.jar
2025-07-17 17:28:08,723 [BasicRepositoryConnector-repo.maven.apache.org-0-3] INFO  o.e.m.c.i.e.AbstractTransferListenerAdapter - Downloaded https://repo.maven.apache.org/maven2/io/github/resilience4j/resilience4j-core/2.2.0/resilience4j-core-2.2.0.jar
2025-07-17 17:28:08,736 [BasicRepositoryConnector-repo.maven.apache.org-0-1] INFO  o.e.m.c.i.e.AbstractTransferListenerAdapter - Downloading https://repo.maven.apache.org/maven2/io/github/resilience4j/resilience4j-bulkhead/2.2.0/resilience4j-bulkhead-2.2.0.jar
2025-07-17 17:28:08,736 [BasicRepositoryConnector-repo.maven.apache.org-0-4] INFO  o.e.m.c.i.e.AbstractTransferListenerAdapter - Downloading https://repo.maven.apache.org/maven2/io/github/resilience4j/resilience4j-retry/2.2.0/resilience4j-retry-2.2.0.jar
2025-07-17 17:28:08,739 [BasicRepositoryConnector-repo.maven.apache.org-0-2] INFO  o.e.m.c.i.e.AbstractTransferListenerAdapter - Downloaded https://repo.maven.apache.org/maven2/io/github/resilience4j/resilience4j-ratelimiter/2.2.0/resilience4j-ratelimiter-2.2.0.jar
2025-07-17 17:28:08,746 [BasicRepositoryConnector-repo.maven.apache.org-0-0] INFO  o.e.m.c.i.e.AbstractTransferListenerAdapter - Downloading https://repo.maven.apache.org/maven2/io/github/resilience4j/resilience4j-micrometer/2.2.0/resilience4j-micrometer-2.2.0.jar
2025-07-17 17:28:08,749 [BasicRepositoryConnector-repo.maven.apache.org-0-3] INFO  o.e.m.c.i.e.AbstractTransferListenerAdapter - Downloading https://repo.maven.apache.org/maven2/org/springframework/cloud/spring-cloud-starter-gateway-server-webflux/4.3.0/spring-cloud-starter-gateway-server-webflux-4.3.0.jar
2025-07-17 17:28:08,764 [BasicRepositoryConnector-repo.maven.apache.org-0-2] INFO  o.e.m.c.i.e.AbstractTransferListenerAdapter - Downloading https://repo.maven.apache.org/maven2/org/springframework/cloud/spring-cloud-gateway-server-webflux/4.3.0/spring-cloud-gateway-server-webflux-4.3.0.jar
2025-07-17 17:28:08,792 [BasicRepositoryConnector-repo.maven.apache.org-0-3] INFO  o.e.m.c.i.e.AbstractTransferListenerAdapter - Downloaded https://repo.maven.apache.org/maven2/org/springframework/cloud/spring-cloud-starter-gateway-server-webflux/4.3.0/spring-cloud-starter-gateway-server-webflux-4.3.0.jar
2025-07-17 17:28:08,813 [BasicRepositoryConnector-repo.maven.apache.org-0-2] INFO  o.e.m.c.i.e.AbstractTransferListenerAdapter - Downloaded https://repo.maven.apache.org/maven2/org/springframework/cloud/spring-cloud-gateway-server-webflux/4.3.0/spring-cloud-gateway-server-webflux-4.3.0.jar
2025-07-17 17:28:08,818 [BasicRepositoryConnector-repo.maven.apache.org-0-3] INFO  o.e.m.c.i.e.AbstractTransferListenerAdapter - Downloading https://repo.maven.apache.org/maven2/org/springframework/cloud/spring-cloud-starter-contract-stub-runner/4.3.0/spring-cloud-starter-contract-stub-runner-4.3.0.jar
2025-07-17 17:28:08,839 [BasicRepositoryConnector-repo.maven.apache.org-0-2] INFO  o.e.m.c.i.e.AbstractTransferListenerAdapter - Downloading https://repo.maven.apache.org/maven2/org/springframework/cloud/spring-cloud-contract-stub-runner/4.3.0/spring-cloud-contract-stub-runner-4.3.0.jar
2025-07-17 17:28:08,864 [BasicRepositoryConnector-repo.maven.apache.org-0-4] INFO  o.e.m.c.i.e.AbstractTransferListenerAdapter - Downloaded https://repo.maven.apache.org/maven2/io/github/resilience4j/resilience4j-retry/2.2.0/resilience4j-retry-2.2.0.jar
2025-07-17 17:28:08,866 [BasicRepositoryConnector-repo.maven.apache.org-0-3] INFO  o.e.m.c.i.e.AbstractTransferListenerAdapter - Downloaded https://repo.maven.apache.org/maven2/org/springframework/cloud/spring-cloud-starter-contract-stub-runner/4.3.0/spring-cloud-starter-contract-stub-runner-4.3.0.jar
2025-07-17 17:28:08,869 [BasicRepositoryConnector-repo.maven.apache.org-0-1] INFO  o.e.m.c.i.e.AbstractTransferListenerAdapter - Downloaded https://repo.maven.apache.org/maven2/io/github/resilience4j/resilience4j-bulkhead/2.2.0/resilience4j-bulkhead-2.2.0.jar
2025-07-17 17:28:08,889 [BasicRepositoryConnector-repo.maven.apache.org-0-4] INFO  o.e.m.c.i.e.AbstractTransferListenerAdapter - Downloading https://repo.maven.apache.org/maven2/org/springframework/cloud/spring-cloud-contract-verifier/4.3.0/spring-cloud-contract-verifier-4.3.0.jar
2025-07-17 17:28:08,892 [BasicRepositoryConnector-repo.maven.apache.org-0-3] INFO  o.e.m.c.i.e.AbstractTransferListenerAdapter - Downloading https://repo.maven.apache.org/maven2/org/apache/commons/commons-text/1.11.0/commons-text-1.11.0.jar
2025-07-17 17:28:08,903 [BasicRepositoryConnector-repo.maven.apache.org-0-0] INFO  o.e.m.c.i.e.AbstractTransferListenerAdapter - Downloaded https://repo.maven.apache.org/maven2/io/github/resilience4j/resilience4j-micrometer/2.2.0/resilience4j-micrometer-2.2.0.jar
2025-07-17 17:28:08,911 [BasicRepositoryConnector-repo.maven.apache.org-0-1] INFO  o.e.m.c.i.e.AbstractTransferListenerAdapter - Downloading https://repo.maven.apache.org/maven2/org/apache/commons/commons-lang3/3.17.0/commons-lang3-3.17.0.jar
2025-07-17 17:28:08,958 [BasicRepositoryConnector-repo.maven.apache.org-0-0] INFO  o.e.m.c.i.e.AbstractTransferListenerAdapter - Downloading https://repo.maven.apache.org/maven2/com/toomuchcoding/jsonassert/jsonassert/0.8.0/jsonassert-0.8.0.jar
2025-07-17 17:28:09,002 [BasicRepositoryConnector-repo.maven.apache.org-0-0] INFO  o.e.m.c.i.e.AbstractTransferListenerAdapter - Downloaded https://repo.maven.apache.org/maven2/com/toomuchcoding/jsonassert/jsonassert/0.8.0/jsonassert-0.8.0.jar
2025-07-17 17:28:09,028 [BasicRepositoryConnector-repo.maven.apache.org-0-4] INFO  o.e.m.c.i.e.AbstractTransferListenerAdapter - Downloaded https://repo.maven.apache.org/maven2/org/springframework/cloud/spring-cloud-contract-verifier/4.3.0/spring-cloud-contract-verifier-4.3.0.jar
2025-07-17 17:28:09,029 [BasicRepositoryConnector-repo.maven.apache.org-0-0] INFO  o.e.m.c.i.e.AbstractTransferListenerAdapter - Downloading https://repo.maven.apache.org/maven2/com/rackspace/eclipse/webtools/sourceediting/org.eclipse.wst.xml.xpath2.processor/2.1.100/org.eclipse.wst.xml.xpath2.processor-2.1.100.jar
2025-07-17 17:28:09,081 [BasicRepositoryConnector-repo.maven.apache.org-0-4] INFO  o.e.m.c.i.e.AbstractTransferListenerAdapter - Downloading https://repo.maven.apache.org/maven2/edu/princeton/cup/java-cup/10k/java-cup-10k.jar
2025-07-17 17:28:09,156 [BasicRepositoryConnector-repo.maven.apache.org-0-2] INFO  o.e.m.c.i.e.AbstractTransferListenerAdapter - Downloaded https://repo.maven.apache.org/maven2/org/springframework/cloud/spring-cloud-contract-stub-runner/4.3.0/spring-cloud-contract-stub-runner-4.3.0.jar
2025-07-17 17:28:09,175 [BasicRepositoryConnector-repo.maven.apache.org-0-1] INFO  o.e.m.c.i.e.AbstractTransferListenerAdapter - Downloaded https://repo.maven.apache.org/maven2/org/apache/commons/commons-lang3/3.17.0/commons-lang3-3.17.0.jar
2025-07-17 17:28:09,182 [BasicRepositoryConnector-repo.maven.apache.org-0-2] INFO  o.e.m.c.i.e.AbstractTransferListenerAdapter - Downloading https://repo.maven.apache.org/maven2/com/ibm/icu/icu4j/4.6/icu4j-4.6.jar
2025-07-17 17:28:09,183 [BasicRepositoryConnector-repo.maven.apache.org-0-0] INFO  o.e.m.c.i.e.AbstractTransferListenerAdapter - Downloaded https://repo.maven.apache.org/maven2/com/rackspace/eclipse/webtools/sourceediting/org.eclipse.wst.xml.xpath2.processor/2.1.100/org.eclipse.wst.xml.xpath2.processor-2.1.100.jar
2025-07-17 17:28:09,188 [BasicRepositoryConnector-repo.maven.apache.org-0-3] INFO  o.e.m.c.i.e.AbstractTransferListenerAdapter - Downloaded https://repo.maven.apache.org/maven2/org/apache/commons/commons-text/1.11.0/commons-text-1.11.0.jar
2025-07-17 17:28:09,189 [BasicRepositoryConnector-repo.maven.apache.org-0-4] INFO  o.e.m.c.i.e.AbstractTransferListenerAdapter - Downloaded https://repo.maven.apache.org/maven2/edu/princeton/cup/java-cup/10k/java-cup-10k.jar
2025-07-17 17:28:09,205 [BasicRepositoryConnector-repo.maven.apache.org-0-1] INFO  o.e.m.c.i.e.AbstractTransferListenerAdapter - Downloading https://repo.maven.apache.org/maven2/org/apache/groovy/groovy/4.0.27/groovy-4.0.27.jar
2025-07-17 17:28:09,209 [BasicRepositoryConnector-repo.maven.apache.org-0-0] INFO  o.e.m.c.i.e.AbstractTransferListenerAdapter - Downloading https://repo.maven.apache.org/maven2/org/apache/groovy/groovy-nio/4.0.27/groovy-nio-4.0.27.jar
2025-07-17 17:28:09,219 [BasicRepositoryConnector-repo.maven.apache.org-0-3] INFO  o.e.m.c.i.e.AbstractTransferListenerAdapter - Downloading https://repo.maven.apache.org/maven2/org/apache/groovy/groovy-json/4.0.27/groovy-json-4.0.27.jar
2025-07-17 17:28:09,221 [BasicRepositoryConnector-repo.maven.apache.org-0-4] INFO  o.e.m.c.i.e.AbstractTransferListenerAdapter - Downloading https://repo.maven.apache.org/maven2/org/apache/groovy/groovy-xml/4.0.27/groovy-xml-4.0.27.jar
2025-07-17 17:28:09,249 [BasicRepositoryConnector-repo.maven.apache.org-0-0] INFO  o.e.m.c.i.e.AbstractTransferListenerAdapter - Downloaded https://repo.maven.apache.org/maven2/org/apache/groovy/groovy-nio/4.0.27/groovy-nio-4.0.27.jar
2025-07-17 17:28:09,287 [BasicRepositoryConnector-repo.maven.apache.org-0-0] INFO  o.e.m.c.i.e.AbstractTransferListenerAdapter - Downloading https://repo.maven.apache.org/maven2/com/github/jknack/handlebars/4.3.1/handlebars-4.3.1.jar
2025-07-17 17:28:09,384 [BasicRepositoryConnector-repo.maven.apache.org-0-3] INFO  o.e.m.c.i.e.AbstractTransferListenerAdapter - Downloaded https://repo.maven.apache.org/maven2/org/apache/groovy/groovy-json/4.0.27/groovy-json-4.0.27.jar
2025-07-17 17:28:09,445 [BasicRepositoryConnector-repo.maven.apache.org-0-3] INFO  o.e.m.c.i.e.AbstractTransferListenerAdapter - Downloading https://repo.maven.apache.org/maven2/commons-beanutils/commons-beanutils/1.9.4/commons-beanutils-1.9.4.jar
2025-07-17 17:28:09,468 [BasicRepositoryConnector-repo.maven.apache.org-0-4] INFO  o.e.m.c.i.e.AbstractTransferListenerAdapter - Downloaded https://repo.maven.apache.org/maven2/org/apache/groovy/groovy-xml/4.0.27/groovy-xml-4.0.27.jar
2025-07-17 17:28:09,539 [BasicRepositoryConnector-repo.maven.apache.org-0-4] INFO  o.e.m.c.i.e.AbstractTransferListenerAdapter - Downloading https://repo.maven.apache.org/maven2/commons-logging/commons-logging/1.2/commons-logging-1.2.jar
2025-07-17 17:28:09,578 [BasicRepositoryConnector-repo.maven.apache.org-0-0] INFO  o.e.m.c.i.e.AbstractTransferListenerAdapter - Downloaded https://repo.maven.apache.org/maven2/com/github/jknack/handlebars/4.3.1/handlebars-4.3.1.jar
2025-07-17 17:28:09,626 [BasicRepositoryConnector-repo.maven.apache.org-0-4] INFO  o.e.m.c.i.e.AbstractTransferListenerAdapter - Downloaded https://repo.maven.apache.org/maven2/commons-logging/commons-logging/1.2/commons-logging-1.2.jar
2025-07-17 17:28:09,646 [BasicRepositoryConnector-repo.maven.apache.org-0-0] INFO  o.e.m.c.i.e.AbstractTransferListenerAdapter - Downloading https://repo.maven.apache.org/maven2/commons-collections/commons-collections/3.2.2/commons-collections-3.2.2.jar
2025-07-17 17:28:09,691 [BasicRepositoryConnector-repo.maven.apache.org-0-4] INFO  o.e.m.c.i.e.AbstractTransferListenerAdapter - Downloading https://repo.maven.apache.org/maven2/com/fasterxml/jackson/dataformat/jackson-dataformat-yaml/2.19.1/jackson-dataformat-yaml-2.19.1.jar
2025-07-17 17:28:09,789 [BasicRepositoryConnector-repo.maven.apache.org-0-4] INFO  o.e.m.c.i.e.AbstractTransferListenerAdapter - Downloaded https://repo.maven.apache.org/maven2/com/fasterxml/jackson/dataformat/jackson-dataformat-yaml/2.19.1/jackson-dataformat-yaml-2.19.1.jar
2025-07-17 17:28:09,796 [BasicRepositoryConnector-repo.maven.apache.org-0-0] INFO  o.e.m.c.i.e.AbstractTransferListenerAdapter - Downloaded https://repo.maven.apache.org/maven2/commons-collections/commons-collections/3.2.2/commons-collections-3.2.2.jar
2025-07-17 17:28:09,846 [BasicRepositoryConnector-repo.maven.apache.org-0-4] INFO  o.e.m.c.i.e.AbstractTransferListenerAdapter - Downloading https://repo.maven.apache.org/maven2/net/javacrumbs/json-unit/json-unit-assertj/2.38.0/json-unit-assertj-2.38.0.jar
2025-07-17 17:28:09,850 [BasicRepositoryConnector-repo.maven.apache.org-0-0] INFO  o.e.m.c.i.e.AbstractTransferListenerAdapter - Downloading https://repo.maven.apache.org/maven2/net/javacrumbs/json-unit/json-unit-core/2.38.0/json-unit-core-2.38.0.jar
2025-07-17 17:28:09,850 [BasicRepositoryConnector-repo.maven.apache.org-0-3] INFO  o.e.m.c.i.e.AbstractTransferListenerAdapter - Downloaded https://repo.maven.apache.org/maven2/commons-beanutils/commons-beanutils/1.9.4/commons-beanutils-1.9.4.jar
2025-07-17 17:28:09,892 [BasicRepositoryConnector-repo.maven.apache.org-0-4] INFO  o.e.m.c.i.e.AbstractTransferListenerAdapter - Downloaded https://repo.maven.apache.org/maven2/net/javacrumbs/json-unit/json-unit-assertj/2.38.0/json-unit-assertj-2.38.0.jar
2025-07-17 17:28:09,903 [BasicRepositoryConnector-repo.maven.apache.org-0-3] INFO  o.e.m.c.i.e.AbstractTransferListenerAdapter - Downloading https://repo.maven.apache.org/maven2/org/hamcrest/hamcrest-core/3.0/hamcrest-core-3.0.jar
2025-07-17 17:28:09,935 [BasicRepositoryConnector-repo.maven.apache.org-0-4] INFO  o.e.m.c.i.e.AbstractTransferListenerAdapter - Downloading https://repo.maven.apache.org/maven2/net/javacrumbs/json-unit/json-unit-json-path/2.38.0/json-unit-json-path-2.38.0.jar
2025-07-17 17:28:09,942 [BasicRepositoryConnector-repo.maven.apache.org-0-3] INFO  o.e.m.c.i.e.AbstractTransferListenerAdapter - Downloaded https://repo.maven.apache.org/maven2/org/hamcrest/hamcrest-core/3.0/hamcrest-core-3.0.jar
2025-07-17 17:28:09,951 [BasicRepositoryConnector-repo.maven.apache.org-0-4] INFO  o.e.m.c.i.e.AbstractTransferListenerAdapter - Downloaded https://repo.maven.apache.org/maven2/net/javacrumbs/json-unit/json-unit-json-path/2.38.0/json-unit-json-path-2.38.0.jar
2025-07-17 17:28:09,981 [BasicRepositoryConnector-repo.maven.apache.org-0-3] INFO  o.e.m.c.i.e.AbstractTransferListenerAdapter - Downloading https://repo.maven.apache.org/maven2/org/springframework/cloud/spring-cloud-contract-shade/4.3.0/spring-cloud-contract-shade-4.3.0.jar
2025-07-17 17:28:09,995 [BasicRepositoryConnector-repo.maven.apache.org-0-4] INFO  o.e.m.c.i.e.AbstractTransferListenerAdapter - Downloading https://repo.maven.apache.org/maven2/org/springframework/cloud/spring-cloud-contract-converters/4.3.0/spring-cloud-contract-converters-4.3.0.jar
2025-07-17 17:28:10,025 [BasicRepositoryConnector-repo.maven.apache.org-0-0] INFO  o.e.m.c.i.e.AbstractTransferListenerAdapter - Downloaded https://repo.maven.apache.org/maven2/net/javacrumbs/json-unit/json-unit-core/2.38.0/json-unit-core-2.38.0.jar
2025-07-17 17:28:10,046 [BasicRepositoryConnector-repo.maven.apache.org-0-4] INFO  o.e.m.c.i.e.AbstractTransferListenerAdapter - Downloaded https://repo.maven.apache.org/maven2/org/springframework/cloud/spring-cloud-contract-converters/4.3.0/spring-cloud-contract-converters-4.3.0.jar
2025-07-17 17:28:10,078 [BasicRepositoryConnector-repo.maven.apache.org-0-0] INFO  o.e.m.c.i.e.AbstractTransferListenerAdapter - Downloading https://repo.maven.apache.org/maven2/org/springframework/cloud/spring-cloud-contract-spec/4.3.0/spring-cloud-contract-spec-4.3.0.jar
2025-07-17 17:28:10,100 [BasicRepositoryConnector-repo.maven.apache.org-0-4] INFO  o.e.m.c.i.e.AbstractTransferListenerAdapter - Downloading https://repo.maven.apache.org/maven2/org/springframework/cloud/spring-cloud-contract-spec-java/4.3.0/spring-cloud-contract-spec-java-4.3.0.jar
2025-07-17 17:28:10,103 [BasicRepositoryConnector-repo.maven.apache.org-0-0] INFO  o.e.m.c.i.e.AbstractTransferListenerAdapter - Downloaded https://repo.maven.apache.org/maven2/org/springframework/cloud/spring-cloud-contract-spec/4.3.0/spring-cloud-contract-spec-4.3.0.jar
2025-07-17 17:28:10,177 [BasicRepositoryConnector-repo.maven.apache.org-0-0] INFO  o.e.m.c.i.e.AbstractTransferListenerAdapter - Downloading https://repo.maven.apache.org/maven2/dk/brics/automaton/1.12-4/automaton-1.12-4.jar
2025-07-17 17:28:10,238 [BasicRepositoryConnector-repo.maven.apache.org-0-4] INFO  o.e.m.c.i.e.AbstractTransferListenerAdapter - Downloaded https://repo.maven.apache.org/maven2/org/springframework/cloud/spring-cloud-contract-spec-java/4.3.0/spring-cloud-contract-spec-java-4.3.0.jar
2025-07-17 17:28:10,264 [BasicRepositoryConnector-repo.maven.apache.org-0-2] INFO  o.e.m.c.i.e.AbstractTransferListenerAdapter - Downloaded https://repo.maven.apache.org/maven2/com/ibm/icu/icu4j/4.6/icu4j-4.6.jar
2025-07-17 17:28:10,264 [BasicRepositoryConnector-repo.maven.apache.org-0-4] INFO  o.e.m.c.i.e.AbstractTransferListenerAdapter - Downloading https://repo.maven.apache.org/maven2/org/springframework/cloud/spring-cloud-contract-spec-groovy/4.3.0/spring-cloud-contract-spec-groovy-4.3.0.jar
2025-07-17 17:28:10,280 [BasicRepositoryConnector-repo.maven.apache.org-0-4] INFO  o.e.m.c.i.e.AbstractTransferListenerAdapter - Downloaded https://repo.maven.apache.org/maven2/org/springframework/cloud/spring-cloud-contract-spec-groovy/4.3.0/spring-cloud-contract-spec-groovy-4.3.0.jar
2025-07-17 17:28:10,291 [BasicRepositoryConnector-repo.maven.apache.org-0-2] INFO  o.e.m.c.i.e.AbstractTransferListenerAdapter - Downloading https://repo.maven.apache.org/maven2/org/eclipse/jgit/org.eclipse.jgit/6.10.1.202505221210-r/org.eclipse.jgit-6.10.1.202505221210-r.jar
2025-07-17 17:28:10,326 [BasicRepositoryConnector-repo.maven.apache.org-0-4] INFO  o.e.m.c.i.e.AbstractTransferListenerAdapter - Downloading https://repo.maven.apache.org/maven2/com/googlecode/javaewah/JavaEWAH/1.2.3/JavaEWAH-1.2.3.jar
2025-07-17 17:28:10,416 [BasicRepositoryConnector-repo.maven.apache.org-0-0] INFO  o.e.m.c.i.e.AbstractTransferListenerAdapter - Downloaded https://repo.maven.apache.org/maven2/dk/brics/automaton/1.12-4/automaton-1.12-4.jar
2025-07-17 17:28:10,454 [BasicRepositoryConnector-repo.maven.apache.org-0-4] INFO  o.e.m.c.i.e.AbstractTransferListenerAdapter - Downloaded https://repo.maven.apache.org/maven2/com/googlecode/javaewah/JavaEWAH/1.2.3/JavaEWAH-1.2.3.jar
2025-07-17 17:28:10,471 [BasicRepositoryConnector-repo.maven.apache.org-0-0] INFO  o.e.m.c.i.e.AbstractTransferListenerAdapter - Downloading https://repo.maven.apache.org/maven2/org/eclipse/jgit/org.eclipse.jgit.ssh.jsch/6.7.0.202309050840-r/org.eclipse.jgit.ssh.jsch-6.7.0.202309050840-r.jar
2025-07-17 17:28:10,512 [BasicRepositoryConnector-repo.maven.apache.org-0-0] INFO  o.e.m.c.i.e.AbstractTransferListenerAdapter - Downloaded https://repo.maven.apache.org/maven2/org/eclipse/jgit/org.eclipse.jgit.ssh.jsch/6.7.0.202309050840-r/org.eclipse.jgit.ssh.jsch-6.7.0.202309050840-r.jar
2025-07-17 17:28:10,531 [BasicRepositoryConnector-repo.maven.apache.org-0-4] INFO  o.e.m.c.i.e.AbstractTransferListenerAdapter - Downloading https://repo.maven.apache.org/maven2/com/jcraft/jsch/0.1.55/jsch-0.1.55.jar
2025-07-17 17:28:10,600 [BasicRepositoryConnector-repo.maven.apache.org-0-0] INFO  o.e.m.c.i.e.AbstractTransferListenerAdapter - Downloading https://repo.maven.apache.org/maven2/com/jcraft/jzlib/1.1.3/jzlib-1.1.3.jar
2025-07-17 17:28:10,702 [BasicRepositoryConnector-repo.maven.apache.org-0-0] INFO  o.e.m.c.i.e.AbstractTransferListenerAdapter - Downloaded https://repo.maven.apache.org/maven2/com/jcraft/jzlib/1.1.3/jzlib-1.1.3.jar
2025-07-17 17:28:10,777 [BasicRepositoryConnector-repo.maven.apache.org-0-0] INFO  o.e.m.c.i.e.AbstractTransferListenerAdapter - Downloading https://repo.maven.apache.org/maven2/com/jcraft/jsch.agentproxy.sshagent/0.0.9/jsch.agentproxy.sshagent-0.0.9.jar
2025-07-17 17:28:10,850 [BasicRepositoryConnector-repo.maven.apache.org-0-0] INFO  o.e.m.c.i.e.AbstractTransferListenerAdapter - Downloaded https://repo.maven.apache.org/maven2/com/jcraft/jsch.agentproxy.sshagent/0.0.9/jsch.agentproxy.sshagent-0.0.9.jar
2025-07-17 17:28:10,865 [BasicRepositoryConnector-repo.maven.apache.org-0-4] INFO  o.e.m.c.i.e.AbstractTransferListenerAdapter - Downloaded https://repo.maven.apache.org/maven2/com/jcraft/jsch/0.1.55/jsch-0.1.55.jar
2025-07-17 17:28:10,930 [BasicRepositoryConnector-repo.maven.apache.org-0-0] INFO  o.e.m.c.i.e.AbstractTransferListenerAdapter - Downloading https://repo.maven.apache.org/maven2/com/jcraft/jsch.agentproxy.core/0.0.9/jsch.agentproxy.core-0.0.9.jar
2025-07-17 17:28:10,945 [BasicRepositoryConnector-repo.maven.apache.org-0-4] INFO  o.e.m.c.i.e.AbstractTransferListenerAdapter - Downloading https://repo.maven.apache.org/maven2/com/jcraft/jsch.agentproxy.jsch/0.0.9/jsch.agentproxy.jsch-0.0.9.jar
2025-07-17 17:28:10,965 [BasicRepositoryConnector-repo.maven.apache.org-0-0] INFO  o.e.m.c.i.e.AbstractTransferListenerAdapter - Downloaded https://repo.maven.apache.org/maven2/com/jcraft/jsch.agentproxy.core/0.0.9/jsch.agentproxy.core-0.0.9.jar
2025-07-17 17:28:10,993 [BasicRepositoryConnector-repo.maven.apache.org-0-4] INFO  o.e.m.c.i.e.AbstractTransferListenerAdapter - Downloaded https://repo.maven.apache.org/maven2/com/jcraft/jsch.agentproxy.jsch/0.0.9/jsch.agentproxy.jsch-0.0.9.jar
2025-07-17 17:28:11,020 [BasicRepositoryConnector-repo.maven.apache.org-0-2] INFO  o.e.m.c.i.e.AbstractTransferListenerAdapter - Downloaded https://repo.maven.apache.org/maven2/org/eclipse/jgit/org.eclipse.jgit/6.10.1.202505221210-r/org.eclipse.jgit-6.10.1.202505221210-r.jar
2025-07-17 17:28:11,027 [BasicRepositoryConnector-repo.maven.apache.org-0-0] INFO  o.e.m.c.i.e.AbstractTransferListenerAdapter - Downloading https://repo.maven.apache.org/maven2/com/jcraft/jsch.agentproxy.usocket-jna/0.0.9/jsch.agentproxy.usocket-jna-0.0.9.jar
2025-07-17 17:28:11,040 [BasicRepositoryConnector-repo.maven.apache.org-0-4] INFO  o.e.m.c.i.e.AbstractTransferListenerAdapter - Downloading https://repo.maven.apache.org/maven2/net/java/dev/jna/jna/4.1.0/jna-4.1.0.jar
2025-07-17 17:28:11,047 [BasicRepositoryConnector-repo.maven.apache.org-0-0] INFO  o.e.m.c.i.e.AbstractTransferListenerAdapter - Downloaded https://repo.maven.apache.org/maven2/com/jcraft/jsch.agentproxy.usocket-jna/0.0.9/jsch.agentproxy.usocket-jna-0.0.9.jar
2025-07-17 17:28:11,080 [BasicRepositoryConnector-repo.maven.apache.org-0-2] INFO  o.e.m.c.i.e.AbstractTransferListenerAdapter - Downloading https://repo.maven.apache.org/maven2/net/java/dev/jna/jna-platform/4.1.0/jna-platform-4.1.0.jar
2025-07-17 17:28:11,167 [BasicRepositoryConnector-repo.maven.apache.org-0-0] INFO  o.e.m.c.i.e.AbstractTransferListenerAdapter - Downloading https://repo.maven.apache.org/maven2/org/springframework/cloud/spring-cloud-contract-wiremock/4.3.0/spring-cloud-contract-wiremock-4.3.0.jar
2025-07-17 17:28:11,330 [BasicRepositoryConnector-repo.maven.apache.org-0-4] INFO  o.e.m.c.i.e.AbstractTransferListenerAdapter - Downloaded https://repo.maven.apache.org/maven2/net/java/dev/jna/jna/4.1.0/jna-4.1.0.jar
2025-07-17 17:28:11,371 [BasicRepositoryConnector-repo.maven.apache.org-0-0] INFO  o.e.m.c.i.e.AbstractTransferListenerAdapter - Downloaded https://repo.maven.apache.org/maven2/org/springframework/cloud/spring-cloud-contract-wiremock/4.3.0/spring-cloud-contract-wiremock-4.3.0.jar
2025-07-17 17:28:11,377 [BasicRepositoryConnector-repo.maven.apache.org-0-4] INFO  o.e.m.c.i.e.AbstractTransferListenerAdapter - Downloading https://repo.maven.apache.org/maven2/com/github/tomakehurst/wiremock-jre8-standalone/2.35.1/wiremock-jre8-standalone-2.35.1.jar
2025-07-17 17:28:11,436 [BasicRepositoryConnector-repo.maven.apache.org-0-0] INFO  o.e.m.c.i.e.AbstractTransferListenerAdapter - Downloading https://repo.maven.apache.org/maven2/org/springframework/cloud/spring-cloud-test-support/4.3.0/spring-cloud-test-support-4.3.0.jar
2025-07-17 17:28:11,496 [BasicRepositoryConnector-repo.maven.apache.org-0-0] INFO  o.e.m.c.i.e.AbstractTransferListenerAdapter - Downloaded https://repo.maven.apache.org/maven2/org/springframework/cloud/spring-cloud-test-support/4.3.0/spring-cloud-test-support-4.3.0.jar
2025-07-17 17:28:11,545 [BasicRepositoryConnector-repo.maven.apache.org-0-0] INFO  o.e.m.c.i.e.AbstractTransferListenerAdapter - Downloading https://repo.maven.apache.org/maven2/org/apache/maven/resolver/maven-resolver-connector-basic/1.9.22/maven-resolver-connector-basic-1.9.22.jar
2025-07-17 17:28:11,617 [BasicRepositoryConnector-repo.maven.apache.org-0-0] INFO  o.e.m.c.i.e.AbstractTransferListenerAdapter - Downloaded https://repo.maven.apache.org/maven2/org/apache/maven/resolver/maven-resolver-connector-basic/1.9.22/maven-resolver-connector-basic-1.9.22.jar
2025-07-17 17:28:11,628 [BasicRepositoryConnector-repo.maven.apache.org-0-2] INFO  o.e.m.c.i.e.AbstractTransferListenerAdapter - Downloaded https://repo.maven.apache.org/maven2/net/java/dev/jna/jna-platform/4.1.0/jna-platform-4.1.0.jar
2025-07-17 17:28:11,644 [BasicRepositoryConnector-repo.maven.apache.org-0-0] INFO  o.e.m.c.i.e.AbstractTransferListenerAdapter - Downloading https://repo.maven.apache.org/maven2/org/apache/maven/resolver/maven-resolver-spi/1.9.22/maven-resolver-spi-1.9.22.jar
2025-07-17 17:28:11,676 [BasicRepositoryConnector-repo.maven.apache.org-0-2] INFO  o.e.m.c.i.e.AbstractTransferListenerAdapter - Downloading https://repo.maven.apache.org/maven2/org/apache/maven/resolver/maven-resolver-util/1.9.22/maven-resolver-util-1.9.22.jar
2025-07-17 17:28:11,699 [BasicRepositoryConnector-repo.maven.apache.org-0-0] INFO  o.e.m.c.i.e.AbstractTransferListenerAdapter - Downloaded https://repo.maven.apache.org/maven2/org/apache/maven/resolver/maven-resolver-spi/1.9.22/maven-resolver-spi-1.9.22.jar
2025-07-17 17:28:11,741 [BasicRepositoryConnector-repo.maven.apache.org-0-0] INFO  o.e.m.c.i.e.AbstractTransferListenerAdapter - Downloading https://repo.maven.apache.org/maven2/org/apache/maven/resolver/maven-resolver-impl/1.9.22/maven-resolver-impl-1.9.22.jar
2025-07-17 17:28:11,742 [BasicRepositoryConnector-repo.maven.apache.org-0-3] INFO  o.e.m.c.i.e.AbstractTransferListenerAdapter - Downloaded https://repo.maven.apache.org/maven2/org/springframework/cloud/spring-cloud-contract-shade/4.3.0/spring-cloud-contract-shade-4.3.0.jar
2025-07-17 17:28:11,771 [BasicRepositoryConnector-repo.maven.apache.org-0-3] INFO  o.e.m.c.i.e.AbstractTransferListenerAdapter - Downloading https://repo.maven.apache.org/maven2/org/apache/maven/resolver/maven-resolver-named-locks/1.9.22/maven-resolver-named-locks-1.9.22.jar
2025-07-17 17:28:11,838 [BasicRepositoryConnector-repo.maven.apache.org-0-3] INFO  o.e.m.c.i.e.AbstractTransferListenerAdapter - Downloaded https://repo.maven.apache.org/maven2/org/apache/maven/resolver/maven-resolver-named-locks/1.9.22/maven-resolver-named-locks-1.9.22.jar
2025-07-17 17:28:11,864 [BasicRepositoryConnector-repo.maven.apache.org-0-3] INFO  o.e.m.c.i.e.AbstractTransferListenerAdapter - Downloading https://repo.maven.apache.org/maven2/org/apache/maven/maven-resolver-provider/3.9.9/maven-resolver-provider-3.9.9.jar
2025-07-17 17:28:11,921 [BasicRepositoryConnector-repo.maven.apache.org-0-2] INFO  o.e.m.c.i.e.AbstractTransferListenerAdapter - Downloaded https://repo.maven.apache.org/maven2/org/apache/maven/resolver/maven-resolver-util/1.9.22/maven-resolver-util-1.9.22.jar
2025-07-17 17:28:11,994 [BasicRepositoryConnector-repo.maven.apache.org-0-2] INFO  o.e.m.c.i.e.AbstractTransferListenerAdapter - Downloading https://repo.maven.apache.org/maven2/org/apache/maven/maven-model/3.9.9/maven-model-3.9.9.jar
2025-07-17 17:28:11,997 [BasicRepositoryConnector-repo.maven.apache.org-0-3] INFO  o.e.m.c.i.e.AbstractTransferListenerAdapter - Downloaded https://repo.maven.apache.org/maven2/org/apache/maven/maven-resolver-provider/3.9.9/maven-resolver-provider-3.9.9.jar
2025-07-17 17:28:12,024 [BasicRepositoryConnector-repo.maven.apache.org-0-3] INFO  o.e.m.c.i.e.AbstractTransferListenerAdapter - Downloading https://repo.maven.apache.org/maven2/org/apache/maven/maven-model-builder/3.9.9/maven-model-builder-3.9.9.jar
2025-07-17 17:28:12,149 [BasicRepositoryConnector-repo.maven.apache.org-0-2] INFO  o.e.m.c.i.e.AbstractTransferListenerAdapter - Downloaded https://repo.maven.apache.org/maven2/org/apache/maven/maven-model/3.9.9/maven-model-3.9.9.jar
2025-07-17 17:28:12,169 [BasicRepositoryConnector-repo.maven.apache.org-0-2] INFO  o.e.m.c.i.e.AbstractTransferListenerAdapter - Downloading https://repo.maven.apache.org/maven2/org/apache/maven/maven-artifact/3.9.9/maven-artifact-3.9.9.jar
2025-07-17 17:28:12,218 [BasicRepositoryConnector-repo.maven.apache.org-0-3] INFO  o.e.m.c.i.e.AbstractTransferListenerAdapter - Downloaded https://repo.maven.apache.org/maven2/org/apache/maven/maven-model-builder/3.9.9/maven-model-builder-3.9.9.jar
2025-07-17 17:28:12,243 [BasicRepositoryConnector-repo.maven.apache.org-0-3] INFO  o.e.m.c.i.e.AbstractTransferListenerAdapter - Downloading https://repo.maven.apache.org/maven2/org/apache/maven/maven-builder-support/3.9.9/maven-builder-support-3.9.9.jar
2025-07-17 17:28:12,255 [BasicRepositoryConnector-repo.maven.apache.org-0-2] INFO  o.e.m.c.i.e.AbstractTransferListenerAdapter - Downloaded https://repo.maven.apache.org/maven2/org/apache/maven/maven-artifact/3.9.9/maven-artifact-3.9.9.jar
2025-07-17 17:28:12,279 [BasicRepositoryConnector-repo.maven.apache.org-0-2] INFO  o.e.m.c.i.e.AbstractTransferListenerAdapter - Downloading https://repo.maven.apache.org/maven2/org/apache/maven/maven-repository-metadata/3.9.9/maven-repository-metadata-3.9.9.jar
2025-07-17 17:28:12,293 [BasicRepositoryConnector-repo.maven.apache.org-0-3] INFO  o.e.m.c.i.e.AbstractTransferListenerAdapter - Downloaded https://repo.maven.apache.org/maven2/org/apache/maven/maven-builder-support/3.9.9/maven-builder-support-3.9.9.jar
2025-07-17 17:28:12,317 [BasicRepositoryConnector-repo.maven.apache.org-0-3] INFO  o.e.m.c.i.e.AbstractTransferListenerAdapter - Downloading https://repo.maven.apache.org/maven2/org/apache/maven/resolver/maven-resolver-transport-http/1.9.22/maven-resolver-transport-http-1.9.22.jar
2025-07-17 17:28:12,332 [BasicRepositoryConnector-repo.maven.apache.org-0-0] INFO  o.e.m.c.i.e.AbstractTransferListenerAdapter - Downloaded https://repo.maven.apache.org/maven2/org/apache/maven/resolver/maven-resolver-impl/1.9.22/maven-resolver-impl-1.9.22.jar
2025-07-17 17:28:12,332 [BasicRepositoryConnector-repo.maven.apache.org-0-2] INFO  o.e.m.c.i.e.AbstractTransferListenerAdapter - Downloaded https://repo.maven.apache.org/maven2/org/apache/maven/maven-repository-metadata/3.9.9/maven-repository-metadata-3.9.9.jar
2025-07-17 17:28:12,356 [BasicRepositoryConnector-repo.maven.apache.org-0-2] INFO  o.e.m.c.i.e.AbstractTransferListenerAdapter - Downloading https://repo.maven.apache.org/maven2/org/apache/maven/resolver/maven-resolver-api/1.9.18/maven-resolver-api-1.9.18.jar
2025-07-17 17:28:12,356 [BasicRepositoryConnector-repo.maven.apache.org-0-0] INFO  o.e.m.c.i.e.AbstractTransferListenerAdapter - Downloading https://repo.maven.apache.org/maven2/org/apache/httpcomponents/httpclient/4.5.14/httpclient-4.5.14.jar
2025-07-17 17:28:12,404 [BasicRepositoryConnector-repo.maven.apache.org-0-3] INFO  o.e.m.c.i.e.AbstractTransferListenerAdapter - Downloaded https://repo.maven.apache.org/maven2/org/apache/maven/resolver/maven-resolver-transport-http/1.9.22/maven-resolver-transport-http-1.9.22.jar
2025-07-17 17:28:12,426 [BasicRepositoryConnector-repo.maven.apache.org-0-3] INFO  o.e.m.c.i.e.AbstractTransferListenerAdapter - Downloading https://repo.maven.apache.org/maven2/org/sonatype/sisu/sisu-inject-plexus/2.6.0/sisu-inject-plexus-2.6.0.jar
2025-07-17 17:28:12,477 [BasicRepositoryConnector-repo.maven.apache.org-0-3] INFO  o.e.m.c.i.e.AbstractTransferListenerAdapter - Downloaded https://repo.maven.apache.org/maven2/org/sonatype/sisu/sisu-inject-plexus/2.6.0/sisu-inject-plexus-2.6.0.jar
2025-07-17 17:28:12,509 [BasicRepositoryConnector-repo.maven.apache.org-0-3] INFO  o.e.m.c.i.e.AbstractTransferListenerAdapter - Downloading https://repo.maven.apache.org/maven2/org/codehaus/plexus/plexus-component-annotations/1.5.5/plexus-component-annotations-1.5.5.jar
2025-07-17 17:28:12,529 [BasicRepositoryConnector-repo.maven.apache.org-0-3] INFO  o.e.m.c.i.e.AbstractTransferListenerAdapter - Downloaded https://repo.maven.apache.org/maven2/org/codehaus/plexus/plexus-component-annotations/1.5.5/plexus-component-annotations-1.5.5.jar
2025-07-17 17:28:12,557 [BasicRepositoryConnector-repo.maven.apache.org-0-3] INFO  o.e.m.c.i.e.AbstractTransferListenerAdapter - Downloading https://repo.maven.apache.org/maven2/org/codehaus/plexus/plexus-classworlds/2.5.2/plexus-classworlds-2.5.2.jar
2025-07-17 17:28:12,571 [BasicRepositoryConnector-repo.maven.apache.org-0-0] INFO  o.e.m.c.i.e.AbstractTransferListenerAdapter - Downloaded https://repo.maven.apache.org/maven2/org/apache/httpcomponents/httpclient/4.5.14/httpclient-4.5.14.jar
2025-07-17 17:28:12,587 [BasicRepositoryConnector-repo.maven.apache.org-0-2] INFO  o.e.m.c.i.e.AbstractTransferListenerAdapter - Downloaded https://repo.maven.apache.org/maven2/org/apache/maven/resolver/maven-resolver-api/1.9.18/maven-resolver-api-1.9.18.jar
2025-07-17 17:28:12,597 [BasicRepositoryConnector-repo.maven.apache.org-0-0] INFO  o.e.m.c.i.e.AbstractTransferListenerAdapter - Downloading https://repo.maven.apache.org/maven2/org/codehaus/plexus/plexus-utils/3.0.18/plexus-utils-3.0.18.jar
2025-07-17 17:28:12,618 [BasicRepositoryConnector-repo.maven.apache.org-0-2] INFO  o.e.m.c.i.e.AbstractTransferListenerAdapter - Downloading https://repo.maven.apache.org/maven2/org/sonatype/sisu/sisu-inject-bean/2.6.0/sisu-inject-bean-2.6.0.jar
2025-07-17 17:28:12,619 [BasicRepositoryConnector-repo.maven.apache.org-0-3] INFO  o.e.m.c.i.e.AbstractTransferListenerAdapter - Downloaded https://repo.maven.apache.org/maven2/org/codehaus/plexus/plexus-classworlds/2.5.2/plexus-classworlds-2.5.2.jar
2025-07-17 17:28:12,637 [BasicRepositoryConnector-repo.maven.apache.org-0-1] INFO  o.e.m.c.i.e.AbstractTransferListenerAdapter - Downloaded https://repo.maven.apache.org/maven2/org/apache/groovy/groovy/4.0.27/groovy-4.0.27.jar
2025-07-17 17:28:12,646 [BasicRepositoryConnector-repo.maven.apache.org-0-3] INFO  o.e.m.c.i.e.AbstractTransferListenerAdapter - Downloading https://repo.maven.apache.org/maven2/org/sonatype/sisu/sisu-guice/3.2.5/sisu-guice-3.2.5-no_aop.jar
2025-07-17 17:28:12,733 [BasicRepositoryConnector-repo.maven.apache.org-0-1] INFO  o.e.m.c.i.e.AbstractTransferListenerAdapter - Downloading https://repo.maven.apache.org/maven2/com/google/guava/guava/16.0.1/guava-16.0.1.jar
2025-07-17 17:28:12,791 [BasicRepositoryConnector-repo.maven.apache.org-0-2] INFO  o.e.m.c.i.e.AbstractTransferListenerAdapter - Downloaded https://repo.maven.apache.org/maven2/org/sonatype/sisu/sisu-inject-bean/2.6.0/sisu-inject-bean-2.6.0.jar
2025-07-17 17:28:12,820 [BasicRepositoryConnector-repo.maven.apache.org-0-2] INFO  o.e.m.c.i.e.AbstractTransferListenerAdapter - Downloading https://repo.maven.apache.org/maven2/org/eclipse/sisu/org.eclipse.sisu.inject/0.3.0/org.eclipse.sisu.inject-0.3.0.jar
2025-07-17 17:28:12,822 [BasicRepositoryConnector-repo.maven.apache.org-0-0] INFO  o.e.m.c.i.e.AbstractTransferListenerAdapter - Downloaded https://repo.maven.apache.org/maven2/org/codehaus/plexus/plexus-utils/3.0.18/plexus-utils-3.0.18.jar
2025-07-17 17:28:12,851 [BasicRepositoryConnector-repo.maven.apache.org-0-0] INFO  o.e.m.c.i.e.AbstractTransferListenerAdapter - Downloading https://repo.maven.apache.org/maven2/org/eclipse/sisu/org.eclipse.sisu.plexus/0.3.0/org.eclipse.sisu.plexus-0.3.0.jar
2025-07-17 17:28:13,136 [BasicRepositoryConnector-repo.maven.apache.org-0-0] INFO  o.e.m.c.i.e.AbstractTransferListenerAdapter - Downloaded https://repo.maven.apache.org/maven2/org/eclipse/sisu/org.eclipse.sisu.plexus/0.3.0/org.eclipse.sisu.plexus-0.3.0.jar
2025-07-17 17:28:13,197 [BasicRepositoryConnector-repo.maven.apache.org-0-2] INFO  o.e.m.c.i.e.AbstractTransferListenerAdapter - Downloaded https://repo.maven.apache.org/maven2/org/eclipse/sisu/org.eclipse.sisu.inject/0.3.0/org.eclipse.sisu.inject-0.3.0.jar
2025-07-17 17:28:13,198 [BasicRepositoryConnector-repo.maven.apache.org-0-1] INFO  o.e.m.c.i.e.AbstractTransferListenerAdapter - Downloaded https://repo.maven.apache.org/maven2/com/google/guava/guava/16.0.1/guava-16.0.1.jar
2025-07-17 17:28:13,552 [BasicRepositoryConnector-repo.maven.apache.org-0-3] INFO  o.e.m.c.i.e.AbstractTransferListenerAdapter - Downloaded https://repo.maven.apache.org/maven2/org/sonatype/sisu/sisu-guice/3.2.5/sisu-guice-3.2.5-no_aop.jar
2025-07-17 17:28:14,533 [BasicRepositoryConnector-repo.maven.apache.org-0-4] INFO  o.e.m.c.i.e.AbstractTransferListenerAdapter - Downloaded https://repo.maven.apache.org/maven2/com/github/tomakehurst/wiremock-jre8-standalone/2.35.1/wiremock-jre8-standalone-2.35.1.jar
2025-07-17 17:28:16,158 [Worker-4: Building] INFO  o.e.m.c.i.l.LifecycleMappingFactory - Using org.eclipse.m2e.jdt.JarLifecycleMapping lifecycle mapping for MavenProject: com.cps:AdminMicroservice:0.0.1-SNAPSHOT @ C:\Projects\Microservices\AdminMicroservice\pom.xml.
2025-07-17 17:28:17,520 [Worker-4: Building] INFO  o.e.m.c.i.l.LifecycleMappingFactory - Using org.eclipse.m2e.jdt.JarLifecycleMapping lifecycle mapping for MavenProject: com.cps:customerclaims:0.0.1-SNAPSHOT @ C:\Projects\Microservices\CustomerClaimsMicroservice\pom.xml.
2025-07-17 17:28:18,424 [Worker-4: Building] INFO  o.e.m.c.i.l.LifecycleMappingFactory - Using org.eclipse.m2e.jdt.JarLifecycleMapping lifecycle mapping for MavenProject: com.cps:customerclaimsqueries:0.0.1-SNAPSHOT @ C:\Projects\Microservices\CustomerClaimsQueriesMicroservice\pom.xml.
2025-07-17 17:28:19,582 [Worker-4: Building] INFO  o.e.m.c.i.l.LifecycleMappingFactory - Using org.eclipse.m2e.jdt.JarLifecycleMapping lifecycle mapping for MavenProject: com.cps:HospitalClaimsMicroservice:0.0.1-SNAPSHOT @ C:\Projects\Microservices\HospitalClaimsMicroservice\pom.xml.
2025-07-17 17:28:20,547 [Worker-4: Building] INFO  o.e.m.c.i.l.LifecycleMappingFactory - Using org.eclipse.m2e.jdt.JarLifecycleMapping lifecycle mapping for MavenProject: com.cps:HospitalClaimsQueriesMicroservice:0.0.1-SNAPSHOT @ C:\Projects\Microservices\HospitalClaimsQueriesMicroservice\pom.xml.
2025-07-17 17:28:21,557 [Worker-4: Building] INFO  o.e.m.c.i.l.LifecycleMappingFactory - Using org.eclipse.m2e.jdt.JarLifecycleMapping lifecycle mapping for MavenProject: com.cps:inusrermanageusers:0.0.1-SNAPSHOT @ C:\Projects\Microservices\InusrerManageUsersMicroservice\pom.xml.
2025-07-17 17:28:22,416 [Worker-4: Building] INFO  o.e.m.c.i.l.LifecycleMappingFactory - Using org.eclipse.m2e.jdt.JarLifecycleMapping lifecycle mapping for MavenProject: com.cps:LoginMicroservice:0.0.1-SNAPSHOT @ C:\Projects\Microservices\LoginMicroservice\pom.xml.
2025-07-17 17:28:23,265 [Worker-4: Building] INFO  o.e.m.c.i.l.LifecycleMappingFactory - Using org.eclipse.m2e.jdt.JarLifecycleMapping lifecycle mapping for MavenProject: com.cps:VerifierMicroservice:0.0.1-SNAPSHOT @ C:\Projects\Microservices\VerifierMicroservice\pom.xml.
2025-07-17 17:28:25,555 [Worker-28: Download sources and javadoc] INFO  o.e.m.c.i.e.AbstractTransferListenerAdapter - Downloading https://repo.maven.apache.org/maven2/org/springframework/cloud/spring-cloud-starter-circuitbreaker-reactor-resilience4j/3.3.0/spring-cloud-starter-circuitbreaker-reactor-resilience4j-3.3.0-sources.jar
2025-07-17 17:28:25,571 [Worker-28: Download sources and javadoc] INFO  o.e.m.c.i.e.AbstractTransferListenerAdapter - Downloaded https://repo.maven.apache.org/maven2/org/springframework/cloud/spring-cloud-starter-circuitbreaker-reactor-resilience4j/3.3.0/spring-cloud-starter-circuitbreaker-reactor-resilience4j-3.3.0-sources.jar
2025-07-17 17:28:25,579 [Worker-28: Download sources and javadoc] INFO  o.e.m.j.internal.DownloadSourcesJob - Downloaded sources for org.springframework.cloud:spring-cloud-starter-circuitbreaker-reactor-resilience4j:3.3.0
2025-07-17 17:28:25,678 [Worker-28: Download sources and javadoc] INFO  o.e.m.c.i.e.AbstractTransferListenerAdapter - Downloading https://repo.maven.apache.org/maven2/org/springframework/cloud/spring-cloud-circuitbreaker-resilience4j/3.3.0/spring-cloud-circuitbreaker-resilience4j-3.3.0-sources.jar
2025-07-17 17:28:25,713 [Worker-28: Download sources and javadoc] INFO  o.e.m.c.i.e.AbstractTransferListenerAdapter - Downloaded https://repo.maven.apache.org/maven2/org/springframework/cloud/spring-cloud-circuitbreaker-resilience4j/3.3.0/spring-cloud-circuitbreaker-resilience4j-3.3.0-sources.jar
2025-07-17 17:28:25,721 [Worker-28: Download sources and javadoc] INFO  o.e.m.j.internal.DownloadSourcesJob - Downloaded sources for org.springframework.cloud:spring-cloud-circuitbreaker-resilience4j:3.3.0
2025-07-17 17:28:25,796 [Worker-28: Download sources and javadoc] INFO  o.e.m.c.i.e.AbstractTransferListenerAdapter - Downloading https://repo.maven.apache.org/maven2/io/github/resilience4j/resilience4j-spring-boot3/2.2.0/resilience4j-spring-boot3-2.2.0-sources.jar
2025-07-17 17:28:25,942 [Worker-28: Download sources and javadoc] INFO  o.e.m.c.i.e.AbstractTransferListenerAdapter - Downloaded https://repo.maven.apache.org/maven2/io/github/resilience4j/resilience4j-spring-boot3/2.2.0/resilience4j-spring-boot3-2.2.0-sources.jar
2025-07-17 17:28:25,955 [Worker-28: Download sources and javadoc] INFO  o.e.m.j.internal.DownloadSourcesJob - Downloaded sources for io.github.resilience4j:resilience4j-spring-boot3:2.2.0
2025-07-17 17:28:26,045 [Worker-28: Download sources and javadoc] INFO  o.e.m.c.i.e.AbstractTransferListenerAdapter - Downloading https://repo.maven.apache.org/maven2/io/github/resilience4j/resilience4j-spring6/2.2.0/resilience4j-spring6-2.2.0-sources.jar
2025-07-17 17:28:26,182 [Worker-28: Download sources and javadoc] INFO  o.e.m.c.i.e.AbstractTransferListenerAdapter - Downloaded https://repo.maven.apache.org/maven2/io/github/resilience4j/resilience4j-spring6/2.2.0/resilience4j-spring6-2.2.0-sources.jar
2025-07-17 17:28:26,205 [Worker-28: Download sources and javadoc] INFO  o.e.m.j.internal.DownloadSourcesJob - Downloaded sources for io.github.resilience4j:resilience4j-spring6:2.2.0
2025-07-17 17:28:26,282 [Worker-28: Download sources and javadoc] INFO  o.e.m.c.i.e.AbstractTransferListenerAdapter - Downloading https://repo.maven.apache.org/maven2/io/github/resilience4j/resilience4j-annotations/2.2.0/resilience4j-annotations-2.2.0-sources.jar
2025-07-17 17:28:26,299 [Worker-28: Download sources and javadoc] INFO  o.e.m.c.i.e.AbstractTransferListenerAdapter - Downloaded https://repo.maven.apache.org/maven2/io/github/resilience4j/resilience4j-annotations/2.2.0/resilience4j-annotations-2.2.0-sources.jar
2025-07-17 17:28:26,306 [Worker-28: Download sources and javadoc] INFO  o.e.m.j.internal.DownloadSourcesJob - Downloaded sources for io.github.resilience4j:resilience4j-annotations:2.2.0
2025-07-17 17:28:26,404 [Worker-28: Download sources and javadoc] INFO  o.e.m.c.i.e.AbstractTransferListenerAdapter - Downloading https://repo.maven.apache.org/maven2/io/github/resilience4j/resilience4j-consumer/2.2.0/resilience4j-consumer-2.2.0-sources.jar
2025-07-17 17:28:26,429 [Worker-28: Download sources and javadoc] INFO  o.e.m.c.i.e.AbstractTransferListenerAdapter - Downloaded https://repo.maven.apache.org/maven2/io/github/resilience4j/resilience4j-consumer/2.2.0/resilience4j-consumer-2.2.0-sources.jar
2025-07-17 17:28:26,439 [Worker-28: Download sources and javadoc] INFO  o.e.m.j.internal.DownloadSourcesJob - Downloaded sources for io.github.resilience4j:resilience4j-consumer:2.2.0
2025-07-17 17:28:26,512 [Worker-28: Download sources and javadoc] INFO  o.e.m.c.i.e.AbstractTransferListenerAdapter - Downloading https://repo.maven.apache.org/maven2/io/github/resilience4j/resilience4j-circularbuffer/2.2.0/resilience4j-circularbuffer-2.2.0-sources.jar
2025-07-17 17:28:26,537 [Worker-28: Download sources and javadoc] INFO  o.e.m.c.i.e.AbstractTransferListenerAdapter - Downloaded https://repo.maven.apache.org/maven2/io/github/resilience4j/resilience4j-circularbuffer/2.2.0/resilience4j-circularbuffer-2.2.0-sources.jar
2025-07-17 17:28:26,551 [Worker-28: Download sources and javadoc] INFO  o.e.m.j.internal.DownloadSourcesJob - Downloaded sources for io.github.resilience4j:resilience4j-circularbuffer:2.2.0
2025-07-17 17:28:26,622 [Worker-28: Download sources and javadoc] INFO  o.e.m.c.i.e.AbstractTransferListenerAdapter - Downloading https://repo.maven.apache.org/maven2/io/github/resilience4j/resilience4j-framework-common/2.2.0/resilience4j-framework-common-2.2.0-sources.jar
2025-07-17 17:28:26,756 [Worker-28: Download sources and javadoc] INFO  o.e.m.c.i.e.AbstractTransferListenerAdapter - Downloaded https://repo.maven.apache.org/maven2/io/github/resilience4j/resilience4j-framework-common/2.2.0/resilience4j-framework-common-2.2.0-sources.jar
2025-07-17 17:28:26,771 [Worker-28: Download sources and javadoc] INFO  o.e.m.j.internal.DownloadSourcesJob - Downloaded sources for io.github.resilience4j:resilience4j-framework-common:2.2.0
2025-07-17 17:28:26,881 [Worker-28: Download sources and javadoc] INFO  o.e.m.c.i.e.AbstractTransferListenerAdapter - Downloading https://repo.maven.apache.org/maven2/org/springframework/boot/spring-boot-configuration-processor/3.5.3/spring-boot-configuration-processor-3.5.3-sources.jar
2025-07-17 17:28:27,044 [Worker-28: Download sources and javadoc] INFO  o.e.m.c.i.e.AbstractTransferListenerAdapter - Downloaded https://repo.maven.apache.org/maven2/org/springframework/boot/spring-boot-configuration-processor/3.5.3/spring-boot-configuration-processor-3.5.3-sources.jar
2025-07-17 17:28:27,059 [Worker-28: Download sources and javadoc] INFO  o.e.m.j.internal.DownloadSourcesJob - Downloaded sources for org.springframework.boot:spring-boot-configuration-processor:3.5.3
2025-07-17 17:28:27,147 [Worker-28: Download sources and javadoc] INFO  o.e.m.c.i.e.AbstractTransferListenerAdapter - Downloading https://repo.maven.apache.org/maven2/io/github/resilience4j/resilience4j-circuitbreaker/2.2.0/resilience4j-circuitbreaker-2.2.0-sources.jar
2025-07-17 17:28:27,269 [Worker-28: Download sources and javadoc] INFO  o.e.m.c.i.e.AbstractTransferListenerAdapter - Downloaded https://repo.maven.apache.org/maven2/io/github/resilience4j/resilience4j-circuitbreaker/2.2.0/resilience4j-circuitbreaker-2.2.0-sources.jar
2025-07-17 17:28:27,282 [Worker-28: Download sources and javadoc] INFO  o.e.m.j.internal.DownloadSourcesJob - Downloaded sources for io.github.resilience4j:resilience4j-circuitbreaker:2.2.0
2025-07-17 17:28:27,359 [Worker-28: Download sources and javadoc] INFO  o.e.m.c.i.e.AbstractTransferListenerAdapter - Downloading https://repo.maven.apache.org/maven2/io/github/resilience4j/resilience4j-core/2.2.0/resilience4j-core-2.2.0-sources.jar
2025-07-17 17:28:27,499 [Worker-28: Download sources and javadoc] INFO  o.e.m.c.i.e.AbstractTransferListenerAdapter - Downloaded https://repo.maven.apache.org/maven2/io/github/resilience4j/resilience4j-core/2.2.0/resilience4j-core-2.2.0-sources.jar
2025-07-17 17:28:27,511 [Worker-28: Download sources and javadoc] INFO  o.e.m.j.internal.DownloadSourcesJob - Downloaded sources for io.github.resilience4j:resilience4j-core:2.2.0
2025-07-17 17:28:27,599 [Worker-28: Download sources and javadoc] INFO  o.e.m.c.i.e.AbstractTransferListenerAdapter - Downloading https://repo.maven.apache.org/maven2/io/github/resilience4j/resilience4j-timelimiter/2.2.0/resilience4j-timelimiter-2.2.0-sources.jar
2025-07-17 17:28:27,633 [Worker-28: Download sources and javadoc] INFO  o.e.m.c.i.e.AbstractTransferListenerAdapter - Downloaded https://repo.maven.apache.org/maven2/io/github/resilience4j/resilience4j-timelimiter/2.2.0/resilience4j-timelimiter-2.2.0-sources.jar
2025-07-17 17:28:27,647 [Worker-28: Download sources and javadoc] INFO  o.e.m.j.internal.DownloadSourcesJob - Downloaded sources for io.github.resilience4j:resilience4j-timelimiter:2.2.0
2025-07-17 17:28:27,742 [Worker-28: Download sources and javadoc] INFO  o.e.m.c.i.e.AbstractTransferListenerAdapter - Downloading https://repo.maven.apache.org/maven2/io/github/resilience4j/resilience4j-reactor/2.2.0/resilience4j-reactor-2.2.0-sources.jar
2025-07-17 17:28:27,779 [Worker-28: Download sources and javadoc] INFO  o.e.m.c.i.e.AbstractTransferListenerAdapter - Downloaded https://repo.maven.apache.org/maven2/io/github/resilience4j/resilience4j-reactor/2.2.0/resilience4j-reactor-2.2.0-sources.jar
2025-07-17 17:28:27,791 [Worker-28: Download sources and javadoc] INFO  o.e.m.j.internal.DownloadSourcesJob - Downloaded sources for io.github.resilience4j:resilience4j-reactor:2.2.0
2025-07-17 17:28:27,831 [Worker-4: Building] INFO  o.a.m.s.f.DefaultMavenResourcesFiltering - Copying 1 resource from src\main\resources to target\classes
2025-07-17 17:28:27,852 [Worker-4: Building] INFO  o.a.m.s.f.DefaultMavenResourcesFiltering - Copying 0 resource from src\main\resources to target\classes
2025-07-17 17:28:27,856 [Worker-4: Building] INFO  o.a.m.s.f.DefaultMavenResourcesFiltering - skip non existing resourceDirectory C:\Projects\Microservices\ApiGatewayMicroservice\src\test\resources
2025-07-17 17:28:27,892 [Worker-28: Download sources and javadoc] INFO  o.e.m.c.i.e.AbstractTransferListenerAdapter - Downloading https://repo.maven.apache.org/maven2/io/github/resilience4j/resilience4j-ratelimiter/2.2.0/resilience4j-ratelimiter-2.2.0-sources.jar
2025-07-17 17:28:27,946 [Worker-28: Download sources and javadoc] INFO  o.e.m.c.i.e.AbstractTransferListenerAdapter - Downloaded https://repo.maven.apache.org/maven2/io/github/resilience4j/resilience4j-ratelimiter/2.2.0/resilience4j-ratelimiter-2.2.0-sources.jar
2025-07-17 17:28:27,963 [Worker-28: Download sources and javadoc] INFO  o.e.m.j.internal.DownloadSourcesJob - Downloaded sources for io.github.resilience4j:resilience4j-ratelimiter:2.2.0
2025-07-17 17:28:27,979 [Worker-4: Updating Maven Project] INFO  o.e.m.c.i.p.ProjectConfigurationManager - Update started
2025-07-17 17:28:29,725 [Worker-28: Download sources and javadoc] INFO  o.e.m.c.i.e.AbstractTransferListenerAdapter - Downloading https://repo.maven.apache.org/maven2/io/github/resilience4j/resilience4j-bulkhead/2.2.0/resilience4j-bulkhead-2.2.0-sources.jar
2025-07-17 17:28:29,812 [Worker-28: Download sources and javadoc] INFO  o.e.m.c.i.e.AbstractTransferListenerAdapter - Downloaded https://repo.maven.apache.org/maven2/io/github/resilience4j/resilience4j-bulkhead/2.2.0/resilience4j-bulkhead-2.2.0-sources.jar
2025-07-17 17:28:29,826 [Worker-28: Download sources and javadoc] INFO  o.e.m.j.internal.DownloadSourcesJob - Downloaded sources for io.github.resilience4j:resilience4j-bulkhead:2.2.0
2025-07-17 17:28:31,597 [Worker-4: Updating Maven Project] INFO  o.e.m.c.i.l.LifecycleMappingFactory - Using org.eclipse.m2e.jdt.JarLifecycleMapping lifecycle mapping for MavenProject: com.cps:ApiGatewayMicroservice:0.0.1-SNAPSHOT @ C:\Projects\Microservices\ApiGatewayMicroservice\pom.xml.
2025-07-17 17:28:31,625 [Worker-28: Download sources and javadoc] INFO  o.e.m.c.i.e.AbstractTransferListenerAdapter - Downloading https://repo.maven.apache.org/maven2/io/github/resilience4j/resilience4j-retry/2.2.0/resilience4j-retry-2.2.0-sources.jar
2025-07-17 17:28:31,674 [Worker-28: Download sources and javadoc] INFO  o.e.m.c.i.e.AbstractTransferListenerAdapter - Downloaded https://repo.maven.apache.org/maven2/io/github/resilience4j/resilience4j-retry/2.2.0/resilience4j-retry-2.2.0-sources.jar
2025-07-17 17:28:31,689 [Worker-28: Download sources and javadoc] INFO  o.e.m.j.internal.DownloadSourcesJob - Downloaded sources for io.github.resilience4j:resilience4j-retry:2.2.0
2025-07-17 17:28:31,763 [Worker-28: Download sources and javadoc] INFO  o.e.m.c.i.e.AbstractTransferListenerAdapter - Downloading https://repo.maven.apache.org/maven2/io/github/resilience4j/resilience4j-micrometer/2.2.0/resilience4j-micrometer-2.2.0-sources.jar
2025-07-17 17:28:31,871 [Worker-28: Download sources and javadoc] INFO  o.e.m.c.i.e.AbstractTransferListenerAdapter - Downloaded https://repo.maven.apache.org/maven2/io/github/resilience4j/resilience4j-micrometer/2.2.0/resilience4j-micrometer-2.2.0-sources.jar
2025-07-17 17:28:31,882 [Worker-28: Download sources and javadoc] INFO  o.e.m.j.internal.DownloadSourcesJob - Downloaded sources for io.github.resilience4j:resilience4j-micrometer:2.2.0
2025-07-17 17:28:32,227 [Worker-28: Download sources and javadoc] INFO  o.e.m.c.i.e.AbstractTransferListenerAdapter - Downloaded https://repo.maven.apache.org/maven2/org/springframework/cloud/spring-cloud-starter-gateway-server-webflux/4.3.0/spring-cloud-starter-gateway-server-webflux-4.3.0-sources.jar
2025-07-17 17:28:32,236 [Worker-28: Download sources and javadoc] ERROR o.e.m.j.internal.DownloadSourcesJob - Could not download sources for org.springframework.cloud:spring-cloud-starter-gateway-server-webflux:4.3.0
org.eclipse.core.runtime.CoreException: Could not resolve artifact org.springframework.cloud:spring-cloud-starter-gateway-server-webflux:jar:sources:4.3.0
	at org.eclipse.m2e.core.internal.embedder.MavenImpl.lambda$7(MavenImpl.java:540)
	at org.eclipse.m2e.core.internal.embedder.MavenExecutionContext.executeBare(MavenExecutionContext.java:458)
	at org.eclipse.m2e.core.internal.embedder.MavenExecutionContext.execute(MavenExecutionContext.java:292)
	at org.eclipse.m2e.core.internal.embedder.MavenExecutionContext.execute(MavenExecutionContext.java:278)
	at org.eclipse.m2e.core.internal.embedder.MavenImpl.resolve(MavenImpl.java:509)
	at org.eclipse.m2e.core.internal.embedder.MavenImpl.resolve(MavenImpl.java:494)
	at org.eclipse.m2e.jdt.internal.DownloadSourcesJob.download(DownloadSourcesJob.java:308)
	at org.eclipse.m2e.jdt.internal.DownloadSourcesJob.downloadAttachments(DownloadSourcesJob.java:282)
	at org.eclipse.m2e.jdt.internal.DownloadSourcesJob.downloadMaven(DownloadSourcesJob.java:252)
	at org.eclipse.m2e.jdt.internal.DownloadSourcesJob.downloadFilesAndPopulateToUpdate(DownloadSourcesJob.java:220)
	at org.eclipse.m2e.jdt.internal.DownloadSourcesJob.lambda$0(DownloadSourcesJob.java:149)
	at org.eclipse.m2e.core.internal.embedder.MavenExecutionContext.executeBare(MavenExecutionContext.java:458)
	at org.eclipse.m2e.core.internal.embedder.MavenExecutionContext.execute(MavenExecutionContext.java:339)
	at org.eclipse.m2e.core.internal.embedder.MavenExecutionContext.execute(MavenExecutionContext.java:278)
	at org.eclipse.m2e.core.embedder.IMaven.execute(IMaven.java:300)
	at org.eclipse.m2e.jdt.internal.DownloadSourcesJob.run(DownloadSourcesJob.java:149)
	at org.eclipse.core.internal.jobs.Worker.run(Worker.java:63)
2025-07-17 17:28:32,318 [Worker-28: Download sources and javadoc] INFO  o.e.m.c.i.e.AbstractTransferListenerAdapter - Downloading https://repo.maven.apache.org/maven2/org/springframework/cloud/spring-cloud-gateway-server-webflux/4.3.0/spring-cloud-gateway-server-webflux-4.3.0-sources.jar
2025-07-17 17:28:32,363 [Worker-28: Download sources and javadoc] INFO  o.e.m.c.i.e.AbstractTransferListenerAdapter - Downloaded https://repo.maven.apache.org/maven2/org/springframework/cloud/spring-cloud-gateway-server-webflux/4.3.0/spring-cloud-gateway-server-webflux-4.3.0-sources.jar
2025-07-17 17:28:32,375 [Worker-28: Download sources and javadoc] INFO  o.e.m.j.internal.DownloadSourcesJob - Downloaded sources for org.springframework.cloud:spring-cloud-gateway-server-webflux:4.3.0
2025-07-17 17:28:32,807 [Worker-28: Download sources and javadoc] INFO  o.e.m.c.i.e.AbstractTransferListenerAdapter - Downloaded https://repo.maven.apache.org/maven2/org/springframework/cloud/spring-cloud-starter-contract-stub-runner/4.3.0/spring-cloud-starter-contract-stub-runner-4.3.0-sources.jar
2025-07-17 17:28:32,812 [Worker-28: Download sources and javadoc] ERROR o.e.m.j.internal.DownloadSourcesJob - Could not download sources for org.springframework.cloud:spring-cloud-starter-contract-stub-runner:4.3.0
org.eclipse.core.runtime.CoreException: Could not resolve artifact org.springframework.cloud:spring-cloud-starter-contract-stub-runner:jar:sources:4.3.0
	at org.eclipse.m2e.core.internal.embedder.MavenImpl.lambda$7(MavenImpl.java:540)
	at org.eclipse.m2e.core.internal.embedder.MavenExecutionContext.executeBare(MavenExecutionContext.java:458)
	at org.eclipse.m2e.core.internal.embedder.MavenExecutionContext.execute(MavenExecutionContext.java:292)
	at org.eclipse.m2e.core.internal.embedder.MavenExecutionContext.execute(MavenExecutionContext.java:278)
	at org.eclipse.m2e.core.internal.embedder.MavenImpl.resolve(MavenImpl.java:509)
	at org.eclipse.m2e.core.internal.embedder.MavenImpl.resolve(MavenImpl.java:494)
	at org.eclipse.m2e.jdt.internal.DownloadSourcesJob.download(DownloadSourcesJob.java:308)
	at org.eclipse.m2e.jdt.internal.DownloadSourcesJob.downloadAttachments(DownloadSourcesJob.java:282)
	at org.eclipse.m2e.jdt.internal.DownloadSourcesJob.downloadMaven(DownloadSourcesJob.java:252)
	at org.eclipse.m2e.jdt.internal.DownloadSourcesJob.downloadFilesAndPopulateToUpdate(DownloadSourcesJob.java:220)
	at org.eclipse.m2e.jdt.internal.DownloadSourcesJob.lambda$0(DownloadSourcesJob.java:149)
	at org.eclipse.m2e.core.internal.embedder.MavenExecutionContext.executeBare(MavenExecutionContext.java:458)
	at org.eclipse.m2e.core.internal.embedder.MavenExecutionContext.execute(MavenExecutionContext.java:339)
	at org.eclipse.m2e.core.internal.embedder.MavenExecutionContext.execute(MavenExecutionContext.java:278)
	at org.eclipse.m2e.core.embedder.IMaven.execute(IMaven.java:300)
	at org.eclipse.m2e.jdt.internal.DownloadSourcesJob.run(DownloadSourcesJob.java:149)
	at org.eclipse.core.internal.jobs.Worker.run(Worker.java:63)
2025-07-17 17:28:32,887 [Worker-28: Download sources and javadoc] INFO  o.e.m.c.i.e.AbstractTransferListenerAdapter - Downloading https://repo.maven.apache.org/maven2/org/springframework/cloud/spring-cloud-contract-stub-runner/4.3.0/spring-cloud-contract-stub-runner-4.3.0-sources.jar
2025-07-17 17:28:33,133 [Worker-28: Download sources and javadoc] INFO  o.e.m.c.i.e.AbstractTransferListenerAdapter - Downloaded https://repo.maven.apache.org/maven2/org/springframework/cloud/spring-cloud-contract-stub-runner/4.3.0/spring-cloud-contract-stub-runner-4.3.0-sources.jar
2025-07-17 17:28:33,142 [Worker-28: Download sources and javadoc] INFO  o.e.m.j.internal.DownloadSourcesJob - Downloaded sources for org.springframework.cloud:spring-cloud-contract-stub-runner:4.3.0
2025-07-17 17:28:33,211 [Worker-28: Download sources and javadoc] INFO  o.e.m.c.i.e.AbstractTransferListenerAdapter - Downloading https://repo.maven.apache.org/maven2/org/springframework/cloud/spring-cloud-contract-verifier/4.3.0/spring-cloud-contract-verifier-4.3.0-sources.jar
2025-07-17 17:28:33,478 [Worker-4: Updating Maven Project] INFO  o.e.m.j.i.AbstractJavaProjectConfigurator - Adding source folder /ApiGatewayMicroservice/src/main/java
2025-07-17 17:28:33,479 [Worker-4: Updating Maven Project] INFO  o.e.m.j.i.AbstractJavaProjectConfigurator - Adding resource folder /ApiGatewayMicroservice/src/main/resources
2025-07-17 17:28:33,480 [Worker-4: Updating Maven Project] INFO  o.e.m.j.i.AbstractJavaProjectConfigurator - Adding resource folder /ApiGatewayMicroservice/src/main/resources
2025-07-17 17:28:33,480 [Worker-4: Updating Maven Project] INFO  o.e.m.j.i.AbstractJavaProjectConfigurator - Adding source folder /ApiGatewayMicroservice/src/test/java
2025-07-17 17:28:33,481 [Worker-4: Updating Maven Project] INFO  o.e.m.j.i.AbstractJavaProjectConfigurator - Adding resource folder /ApiGatewayMicroservice/src/test/resources
2025-07-17 17:28:33,761 [Worker-28: Download sources and javadoc] INFO  o.e.m.c.i.e.AbstractTransferListenerAdapter - Downloaded https://repo.maven.apache.org/maven2/org/springframework/cloud/spring-cloud-contract-verifier/4.3.0/spring-cloud-contract-verifier-4.3.0-sources.jar
2025-07-17 17:28:33,774 [Worker-28: Download sources and javadoc] INFO  o.e.m.j.internal.DownloadSourcesJob - Downloaded sources for org.springframework.cloud:spring-cloud-contract-verifier:4.3.0
2025-07-17 17:28:34,980 [Worker-4: Updating Maven Project] INFO  o.e.m.c.i.p.ProjectConfigurationManager - Update completed for 1 poms: local refresh takes 0.00 sec, refresh facades takes 5.00 sec, update config takes 1.00 sec 
2025-07-17 17:28:36,076 [Worker-28: Download sources and javadoc] INFO  o.e.m.c.i.e.AbstractTransferListenerAdapter - Downloading https://repo.maven.apache.org/maven2/org/apache/commons/commons-text/1.11.0/commons-text-1.11.0-sources.jar
2025-07-17 17:28:36,117 [Worker-33: Updating Maven Dependencies] INFO  o.e.m.c.i.l.LifecycleMappingFactory - Using org.eclipse.m2e.jdt.JarLifecycleMapping lifecycle mapping for MavenProject: com.cps:ApiGatewayMicroservice:0.0.1-SNAPSHOT @ C:\Projects\Microservices\ApiGatewayMicroservice\pom.xml.
2025-07-17 17:28:36,186 [Worker-37: Building] INFO  o.a.m.s.f.DefaultMavenResourcesFiltering - Copying 1 resource from src\main\resources to target\classes
2025-07-17 17:28:36,258 [Worker-37: Building] INFO  o.a.m.s.f.DefaultMavenResourcesFiltering - Copying 0 resource from src\main\resources to target\classes
2025-07-17 17:28:36,266 [Worker-37: Building] INFO  o.a.m.s.f.DefaultMavenResourcesFiltering - skip non existing resourceDirectory C:\Projects\Microservices\ApiGatewayMicroservice\src\test\resources
2025-07-17 17:28:36,511 [Worker-28: Download sources and javadoc] INFO  o.e.m.c.i.e.AbstractTransferListenerAdapter - Downloaded https://repo.maven.apache.org/maven2/org/apache/commons/commons-text/1.11.0/commons-text-1.11.0-sources.jar
2025-07-17 17:28:36,526 [Worker-28: Download sources and javadoc] INFO  o.e.m.j.internal.DownloadSourcesJob - Downloaded sources for org.apache.commons:commons-text:1.11.0
2025-07-17 17:28:36,606 [Worker-28: Download sources and javadoc] INFO  o.e.m.c.i.e.AbstractTransferListenerAdapter - Downloading https://repo.maven.apache.org/maven2/org/apache/commons/commons-lang3/3.17.0/commons-lang3-3.17.0-sources.jar
2025-07-17 17:28:36,735 [Worker-28: Download sources and javadoc] INFO  o.e.m.c.i.e.AbstractTransferListenerAdapter - Downloaded https://repo.maven.apache.org/maven2/org/apache/commons/commons-lang3/3.17.0/commons-lang3-3.17.0-sources.jar
2025-07-17 17:28:36,746 [Worker-28: Download sources and javadoc] INFO  o.e.m.j.internal.DownloadSourcesJob - Downloaded sources for org.apache.commons:commons-lang3:3.17.0
2025-07-17 17:28:36,843 [Worker-28: Download sources and javadoc] INFO  o.e.m.c.i.e.AbstractTransferListenerAdapter - Downloading https://repo.maven.apache.org/maven2/com/toomuchcoding/jsonassert/jsonassert/0.8.0/jsonassert-0.8.0-sources.jar
2025-07-17 17:28:36,881 [Worker-28: Download sources and javadoc] INFO  o.e.m.c.i.e.AbstractTransferListenerAdapter - Downloaded https://repo.maven.apache.org/maven2/com/toomuchcoding/jsonassert/jsonassert/0.8.0/jsonassert-0.8.0-sources.jar
2025-07-17 17:28:36,894 [Worker-28: Download sources and javadoc] INFO  o.e.m.j.internal.DownloadSourcesJob - Downloaded sources for com.toomuchcoding.jsonassert:jsonassert:0.8.0
2025-07-17 17:28:36,980 [Worker-28: Download sources and javadoc] INFO  o.e.m.c.i.e.AbstractTransferListenerAdapter - Downloading https://repo.maven.apache.org/maven2/com/rackspace/eclipse/webtools/sourceediting/org.eclipse.wst.xml.xpath2.processor/2.1.100/org.eclipse.wst.xml.xpath2.processor-2.1.100-sources.jar
2025-07-17 17:28:37,112 [Worker-28: Download sources and javadoc] INFO  o.e.m.c.i.e.AbstractTransferListenerAdapter - Downloaded https://repo.maven.apache.org/maven2/com/rackspace/eclipse/webtools/sourceediting/org.eclipse.wst.xml.xpath2.processor/2.1.100/org.eclipse.wst.xml.xpath2.processor-2.1.100-sources.jar
2025-07-17 17:28:37,119 [Worker-28: Download sources and javadoc] INFO  o.e.m.j.internal.DownloadSourcesJob - Downloaded sources for com.rackspace.eclipse.webtools.sourceediting:org.eclipse.wst.xml.xpath2.processor:2.1.100
2025-07-17 17:28:37,186 [Worker-28: Download sources and javadoc] INFO  o.e.m.c.i.e.AbstractTransferListenerAdapter - Downloading https://repo.maven.apache.org/maven2/edu/princeton/cup/java-cup/10k/java-cup-10k-sources.jar
2025-07-17 17:28:37,417 [Worker-28: Download sources and javadoc] INFO  o.e.m.c.i.e.AbstractTransferListenerAdapter - Downloaded https://repo.maven.apache.org/maven2/edu/princeton/cup/java-cup/10k/java-cup-10k-sources.jar
2025-07-17 17:28:37,422 [Worker-28: Download sources and javadoc] INFO  o.e.m.j.internal.DownloadSourcesJob - Downloaded sources for edu.princeton.cup:java-cup:10k
2025-07-17 17:28:37,502 [Worker-28: Download sources and javadoc] INFO  o.e.m.c.i.e.AbstractTransferListenerAdapter - Downloading https://repo.maven.apache.org/maven2/com/ibm/icu/icu4j/4.6/icu4j-4.6-sources.jar
2025-07-17 17:28:37,763 [Worker-28: Download sources and javadoc] INFO  o.e.m.c.i.e.AbstractTransferListenerAdapter - Downloaded https://repo.maven.apache.org/maven2/com/ibm/icu/icu4j/4.6/icu4j-4.6-sources.jar
2025-07-17 17:28:37,770 [Worker-28: Download sources and javadoc] INFO  o.e.m.j.internal.DownloadSourcesJob - Downloaded sources for com.ibm.icu:icu4j:4.6
2025-07-17 17:28:37,861 [Worker-28: Download sources and javadoc] INFO  o.e.m.c.i.e.AbstractTransferListenerAdapter - Downloading https://repo.maven.apache.org/maven2/org/apache/groovy/groovy/4.0.27/groovy-4.0.27-sources.jar
2025-07-17 17:28:38,146 [Worker-28: Download sources and javadoc] INFO  o.e.m.c.i.e.AbstractTransferListenerAdapter - Downloaded https://repo.maven.apache.org/maven2/org/apache/groovy/groovy/4.0.27/groovy-4.0.27-sources.jar
2025-07-17 17:28:38,154 [Worker-28: Download sources and javadoc] INFO  o.e.m.j.internal.DownloadSourcesJob - Downloaded sources for org.apache.groovy:groovy:4.0.27
2025-07-17 17:28:38,226 [Worker-28: Download sources and javadoc] INFO  o.e.m.c.i.e.AbstractTransferListenerAdapter - Downloading https://repo.maven.apache.org/maven2/org/apache/groovy/groovy-nio/4.0.27/groovy-nio-4.0.27-sources.jar
2025-07-17 17:28:38,295 [Worker-28: Download sources and javadoc] INFO  o.e.m.c.i.e.AbstractTransferListenerAdapter - Downloaded https://repo.maven.apache.org/maven2/org/apache/groovy/groovy-nio/4.0.27/groovy-nio-4.0.27-sources.jar
2025-07-17 17:28:38,305 [Worker-28: Download sources and javadoc] INFO  o.e.m.j.internal.DownloadSourcesJob - Downloaded sources for org.apache.groovy:groovy-nio:4.0.27
2025-07-17 17:28:38,389 [Worker-28: Download sources and javadoc] INFO  o.e.m.c.i.e.AbstractTransferListenerAdapter - Downloading https://repo.maven.apache.org/maven2/org/apache/groovy/groovy-json/4.0.27/groovy-json-4.0.27-sources.jar
2025-07-17 17:28:38,586 [Worker-28: Download sources and javadoc] INFO  o.e.m.c.i.e.AbstractTransferListenerAdapter - Downloaded https://repo.maven.apache.org/maven2/org/apache/groovy/groovy-json/4.0.27/groovy-json-4.0.27-sources.jar
2025-07-17 17:28:38,596 [Worker-28: Download sources and javadoc] INFO  o.e.m.j.internal.DownloadSourcesJob - Downloaded sources for org.apache.groovy:groovy-json:4.0.27
2025-07-17 17:28:38,666 [Worker-28: Download sources and javadoc] INFO  o.e.m.c.i.e.AbstractTransferListenerAdapter - Downloading https://repo.maven.apache.org/maven2/org/apache/groovy/groovy-xml/4.0.27/groovy-xml-4.0.27-sources.jar
2025-07-17 17:28:38,853 [Worker-28: Download sources and javadoc] INFO  o.e.m.c.i.e.AbstractTransferListenerAdapter - Downloaded https://repo.maven.apache.org/maven2/org/apache/groovy/groovy-xml/4.0.27/groovy-xml-4.0.27-sources.jar
2025-07-17 17:28:38,872 [Worker-28: Download sources and javadoc] INFO  o.e.m.j.internal.DownloadSourcesJob - Downloaded sources for org.apache.groovy:groovy-xml:4.0.27
2025-07-17 17:28:38,962 [Worker-28: Download sources and javadoc] INFO  o.e.m.c.i.e.AbstractTransferListenerAdapter - Downloading https://repo.maven.apache.org/maven2/com/github/jknack/handlebars/4.3.1/handlebars-4.3.1-sources.jar
2025-07-17 17:28:39,359 [Worker-28: Download sources and javadoc] INFO  o.e.m.c.i.e.AbstractTransferListenerAdapter - Downloaded https://repo.maven.apache.org/maven2/com/github/jknack/handlebars/4.3.1/handlebars-4.3.1-sources.jar
2025-07-17 17:28:39,388 [Worker-28: Download sources and javadoc] INFO  o.e.m.j.internal.DownloadSourcesJob - Downloaded sources for com.github.jknack:handlebars:4.3.1
2025-07-17 17:28:39,463 [Worker-28: Download sources and javadoc] INFO  o.e.m.c.i.e.AbstractTransferListenerAdapter - Downloading https://repo.maven.apache.org/maven2/commons-beanutils/commons-beanutils/1.9.4/commons-beanutils-1.9.4-sources.jar
2025-07-17 17:28:40,376 [Worker-28: Download sources and javadoc] INFO  o.e.m.c.i.e.AbstractTransferListenerAdapter - Downloaded https://repo.maven.apache.org/maven2/commons-beanutils/commons-beanutils/1.9.4/commons-beanutils-1.9.4-sources.jar
2025-07-17 17:28:40,400 [Worker-28: Download sources and javadoc] INFO  o.e.m.j.internal.DownloadSourcesJob - Downloaded sources for commons-beanutils:commons-beanutils:1.9.4
2025-07-17 17:28:40,466 [Worker-28: Download sources and javadoc] INFO  o.e.m.c.i.e.AbstractTransferListenerAdapter - Downloading https://repo.maven.apache.org/maven2/commons-logging/commons-logging/1.2/commons-logging-1.2-sources.jar
2025-07-17 17:28:40,620 [Worker-28: Download sources and javadoc] INFO  o.e.m.c.i.e.AbstractTransferListenerAdapter - Downloaded https://repo.maven.apache.org/maven2/commons-logging/commons-logging/1.2/commons-logging-1.2-sources.jar
2025-07-17 17:28:40,628 [Worker-28: Download sources and javadoc] INFO  o.e.m.j.internal.DownloadSourcesJob - Downloaded sources for commons-logging:commons-logging:1.2
2025-07-17 17:28:40,720 [Worker-28: Download sources and javadoc] INFO  o.e.m.c.i.e.AbstractTransferListenerAdapter - Downloading https://repo.maven.apache.org/maven2/commons-collections/commons-collections/3.2.2/commons-collections-3.2.2-sources.jar
2025-07-17 17:28:40,821 [Worker-28: Download sources and javadoc] INFO  o.e.m.c.i.e.AbstractTransferListenerAdapter - Downloaded https://repo.maven.apache.org/maven2/commons-collections/commons-collections/3.2.2/commons-collections-3.2.2-sources.jar
2025-07-17 17:28:40,830 [Worker-28: Download sources and javadoc] INFO  o.e.m.j.internal.DownloadSourcesJob - Downloaded sources for commons-collections:commons-collections:3.2.2
2025-07-17 17:28:40,897 [Worker-28: Download sources and javadoc] INFO  o.e.m.c.i.e.AbstractTransferListenerAdapter - Downloading https://repo.maven.apache.org/maven2/com/fasterxml/jackson/dataformat/jackson-dataformat-yaml/2.19.1/jackson-dataformat-yaml-2.19.1-sources.jar
2025-07-17 17:28:41,011 [Worker-28: Download sources and javadoc] INFO  o.e.m.c.i.e.AbstractTransferListenerAdapter - Downloaded https://repo.maven.apache.org/maven2/com/fasterxml/jackson/dataformat/jackson-dataformat-yaml/2.19.1/jackson-dataformat-yaml-2.19.1-sources.jar
2025-07-17 17:28:41,029 [Worker-28: Download sources and javadoc] INFO  o.e.m.j.internal.DownloadSourcesJob - Downloaded sources for com.fasterxml.jackson.dataformat:jackson-dataformat-yaml:2.19.1
2025-07-17 17:28:41,108 [Worker-28: Download sources and javadoc] INFO  o.e.m.c.i.e.AbstractTransferListenerAdapter - Downloading https://repo.maven.apache.org/maven2/net/javacrumbs/json-unit/json-unit-assertj/2.38.0/json-unit-assertj-2.38.0-sources.jar
2025-07-17 17:28:41,171 [Worker-28: Download sources and javadoc] INFO  o.e.m.c.i.e.AbstractTransferListenerAdapter - Downloaded https://repo.maven.apache.org/maven2/net/javacrumbs/json-unit/json-unit-assertj/2.38.0/json-unit-assertj-2.38.0-sources.jar
2025-07-17 17:28:41,180 [Worker-28: Download sources and javadoc] INFO  o.e.m.j.internal.DownloadSourcesJob - Downloaded sources for net.javacrumbs.json-unit:json-unit-assertj:2.38.0
2025-07-17 17:28:41,256 [Worker-28: Download sources and javadoc] INFO  o.e.m.c.i.e.AbstractTransferListenerAdapter - Downloading https://repo.maven.apache.org/maven2/net/javacrumbs/json-unit/json-unit-core/2.38.0/json-unit-core-2.38.0-sources.jar
2025-07-17 17:28:41,411 [Worker-28: Download sources and javadoc] INFO  o.e.m.c.i.e.AbstractTransferListenerAdapter - Downloaded https://repo.maven.apache.org/maven2/net/javacrumbs/json-unit/json-unit-core/2.38.0/json-unit-core-2.38.0-sources.jar
2025-07-17 17:28:41,431 [Worker-28: Download sources and javadoc] INFO  o.e.m.j.internal.DownloadSourcesJob - Downloaded sources for net.javacrumbs.json-unit:json-unit-core:2.38.0
2025-07-17 17:28:41,529 [Worker-28: Download sources and javadoc] INFO  o.e.m.c.i.e.AbstractTransferListenerAdapter - Downloading https://repo.maven.apache.org/maven2/org/hamcrest/hamcrest-core/3.0/hamcrest-core-3.0-sources.jar
2025-07-17 17:28:41,551 [Worker-28: Download sources and javadoc] INFO  o.e.m.c.i.e.AbstractTransferListenerAdapter - Downloaded https://repo.maven.apache.org/maven2/org/hamcrest/hamcrest-core/3.0/hamcrest-core-3.0-sources.jar
2025-07-17 17:28:41,571 [Worker-28: Download sources and javadoc] INFO  o.e.m.j.internal.DownloadSourcesJob - Downloaded sources for org.hamcrest:hamcrest-core:3.0
2025-07-17 17:28:41,655 [Worker-28: Download sources and javadoc] INFO  o.e.m.c.i.e.AbstractTransferListenerAdapter - Downloading https://repo.maven.apache.org/maven2/net/javacrumbs/json-unit/json-unit-json-path/2.38.0/json-unit-json-path-2.38.0-sources.jar
2025-07-17 17:28:41,690 [Worker-28: Download sources and javadoc] INFO  o.e.m.c.i.e.AbstractTransferListenerAdapter - Downloaded https://repo.maven.apache.org/maven2/net/javacrumbs/json-unit/json-unit-json-path/2.38.0/json-unit-json-path-2.38.0-sources.jar
2025-07-17 17:28:41,700 [Worker-28: Download sources and javadoc] INFO  o.e.m.j.internal.DownloadSourcesJob - Downloaded sources for net.javacrumbs.json-unit:json-unit-json-path:2.38.0
2025-07-17 17:28:41,776 [Worker-28: Download sources and javadoc] INFO  o.e.m.c.i.e.AbstractTransferListenerAdapter - Downloading https://repo.maven.apache.org/maven2/org/springframework/cloud/spring-cloud-contract-shade/4.3.0/spring-cloud-contract-shade-4.3.0-sources.jar
2025-07-17 17:28:42,381 [Worker-28: Download sources and javadoc] INFO  o.e.m.c.i.e.AbstractTransferListenerAdapter - Downloaded https://repo.maven.apache.org/maven2/org/springframework/cloud/spring-cloud-contract-shade/4.3.0/spring-cloud-contract-shade-4.3.0-sources.jar
2025-07-17 17:28:42,390 [Worker-28: Download sources and javadoc] INFO  o.e.m.j.internal.DownloadSourcesJob - Downloaded sources for org.springframework.cloud:spring-cloud-contract-shade:4.3.0
2025-07-17 17:28:42,460 [Worker-28: Download sources and javadoc] INFO  o.e.m.c.i.e.AbstractTransferListenerAdapter - Downloading https://repo.maven.apache.org/maven2/org/springframework/cloud/spring-cloud-contract-converters/4.3.0/spring-cloud-contract-converters-4.3.0-sources.jar
2025-07-17 17:28:42,502 [Worker-28: Download sources and javadoc] INFO  o.e.m.c.i.e.AbstractTransferListenerAdapter - Downloaded https://repo.maven.apache.org/maven2/org/springframework/cloud/spring-cloud-contract-converters/4.3.0/spring-cloud-contract-converters-4.3.0-sources.jar
2025-07-17 17:28:42,517 [Worker-28: Download sources and javadoc] INFO  o.e.m.j.internal.DownloadSourcesJob - Downloaded sources for org.springframework.cloud:spring-cloud-contract-converters:4.3.0
2025-07-17 17:28:43,033 [Worker-28: Download sources and javadoc] INFO  o.e.m.c.i.e.AbstractTransferListenerAdapter - Downloaded https://repo.maven.apache.org/maven2/org/springframework/cloud/spring-cloud-contract-spec/4.3.0/spring-cloud-contract-spec-4.3.0-sources.jar
2025-07-17 17:28:43,062 [Worker-28: Download sources and javadoc] ERROR o.e.m.j.internal.DownloadSourcesJob - Could not download sources for org.springframework.cloud:spring-cloud-contract-spec:4.3.0
org.eclipse.core.runtime.CoreException: Could not resolve artifact org.springframework.cloud:spring-cloud-contract-spec:jar:sources:4.3.0
	at org.eclipse.m2e.core.internal.embedder.MavenImpl.lambda$7(MavenImpl.java:540)
	at org.eclipse.m2e.core.internal.embedder.MavenExecutionContext.executeBare(MavenExecutionContext.java:458)
	at org.eclipse.m2e.core.internal.embedder.MavenExecutionContext.execute(MavenExecutionContext.java:292)
	at org.eclipse.m2e.core.internal.embedder.MavenExecutionContext.execute(MavenExecutionContext.java:278)
	at org.eclipse.m2e.core.internal.embedder.MavenImpl.resolve(MavenImpl.java:509)
	at org.eclipse.m2e.core.internal.embedder.MavenImpl.resolve(MavenImpl.java:494)
	at org.eclipse.m2e.jdt.internal.DownloadSourcesJob.download(DownloadSourcesJob.java:308)
	at org.eclipse.m2e.jdt.internal.DownloadSourcesJob.downloadAttachments(DownloadSourcesJob.java:282)
	at org.eclipse.m2e.jdt.internal.DownloadSourcesJob.downloadMaven(DownloadSourcesJob.java:252)
	at org.eclipse.m2e.jdt.internal.DownloadSourcesJob.downloadFilesAndPopulateToUpdate(DownloadSourcesJob.java:220)
	at org.eclipse.m2e.jdt.internal.DownloadSourcesJob.lambda$0(DownloadSourcesJob.java:149)
	at org.eclipse.m2e.core.internal.embedder.MavenExecutionContext.executeBare(MavenExecutionContext.java:458)
	at org.eclipse.m2e.core.internal.embedder.MavenExecutionContext.execute(MavenExecutionContext.java:339)
	at org.eclipse.m2e.core.internal.embedder.MavenExecutionContext.execute(MavenExecutionContext.java:278)
	at org.eclipse.m2e.core.embedder.IMaven.execute(IMaven.java:300)
	at org.eclipse.m2e.jdt.internal.DownloadSourcesJob.run(DownloadSourcesJob.java:149)
	at org.eclipse.core.internal.jobs.Worker.run(Worker.java:63)
2025-07-17 17:28:43,142 [Worker-28: Download sources and javadoc] INFO  o.e.m.c.i.e.AbstractTransferListenerAdapter - Downloading https://repo.maven.apache.org/maven2/org/springframework/cloud/spring-cloud-contract-spec-java/4.3.0/spring-cloud-contract-spec-java-4.3.0-sources.jar
2025-07-17 17:28:43,321 [Worker-28: Download sources and javadoc] INFO  o.e.m.c.i.e.AbstractTransferListenerAdapter - Downloaded https://repo.maven.apache.org/maven2/org/springframework/cloud/spring-cloud-contract-spec-java/4.3.0/spring-cloud-contract-spec-java-4.3.0-sources.jar
2025-07-17 17:28:43,328 [Worker-28: Download sources and javadoc] INFO  o.e.m.j.internal.DownloadSourcesJob - Downloaded sources for org.springframework.cloud:spring-cloud-contract-spec-java:4.3.0
2025-07-17 17:28:43,396 [Worker-28: Download sources and javadoc] INFO  o.e.m.c.i.e.AbstractTransferListenerAdapter - Downloading https://repo.maven.apache.org/maven2/dk/brics/automaton/1.12-4/automaton-1.12-4-sources.jar
2025-07-17 17:28:43,537 [Worker-28: Download sources and javadoc] INFO  o.e.m.c.i.e.AbstractTransferListenerAdapter - Downloaded https://repo.maven.apache.org/maven2/dk/brics/automaton/1.12-4/automaton-1.12-4-sources.jar
2025-07-17 17:28:43,560 [Worker-28: Download sources and javadoc] INFO  o.e.m.j.internal.DownloadSourcesJob - Downloaded sources for dk.brics:automaton:1.12-4
2025-07-17 17:28:43,650 [Worker-28: Download sources and javadoc] INFO  o.e.m.c.i.e.AbstractTransferListenerAdapter - Downloading https://repo.maven.apache.org/maven2/org/springframework/cloud/spring-cloud-contract-spec-groovy/4.3.0/spring-cloud-contract-spec-groovy-4.3.0-sources.jar
2025-07-17 17:28:43,671 [Worker-28: Download sources and javadoc] INFO  o.e.m.c.i.e.AbstractTransferListenerAdapter - Downloaded https://repo.maven.apache.org/maven2/org/springframework/cloud/spring-cloud-contract-spec-groovy/4.3.0/spring-cloud-contract-spec-groovy-4.3.0-sources.jar
2025-07-17 17:28:43,680 [Worker-28: Download sources and javadoc] INFO  o.e.m.j.internal.DownloadSourcesJob - Downloaded sources for org.springframework.cloud:spring-cloud-contract-spec-groovy:4.3.0
2025-07-17 17:28:43,748 [Worker-28: Download sources and javadoc] INFO  o.e.m.c.i.e.AbstractTransferListenerAdapter - Downloading https://repo.maven.apache.org/maven2/org/eclipse/jgit/org.eclipse.jgit/6.10.1.202505221210-r/org.eclipse.jgit-6.10.1.202505221210-r-sources.jar
2025-07-17 17:28:44,035 [Worker-28: Download sources and javadoc] INFO  o.e.m.c.i.e.AbstractTransferListenerAdapter - Downloaded https://repo.maven.apache.org/maven2/org/eclipse/jgit/org.eclipse.jgit/6.10.1.202505221210-r/org.eclipse.jgit-6.10.1.202505221210-r-sources.jar
2025-07-17 17:28:44,051 [Worker-28: Download sources and javadoc] INFO  o.e.m.j.internal.DownloadSourcesJob - Downloaded sources for org.eclipse.jgit:org.eclipse.jgit:6.10.1.202505221210-r
2025-07-17 17:28:44,126 [Worker-28: Download sources and javadoc] INFO  o.e.m.c.i.e.AbstractTransferListenerAdapter - Downloading https://repo.maven.apache.org/maven2/com/googlecode/javaewah/JavaEWAH/1.2.3/JavaEWAH-1.2.3-sources.jar
2025-07-17 17:28:44,342 [Worker-28: Download sources and javadoc] INFO  o.e.m.c.i.e.AbstractTransferListenerAdapter - Downloaded https://repo.maven.apache.org/maven2/com/googlecode/javaewah/JavaEWAH/1.2.3/JavaEWAH-1.2.3-sources.jar
2025-07-17 17:28:44,354 [Worker-28: Download sources and javadoc] INFO  o.e.m.j.internal.DownloadSourcesJob - Downloaded sources for com.googlecode.javaewah:JavaEWAH:1.2.3
2025-07-17 17:28:44,435 [Worker-28: Download sources and javadoc] INFO  o.e.m.c.i.e.AbstractTransferListenerAdapter - Downloading https://repo.maven.apache.org/maven2/org/eclipse/jgit/org.eclipse.jgit.ssh.jsch/6.7.0.202309050840-r/org.eclipse.jgit.ssh.jsch-6.7.0.202309050840-r-sources.jar
2025-07-17 17:28:44,492 [Worker-28: Download sources and javadoc] INFO  o.e.m.c.i.e.AbstractTransferListenerAdapter - Downloaded https://repo.maven.apache.org/maven2/org/eclipse/jgit/org.eclipse.jgit.ssh.jsch/6.7.0.202309050840-r/org.eclipse.jgit.ssh.jsch-6.7.0.202309050840-r-sources.jar
2025-07-17 17:28:44,505 [Worker-28: Download sources and javadoc] INFO  o.e.m.j.internal.DownloadSourcesJob - Downloaded sources for org.eclipse.jgit:org.eclipse.jgit.ssh.jsch:6.7.0.202309050840-r
2025-07-17 17:28:44,636 [Worker-28: Download sources and javadoc] INFO  o.e.m.c.i.e.AbstractTransferListenerAdapter - Downloading https://repo.maven.apache.org/maven2/com/jcraft/jsch/0.1.55/jsch-0.1.55-sources.jar
2025-07-17 17:28:45,128 [Worker-28: Download sources and javadoc] INFO  o.e.m.c.i.e.AbstractTransferListenerAdapter - Downloaded https://repo.maven.apache.org/maven2/com/jcraft/jsch/0.1.55/jsch-0.1.55-sources.jar
2025-07-17 17:28:45,137 [Worker-28: Download sources and javadoc] INFO  o.e.m.j.internal.DownloadSourcesJob - Downloaded sources for com.jcraft:jsch:0.1.55
2025-07-17 17:28:45,217 [Worker-28: Download sources and javadoc] INFO  o.e.m.c.i.e.AbstractTransferListenerAdapter - Downloading https://repo.maven.apache.org/maven2/com/jcraft/jzlib/1.1.3/jzlib-1.1.3-sources.jar
2025-07-17 17:28:45,378 [Worker-28: Download sources and javadoc] INFO  o.e.m.c.i.e.AbstractTransferListenerAdapter - Downloaded https://repo.maven.apache.org/maven2/com/jcraft/jzlib/1.1.3/jzlib-1.1.3-sources.jar
2025-07-17 17:28:45,389 [Worker-28: Download sources and javadoc] INFO  o.e.m.j.internal.DownloadSourcesJob - Downloaded sources for com.jcraft:jzlib:1.1.3
2025-07-17 17:28:45,467 [Worker-28: Download sources and javadoc] INFO  o.e.m.c.i.e.AbstractTransferListenerAdapter - Downloading https://repo.maven.apache.org/maven2/com/jcraft/jsch.agentproxy.sshagent/0.0.9/jsch.agentproxy.sshagent-0.0.9-sources.jar
2025-07-17 17:28:45,521 [Worker-28: Download sources and javadoc] INFO  o.e.m.c.i.e.AbstractTransferListenerAdapter - Downloaded https://repo.maven.apache.org/maven2/com/jcraft/jsch.agentproxy.sshagent/0.0.9/jsch.agentproxy.sshagent-0.0.9-sources.jar
2025-07-17 17:28:45,532 [Worker-28: Download sources and javadoc] INFO  o.e.m.j.internal.DownloadSourcesJob - Downloaded sources for com.jcraft:jsch.agentproxy.sshagent:0.0.9
2025-07-17 17:28:45,607 [Worker-28: Download sources and javadoc] INFO  o.e.m.c.i.e.AbstractTransferListenerAdapter - Downloading https://repo.maven.apache.org/maven2/com/jcraft/jsch.agentproxy.core/0.0.9/jsch.agentproxy.core-0.0.9-sources.jar
2025-07-17 17:28:45,641 [Worker-28: Download sources and javadoc] INFO  o.e.m.c.i.e.AbstractTransferListenerAdapter - Downloaded https://repo.maven.apache.org/maven2/com/jcraft/jsch.agentproxy.core/0.0.9/jsch.agentproxy.core-0.0.9-sources.jar
2025-07-17 17:28:45,652 [Worker-28: Download sources and javadoc] INFO  o.e.m.j.internal.DownloadSourcesJob - Downloaded sources for com.jcraft:jsch.agentproxy.core:0.0.9
2025-07-17 17:28:45,765 [Worker-28: Download sources and javadoc] INFO  o.e.m.c.i.e.AbstractTransferListenerAdapter - Downloading https://repo.maven.apache.org/maven2/com/jcraft/jsch.agentproxy.jsch/0.0.9/jsch.agentproxy.jsch-0.0.9-sources.jar
2025-07-17 17:28:45,781 [Worker-28: Download sources and javadoc] INFO  o.e.m.c.i.e.AbstractTransferListenerAdapter - Downloaded https://repo.maven.apache.org/maven2/com/jcraft/jsch.agentproxy.jsch/0.0.9/jsch.agentproxy.jsch-0.0.9-sources.jar
2025-07-17 17:28:45,788 [Worker-28: Download sources and javadoc] INFO  o.e.m.j.internal.DownloadSourcesJob - Downloaded sources for com.jcraft:jsch.agentproxy.jsch:0.0.9
2025-07-17 17:28:45,857 [Worker-28: Download sources and javadoc] INFO  o.e.m.c.i.e.AbstractTransferListenerAdapter - Downloading https://repo.maven.apache.org/maven2/com/jcraft/jsch.agentproxy.usocket-jna/0.0.9/jsch.agentproxy.usocket-jna-0.0.9-sources.jar
2025-07-17 17:28:45,882 [Worker-28: Download sources and javadoc] INFO  o.e.m.c.i.e.AbstractTransferListenerAdapter - Downloaded https://repo.maven.apache.org/maven2/com/jcraft/jsch.agentproxy.usocket-jna/0.0.9/jsch.agentproxy.usocket-jna-0.0.9-sources.jar
2025-07-17 17:28:45,894 [Worker-28: Download sources and javadoc] INFO  o.e.m.j.internal.DownloadSourcesJob - Downloaded sources for com.jcraft:jsch.agentproxy.usocket-jna:0.0.9
2025-07-17 17:28:45,979 [Worker-28: Download sources and javadoc] INFO  o.e.m.c.i.e.AbstractTransferListenerAdapter - Downloading https://repo.maven.apache.org/maven2/net/java/dev/jna/jna/4.1.0/jna-4.1.0-sources.jar
2025-07-17 17:28:46,221 [Worker-28: Download sources and javadoc] INFO  o.e.m.c.i.e.AbstractTransferListenerAdapter - Downloaded https://repo.maven.apache.org/maven2/net/java/dev/jna/jna/4.1.0/jna-4.1.0-sources.jar
2025-07-17 17:28:46,230 [Worker-28: Download sources and javadoc] INFO  o.e.m.j.internal.DownloadSourcesJob - Downloaded sources for net.java.dev.jna:jna:4.1.0
2025-07-17 17:28:46,304 [Worker-28: Download sources and javadoc] INFO  o.e.m.c.i.e.AbstractTransferListenerAdapter - Downloading https://repo.maven.apache.org/maven2/net/java/dev/jna/jna-platform/4.1.0/jna-platform-4.1.0-sources.jar
2025-07-17 17:28:46,405 [Worker-28: Download sources and javadoc] INFO  o.e.m.c.i.e.AbstractTransferListenerAdapter - Downloaded https://repo.maven.apache.org/maven2/net/java/dev/jna/jna-platform/4.1.0/jna-platform-4.1.0-sources.jar
2025-07-17 17:28:46,415 [Worker-28: Download sources and javadoc] INFO  o.e.m.j.internal.DownloadSourcesJob - Downloaded sources for net.java.dev.jna:jna-platform:4.1.0
2025-07-17 17:28:46,524 [Worker-28: Download sources and javadoc] INFO  o.e.m.c.i.e.AbstractTransferListenerAdapter - Downloading https://repo.maven.apache.org/maven2/org/springframework/cloud/spring-cloud-contract-wiremock/4.3.0/spring-cloud-contract-wiremock-4.3.0-sources.jar
2025-07-17 17:28:46,617 [Worker-28: Download sources and javadoc] INFO  o.e.m.c.i.e.AbstractTransferListenerAdapter - Downloaded https://repo.maven.apache.org/maven2/org/springframework/cloud/spring-cloud-contract-wiremock/4.3.0/spring-cloud-contract-wiremock-4.3.0-sources.jar
2025-07-17 17:28:46,629 [Worker-28: Download sources and javadoc] INFO  o.e.m.j.internal.DownloadSourcesJob - Downloaded sources for org.springframework.cloud:spring-cloud-contract-wiremock:4.3.0
2025-07-17 17:28:46,709 [Worker-28: Download sources and javadoc] INFO  o.e.m.c.i.e.AbstractTransferListenerAdapter - Downloading https://repo.maven.apache.org/maven2/com/github/tomakehurst/wiremock-jre8-standalone/2.35.1/wiremock-jre8-standalone-2.35.1-sources.jar
2025-07-17 17:28:46,956 [Worker-28: Download sources and javadoc] INFO  o.e.m.c.i.e.AbstractTransferListenerAdapter - Downloaded https://repo.maven.apache.org/maven2/com/github/tomakehurst/wiremock-jre8-standalone/2.35.1/wiremock-jre8-standalone-2.35.1-sources.jar
2025-07-17 17:28:46,969 [Worker-28: Download sources and javadoc] INFO  o.e.m.j.internal.DownloadSourcesJob - Downloaded sources for com.github.tomakehurst:wiremock-jre8-standalone:2.35.1
2025-07-17 17:28:47,069 [Worker-28: Download sources and javadoc] INFO  o.e.m.c.i.e.AbstractTransferListenerAdapter - Downloading https://repo.maven.apache.org/maven2/org/springframework/cloud/spring-cloud-test-support/4.3.0/spring-cloud-test-support-4.3.0-sources.jar
2025-07-17 17:28:47,130 [Worker-28: Download sources and javadoc] INFO  o.e.m.c.i.e.AbstractTransferListenerAdapter - Downloaded https://repo.maven.apache.org/maven2/org/springframework/cloud/spring-cloud-test-support/4.3.0/spring-cloud-test-support-4.3.0-sources.jar
2025-07-17 17:28:47,140 [Worker-28: Download sources and javadoc] INFO  o.e.m.j.internal.DownloadSourcesJob - Downloaded sources for org.springframework.cloud:spring-cloud-test-support:4.3.0
2025-07-17 17:28:47,215 [Worker-28: Download sources and javadoc] INFO  o.e.m.c.i.e.AbstractTransferListenerAdapter - Downloading https://repo.maven.apache.org/maven2/org/apache/maven/resolver/maven-resolver-connector-basic/1.9.22/maven-resolver-connector-basic-1.9.22-sources.jar
2025-07-17 17:28:47,259 [Worker-28: Download sources and javadoc] INFO  o.e.m.c.i.e.AbstractTransferListenerAdapter - Downloaded https://repo.maven.apache.org/maven2/org/apache/maven/resolver/maven-resolver-connector-basic/1.9.22/maven-resolver-connector-basic-1.9.22-sources.jar
2025-07-17 17:28:47,279 [Worker-28: Download sources and javadoc] INFO  o.e.m.j.internal.DownloadSourcesJob - Downloaded sources for org.apache.maven.resolver:maven-resolver-connector-basic:1.9.22
2025-07-17 17:28:47,390 [Worker-28: Download sources and javadoc] INFO  o.e.m.c.i.e.AbstractTransferListenerAdapter - Downloading https://repo.maven.apache.org/maven2/org/apache/maven/resolver/maven-resolver-spi/1.9.22/maven-resolver-spi-1.9.22-sources.jar
2025-07-17 17:28:47,501 [Worker-28: Download sources and javadoc] INFO  o.e.m.c.i.e.AbstractTransferListenerAdapter - Downloaded https://repo.maven.apache.org/maven2/org/apache/maven/resolver/maven-resolver-spi/1.9.22/maven-resolver-spi-1.9.22-sources.jar
2025-07-17 17:28:47,511 [Worker-28: Download sources and javadoc] INFO  o.e.m.j.internal.DownloadSourcesJob - Downloaded sources for org.apache.maven.resolver:maven-resolver-spi:1.9.22
2025-07-17 17:28:47,595 [Worker-28: Download sources and javadoc] INFO  o.e.m.c.i.e.AbstractTransferListenerAdapter - Downloading https://repo.maven.apache.org/maven2/org/apache/maven/resolver/maven-resolver-util/1.9.22/maven-resolver-util-1.9.22-sources.jar
2025-07-17 17:28:47,893 [Worker-28: Download sources and javadoc] INFO  o.e.m.c.i.e.AbstractTransferListenerAdapter - Downloaded https://repo.maven.apache.org/maven2/org/apache/maven/resolver/maven-resolver-util/1.9.22/maven-resolver-util-1.9.22-sources.jar
2025-07-17 17:28:47,903 [Worker-28: Download sources and javadoc] INFO  o.e.m.j.internal.DownloadSourcesJob - Downloaded sources for org.apache.maven.resolver:maven-resolver-util:1.9.22
2025-07-17 17:28:47,972 [Worker-28: Download sources and javadoc] INFO  o.e.m.c.i.e.AbstractTransferListenerAdapter - Downloading https://repo.maven.apache.org/maven2/org/apache/maven/resolver/maven-resolver-impl/1.9.22/maven-resolver-impl-1.9.22-sources.jar
2025-07-17 17:28:48,501 [Worker-28: Download sources and javadoc] INFO  o.e.m.c.i.e.AbstractTransferListenerAdapter - Downloaded https://repo.maven.apache.org/maven2/org/apache/maven/resolver/maven-resolver-impl/1.9.22/maven-resolver-impl-1.9.22-sources.jar
2025-07-17 17:28:48,512 [Worker-28: Download sources and javadoc] INFO  o.e.m.j.internal.DownloadSourcesJob - Downloaded sources for org.apache.maven.resolver:maven-resolver-impl:1.9.22
2025-07-17 17:28:48,598 [Worker-28: Download sources and javadoc] INFO  o.e.m.c.i.e.AbstractTransferListenerAdapter - Downloading https://repo.maven.apache.org/maven2/org/apache/maven/resolver/maven-resolver-named-locks/1.9.22/maven-resolver-named-locks-1.9.22-sources.jar
2025-07-17 17:28:48,695 [Worker-28: Download sources and javadoc] INFO  o.e.m.c.i.e.AbstractTransferListenerAdapter - Downloaded https://repo.maven.apache.org/maven2/org/apache/maven/resolver/maven-resolver-named-locks/1.9.22/maven-resolver-named-locks-1.9.22-sources.jar
2025-07-17 17:28:48,707 [Worker-28: Download sources and javadoc] INFO  o.e.m.j.internal.DownloadSourcesJob - Downloaded sources for org.apache.maven.resolver:maven-resolver-named-locks:1.9.22
2025-07-17 17:28:48,778 [Worker-28: Download sources and javadoc] INFO  o.e.m.c.i.e.AbstractTransferListenerAdapter - Downloading https://repo.maven.apache.org/maven2/org/apache/maven/maven-resolver-provider/3.9.9/maven-resolver-provider-3.9.9-sources.jar
2025-07-17 17:28:48,870 [Worker-28: Download sources and javadoc] INFO  o.e.m.c.i.e.AbstractTransferListenerAdapter - Downloaded https://repo.maven.apache.org/maven2/org/apache/maven/maven-resolver-provider/3.9.9/maven-resolver-provider-3.9.9-sources.jar
2025-07-17 17:28:48,881 [Worker-28: Download sources and javadoc] INFO  o.e.m.j.internal.DownloadSourcesJob - Downloaded sources for org.apache.maven:maven-resolver-provider:3.9.9
2025-07-17 17:28:48,962 [Worker-28: Download sources and javadoc] INFO  o.e.m.c.i.e.AbstractTransferListenerAdapter - Downloading https://repo.maven.apache.org/maven2/org/apache/maven/maven-model/3.9.9/maven-model-3.9.9-sources.jar
2025-07-17 17:28:49,368 [Worker-28: Download sources and javadoc] INFO  o.e.m.c.i.e.AbstractTransferListenerAdapter - Downloaded https://repo.maven.apache.org/maven2/org/apache/maven/maven-model/3.9.9/maven-model-3.9.9-sources.jar
2025-07-17 17:28:49,373 [Worker-28: Download sources and javadoc] INFO  o.e.m.j.internal.DownloadSourcesJob - Downloaded sources for org.apache.maven:maven-model:3.9.9
2025-07-17 17:28:49,452 [Worker-28: Download sources and javadoc] INFO  o.e.m.c.i.e.AbstractTransferListenerAdapter - Downloading https://repo.maven.apache.org/maven2/org/apache/maven/maven-model-builder/3.9.9/maven-model-builder-3.9.9-sources.jar
2025-07-17 17:28:49,920 [Worker-28: Download sources and javadoc] INFO  o.e.m.c.i.e.AbstractTransferListenerAdapter - Downloaded https://repo.maven.apache.org/maven2/org/apache/maven/maven-model-builder/3.9.9/maven-model-builder-3.9.9-sources.jar
2025-07-17 17:28:49,928 [Worker-28: Download sources and javadoc] INFO  o.e.m.j.internal.DownloadSourcesJob - Downloaded sources for org.apache.maven:maven-model-builder:3.9.9
2025-07-17 17:28:50,000 [Worker-28: Download sources and javadoc] INFO  o.e.m.c.i.e.AbstractTransferListenerAdapter - Downloading https://repo.maven.apache.org/maven2/org/codehaus/plexus/plexus-interpolation/1.27/plexus-interpolation-1.27-sources.jar
2025-07-17 17:28:50,218 [Worker-28: Download sources and javadoc] INFO  o.e.m.c.i.e.AbstractTransferListenerAdapter - Downloaded https://repo.maven.apache.org/maven2/org/codehaus/plexus/plexus-interpolation/1.27/plexus-interpolation-1.27-sources.jar
2025-07-17 17:28:50,246 [Worker-28: Download sources and javadoc] INFO  o.e.m.j.internal.DownloadSourcesJob - Downloaded sources for org.codehaus.plexus:plexus-interpolation:1.27
2025-07-17 17:28:50,346 [Worker-28: Download sources and javadoc] INFO  o.e.m.c.i.e.AbstractTransferListenerAdapter - Downloading https://repo.maven.apache.org/maven2/org/apache/maven/maven-artifact/3.9.9/maven-artifact-3.9.9-sources.jar
2025-07-17 17:28:50,456 [Worker-28: Download sources and javadoc] INFO  o.e.m.c.i.e.AbstractTransferListenerAdapter - Downloaded https://repo.maven.apache.org/maven2/org/apache/maven/maven-artifact/3.9.9/maven-artifact-3.9.9-sources.jar
2025-07-17 17:28:50,464 [Worker-28: Download sources and javadoc] INFO  o.e.m.j.internal.DownloadSourcesJob - Downloaded sources for org.apache.maven:maven-artifact:3.9.9
2025-07-17 17:28:50,541 [Worker-28: Download sources and javadoc] INFO  o.e.m.c.i.e.AbstractTransferListenerAdapter - Downloading https://repo.maven.apache.org/maven2/org/apache/maven/maven-builder-support/3.9.9/maven-builder-support-3.9.9-sources.jar
2025-07-17 17:28:50,593 [Worker-28: Download sources and javadoc] INFO  o.e.m.c.i.e.AbstractTransferListenerAdapter - Downloaded https://repo.maven.apache.org/maven2/org/apache/maven/maven-builder-support/3.9.9/maven-builder-support-3.9.9-sources.jar
2025-07-17 17:28:50,611 [Worker-28: Download sources and javadoc] INFO  o.e.m.j.internal.DownloadSourcesJob - Downloaded sources for org.apache.maven:maven-builder-support:3.9.9
2025-07-17 17:28:50,692 [Worker-28: Download sources and javadoc] INFO  o.e.m.c.i.e.AbstractTransferListenerAdapter - Downloading https://repo.maven.apache.org/maven2/org/apache/maven/maven-repository-metadata/3.9.9/maven-repository-metadata-3.9.9-sources.jar
2025-07-17 17:28:50,766 [Worker-28: Download sources and javadoc] INFO  o.e.m.c.i.e.AbstractTransferListenerAdapter - Downloaded https://repo.maven.apache.org/maven2/org/apache/maven/maven-repository-metadata/3.9.9/maven-repository-metadata-3.9.9-sources.jar
2025-07-17 17:28:50,777 [Worker-28: Download sources and javadoc] INFO  o.e.m.j.internal.DownloadSourcesJob - Downloaded sources for org.apache.maven:maven-repository-metadata:3.9.9
2025-07-17 17:28:50,876 [Worker-28: Download sources and javadoc] INFO  o.e.m.c.i.e.AbstractTransferListenerAdapter - Downloading https://repo.maven.apache.org/maven2/org/apache/maven/resolver/maven-resolver-transport-http/1.9.22/maven-resolver-transport-http-1.9.22-sources.jar
2025-07-17 17:28:50,944 [Worker-28: Download sources and javadoc] INFO  o.e.m.c.i.e.AbstractTransferListenerAdapter - Downloaded https://repo.maven.apache.org/maven2/org/apache/maven/resolver/maven-resolver-transport-http/1.9.22/maven-resolver-transport-http-1.9.22-sources.jar
2025-07-17 17:28:50,965 [Worker-28: Download sources and javadoc] INFO  o.e.m.j.internal.DownloadSourcesJob - Downloaded sources for org.apache.maven.resolver:maven-resolver-transport-http:1.9.22
2025-07-17 17:28:51,056 [Worker-28: Download sources and javadoc] INFO  o.e.m.c.i.e.AbstractTransferListenerAdapter - Downloading https://repo.maven.apache.org/maven2/org/apache/httpcomponents/httpclient/4.5.14/httpclient-4.5.14-sources.jar
2025-07-17 17:28:51,159 [Worker-28: Download sources and javadoc] INFO  o.e.m.c.i.e.AbstractTransferListenerAdapter - Downloaded https://repo.maven.apache.org/maven2/org/apache/httpcomponents/httpclient/4.5.14/httpclient-4.5.14-sources.jar
2025-07-17 17:28:51,168 [Worker-28: Download sources and javadoc] INFO  o.e.m.j.internal.DownloadSourcesJob - Downloaded sources for org.apache.httpcomponents:httpclient:4.5.14
2025-07-17 17:28:51,241 [Worker-28: Download sources and javadoc] INFO  o.e.m.c.i.e.AbstractTransferListenerAdapter - Downloading https://repo.maven.apache.org/maven2/org/apache/maven/resolver/maven-resolver-api/1.9.18/maven-resolver-api-1.9.18-sources.jar
2025-07-17 17:28:51,583 [Worker-28: Download sources and javadoc] INFO  o.e.m.c.i.e.AbstractTransferListenerAdapter - Downloaded https://repo.maven.apache.org/maven2/org/apache/maven/resolver/maven-resolver-api/1.9.18/maven-resolver-api-1.9.18-sources.jar
2025-07-17 17:28:51,620 [Worker-28: Download sources and javadoc] INFO  o.e.m.j.internal.DownloadSourcesJob - Downloaded sources for org.apache.maven.resolver:maven-resolver-api:1.9.18
2025-07-17 17:28:51,712 [Worker-28: Download sources and javadoc] INFO  o.e.m.c.i.e.AbstractTransferListenerAdapter - Downloading https://repo.maven.apache.org/maven2/org/sonatype/sisu/sisu-inject-plexus/2.6.0/sisu-inject-plexus-2.6.0-sources.jar
2025-07-17 17:28:51,754 [Worker-28: Download sources and javadoc] INFO  o.e.m.c.i.e.AbstractTransferListenerAdapter - Downloaded https://repo.maven.apache.org/maven2/org/sonatype/sisu/sisu-inject-plexus/2.6.0/sisu-inject-plexus-2.6.0-sources.jar
2025-07-17 17:28:51,765 [Worker-28: Download sources and javadoc] INFO  o.e.m.j.internal.DownloadSourcesJob - Downloaded sources for org.sonatype.sisu:sisu-inject-plexus:2.6.0
2025-07-17 17:28:51,941 [Worker-28: Download sources and javadoc] INFO  o.e.m.c.i.e.AbstractTransferListenerAdapter - Downloading https://repo.maven.apache.org/maven2/org/codehaus/plexus/plexus-component-annotations/1.5.5/plexus-component-annotations-1.5.5-sources.jar
2025-07-17 17:28:51,955 [Worker-28: Download sources and javadoc] INFO  o.e.m.c.i.e.AbstractTransferListenerAdapter - Downloaded https://repo.maven.apache.org/maven2/org/codehaus/plexus/plexus-component-annotations/1.5.5/plexus-component-annotations-1.5.5-sources.jar
2025-07-17 17:28:51,963 [Worker-28: Download sources and javadoc] INFO  o.e.m.j.internal.DownloadSourcesJob - Downloaded sources for org.codehaus.plexus:plexus-component-annotations:1.5.5
2025-07-17 17:28:52,033 [Worker-28: Download sources and javadoc] INFO  o.e.m.c.i.e.AbstractTransferListenerAdapter - Downloading https://repo.maven.apache.org/maven2/org/codehaus/plexus/plexus-classworlds/2.5.2/plexus-classworlds-2.5.2-sources.jar
2025-07-17 17:28:52,115 [Worker-28: Download sources and javadoc] INFO  o.e.m.c.i.e.AbstractTransferListenerAdapter - Downloaded https://repo.maven.apache.org/maven2/org/codehaus/plexus/plexus-classworlds/2.5.2/plexus-classworlds-2.5.2-sources.jar
2025-07-17 17:28:52,141 [Worker-28: Download sources and javadoc] INFO  o.e.m.j.internal.DownloadSourcesJob - Downloaded sources for org.codehaus.plexus:plexus-classworlds:2.5.2
2025-07-17 17:28:52,219 [Worker-28: Download sources and javadoc] INFO  o.e.m.c.i.e.AbstractTransferListenerAdapter - Downloading https://repo.maven.apache.org/maven2/org/codehaus/plexus/plexus-utils/3.0.18/plexus-utils-3.0.18-sources.jar
2025-07-17 17:28:52,668 [Worker-28: Download sources and javadoc] INFO  o.e.m.c.i.e.AbstractTransferListenerAdapter - Downloaded https://repo.maven.apache.org/maven2/org/codehaus/plexus/plexus-utils/3.0.18/plexus-utils-3.0.18-sources.jar
2025-07-17 17:28:52,682 [Worker-28: Download sources and javadoc] INFO  o.e.m.j.internal.DownloadSourcesJob - Downloaded sources for org.codehaus.plexus:plexus-utils:3.0.18
2025-07-17 17:28:52,753 [Worker-28: Download sources and javadoc] INFO  o.e.m.c.i.e.AbstractTransferListenerAdapter - Downloading https://repo.maven.apache.org/maven2/org/sonatype/sisu/sisu-inject-bean/2.6.0/sisu-inject-bean-2.6.0-sources.jar
2025-07-17 17:28:52,856 [Worker-28: Download sources and javadoc] INFO  o.e.m.c.i.e.AbstractTransferListenerAdapter - Downloaded https://repo.maven.apache.org/maven2/org/sonatype/sisu/sisu-inject-bean/2.6.0/sisu-inject-bean-2.6.0-sources.jar
2025-07-17 17:28:52,870 [Worker-28: Download sources and javadoc] INFO  o.e.m.j.internal.DownloadSourcesJob - Downloaded sources for org.sonatype.sisu:sisu-inject-bean:2.6.0
2025-07-17 17:28:52,956 [Worker-28: Download sources and javadoc] INFO  o.e.m.c.i.e.AbstractTransferListenerAdapter - Downloading https://repo.maven.apache.org/maven2/javax/enterprise/cdi-api/1.0/cdi-api-1.0-sources.jar
2025-07-17 17:28:53,121 [Worker-28: Download sources and javadoc] INFO  o.e.m.c.i.e.AbstractTransferListenerAdapter - Downloaded https://repo.maven.apache.org/maven2/javax/enterprise/cdi-api/1.0/cdi-api-1.0-sources.jar
2025-07-17 17:28:53,145 [Worker-28: Download sources and javadoc] INFO  o.e.m.j.internal.DownloadSourcesJob - Downloaded sources for javax.enterprise:cdi-api:1.0
2025-07-17 17:28:53,250 [Worker-28: Download sources and javadoc] INFO  o.e.m.c.i.e.AbstractTransferListenerAdapter - Downloading https://repo.maven.apache.org/maven2/javax/annotation/jsr250-api/1.0/jsr250-api-1.0-sources.jar
2025-07-17 17:28:53,297 [Worker-28: Download sources and javadoc] INFO  o.e.m.c.i.e.AbstractTransferListenerAdapter - Downloaded https://repo.maven.apache.org/maven2/javax/annotation/jsr250-api/1.0/jsr250-api-1.0-sources.jar
2025-07-17 17:28:53,318 [Worker-28: Download sources and javadoc] INFO  o.e.m.j.internal.DownloadSourcesJob - Downloaded sources for javax.annotation:jsr250-api:1.0
2025-07-17 17:28:53,397 [Worker-28: Download sources and javadoc] INFO  o.e.m.c.i.e.AbstractTransferListenerAdapter - Downloading https://repo.maven.apache.org/maven2/org/sonatype/sisu/sisu-guice/3.2.5/sisu-guice-3.2.5-sources.jar
2025-07-17 17:28:53,885 [Worker-28: Download sources and javadoc] INFO  o.e.m.c.i.e.AbstractTransferListenerAdapter - Downloaded https://repo.maven.apache.org/maven2/org/sonatype/sisu/sisu-guice/3.2.5/sisu-guice-3.2.5-sources.jar
2025-07-17 17:28:53,905 [Worker-28: Download sources and javadoc] INFO  o.e.m.j.internal.DownloadSourcesJob - Downloaded sources for org.sonatype.sisu:sisu-guice:3.2.5no_aop
2025-07-17 17:28:54,020 [Worker-28: Download sources and javadoc] INFO  o.e.m.c.i.e.AbstractTransferListenerAdapter - Downloading https://repo.maven.apache.org/maven2/com/google/guava/guava/16.0.1/guava-16.0.1-sources.jar
2025-07-17 17:28:54,223 [Worker-28: Download sources and javadoc] INFO  o.e.m.c.i.e.AbstractTransferListenerAdapter - Downloaded https://repo.maven.apache.org/maven2/com/google/guava/guava/16.0.1/guava-16.0.1-sources.jar
2025-07-17 17:28:54,236 [Worker-28: Download sources and javadoc] INFO  o.e.m.j.internal.DownloadSourcesJob - Downloaded sources for com.google.guava:guava:16.0.1
2025-07-17 17:28:54,316 [Worker-28: Download sources and javadoc] INFO  o.e.m.c.i.e.AbstractTransferListenerAdapter - Downloading https://repo.maven.apache.org/maven2/org/eclipse/sisu/org.eclipse.sisu.inject/0.3.0/org.eclipse.sisu.inject-0.3.0-sources.jar
2025-07-17 17:28:54,804 [Worker-28: Download sources and javadoc] INFO  o.e.m.c.i.e.AbstractTransferListenerAdapter - Downloaded https://repo.maven.apache.org/maven2/org/eclipse/sisu/org.eclipse.sisu.inject/0.3.0/org.eclipse.sisu.inject-0.3.0-sources.jar
2025-07-17 17:28:54,828 [Worker-28: Download sources and javadoc] INFO  o.e.m.j.internal.DownloadSourcesJob - Downloaded sources for org.eclipse.sisu:org.eclipse.sisu.inject:0.3.0
2025-07-17 17:28:54,911 [Worker-28: Download sources and javadoc] INFO  o.e.m.c.i.e.AbstractTransferListenerAdapter - Downloading https://repo.maven.apache.org/maven2/org/eclipse/sisu/org.eclipse.sisu.plexus/0.3.0/org.eclipse.sisu.plexus-0.3.0-sources.jar
2025-07-17 17:28:55,269 [Worker-28: Download sources and javadoc] INFO  o.e.m.c.i.e.AbstractTransferListenerAdapter - Downloaded https://repo.maven.apache.org/maven2/org/eclipse/sisu/org.eclipse.sisu.plexus/0.3.0/org.eclipse.sisu.plexus-0.3.0-sources.jar
2025-07-17 17:28:55,284 [Worker-28: Download sources and javadoc] INFO  o.e.m.j.internal.DownloadSourcesJob - Downloaded sources for org.eclipse.sisu:org.eclipse.sisu.plexus:0.3.0
2025-07-17 17:31:54,146 [Worker-0: Download sources and javadoc] INFO  o.e.m.c.i.e.AbstractTransferListenerAdapter - Downloading https://repo.maven.apache.org/maven2/org/springframework/cloud/spring-cloud-starter-gateway-server-webflux/4.3.0/spring-cloud-starter-gateway-server-webflux-4.3.0-javadoc.jar
2025-07-17 17:31:54,154 [Worker-0: Download sources and javadoc] INFO  o.e.m.c.i.e.AbstractTransferListenerAdapter - Downloaded https://repo.maven.apache.org/maven2/org/springframework/cloud/spring-cloud-starter-gateway-server-webflux/4.3.0/spring-cloud-starter-gateway-server-webflux-4.3.0-javadoc.jar
2025-07-17 17:31:54,160 [Worker-0: Download sources and javadoc] INFO  o.e.m.j.internal.DownloadSourcesJob - Downloaded javadoc for org.springframework.cloud:spring-cloud-starter-gateway-server-webflux:4.3.0
2025-07-17 17:31:55,816 [Worker-39: Download sources and javadoc] INFO  o.e.m.c.i.e.AbstractTransferListenerAdapter - Downloading https://repo.maven.apache.org/maven2/org/springframework/cloud/spring-cloud-starter-contract-stub-runner/4.3.0/spring-cloud-starter-contract-stub-runner-4.3.0-javadoc.jar
2025-07-17 17:31:55,856 [Worker-39: Download sources and javadoc] INFO  o.e.m.c.i.e.AbstractTransferListenerAdapter - Downloaded https://repo.maven.apache.org/maven2/org/springframework/cloud/spring-cloud-starter-contract-stub-runner/4.3.0/spring-cloud-starter-contract-stub-runner-4.3.0-javadoc.jar
2025-07-17 17:31:55,867 [Worker-39: Download sources and javadoc] INFO  o.e.m.j.internal.DownloadSourcesJob - Downloaded javadoc for org.springframework.cloud:spring-cloud-starter-contract-stub-runner:4.3.0
2025-07-17 17:31:55,955 [Worker-39: Download sources and javadoc] INFO  o.e.m.c.i.e.AbstractTransferListenerAdapter - Downloading https://repo.maven.apache.org/maven2/org/springframework/cloud/spring-cloud-contract-spec/4.3.0/spring-cloud-contract-spec-4.3.0-javadoc.jar
2025-07-17 17:31:55,970 [Worker-39: Download sources and javadoc] INFO  o.e.m.c.i.e.AbstractTransferListenerAdapter - Downloaded https://repo.maven.apache.org/maven2/org/springframework/cloud/spring-cloud-contract-spec/4.3.0/spring-cloud-contract-spec-4.3.0-javadoc.jar
2025-07-17 17:31:55,980 [Worker-39: Download sources and javadoc] INFO  o.e.m.j.internal.DownloadSourcesJob - Downloaded javadoc for org.springframework.cloud:spring-cloud-contract-spec:4.3.0
2025-07-17 19:23:45,304 [Worker-8: Loading available Gradle versions] INFO  o.e.b.c.i.u.g.PublishedGradleVersions - Gradle version information cache is up-to-date. Trying to read.
2025-07-17 20:04:50,844 [Worker-17: Building] INFO  o.a.m.s.f.DefaultMavenResourcesFiltering - Copying 1 resource from src\main\resources to target\classes
2025-07-17 20:04:50,900 [Worker-17: Building] INFO  o.a.m.s.f.DefaultMavenResourcesFiltering - Copying 0 resource from src\main\resources to target\classes
2025-07-17 20:04:50,915 [Worker-17: Building] INFO  o.a.m.s.f.DefaultMavenResourcesFiltering - skip non existing resourceDirectory C:\Projects\Microservices\InusrerManageUsersMicroservice\src\test\resources
2025-07-17 21:02:09,743 [Worker-24: Building] INFO  o.a.m.s.f.DefaultMavenResourcesFiltering - Copying 1 resource from src\main\resources to target\classes
2025-07-17 21:02:09,755 [Worker-24: Building] INFO  o.a.m.s.f.DefaultMavenResourcesFiltering - Copying 0 resource from src\main\resources to target\classes
2025-07-17 21:02:09,759 [Worker-24: Building] INFO  o.a.m.s.f.DefaultMavenResourcesFiltering - skip non existing resourceDirectory C:\Projects\Microservices\AdminMicroservice\src\test\resources
2025-07-17 21:03:48,538 [Worker-30: Launching HospitalClaimsMicroservice - HospitalClaimsMicroserviceApplication] INFO  o.a.m.s.f.DefaultMavenResourcesFiltering - Copying 1 resource from src\main\resources to target\classes
2025-07-17 21:03:48,579 [Worker-30: Launching HospitalClaimsMicroservice - HospitalClaimsMicroserviceApplication] INFO  o.a.m.s.f.DefaultMavenResourcesFiltering - Copying 0 resource from src\main\resources to target\classes
2025-07-17 21:03:48,591 [Worker-30: Launching HospitalClaimsMicroservice - HospitalClaimsMicroserviceApplication] INFO  o.a.m.s.f.DefaultMavenResourcesFiltering - skip non existing resourceDirectory C:\Projects\Microservices\HospitalClaimsMicroservice\src\test\resources
2025-07-17 21:04:06,018 [Worker-30: Launching HospitalClaimsQueriesMicroservice - HospitalClaimsQueriesMicroserviceApplication] INFO  o.a.m.s.f.DefaultMavenResourcesFiltering - Copying 1 resource from src\main\resources to target\classes
2025-07-17 21:04:06,048 [Worker-30: Launching HospitalClaimsQueriesMicroservice - HospitalClaimsQueriesMicroserviceApplication] INFO  o.a.m.s.f.DefaultMavenResourcesFiltering - Copying 0 resource from src\main\resources to target\classes
2025-07-17 21:04:06,055 [Worker-30: Launching HospitalClaimsQueriesMicroservice - HospitalClaimsQueriesMicroserviceApplication] INFO  o.a.m.s.f.DefaultMavenResourcesFiltering - skip non existing resourceDirectory C:\Projects\Microservices\HospitalClaimsQueriesMicroservice\src\test\resources
2025-07-17 21:15:05,985 [Worker-37: Building] INFO  o.a.m.s.f.DefaultMavenResourcesFiltering - Copying 1 resource from src\main\resources to target\classes
2025-07-17 21:15:05,998 [Worker-37: Building] INFO  o.a.m.s.f.DefaultMavenResourcesFiltering - Copying 0 resource from src\main\resources to target\classes
2025-07-17 21:15:06,005 [Worker-37: Building] INFO  o.a.m.s.f.DefaultMavenResourcesFiltering - skip non existing resourceDirectory C:\Projects\Microservices\AdminMicroservice\src\test\resources
2025-07-17 21:15:29,414 [Worker-33: Building] INFO  o.a.m.s.f.DefaultMavenResourcesFiltering - Copying 1 resource from src\main\resources to target\classes
2025-07-17 21:15:29,423 [Worker-33: Building] INFO  o.a.m.s.f.DefaultMavenResourcesFiltering - Copying 0 resource from src\main\resources to target\classes
2025-07-17 21:15:29,428 [Worker-33: Building] INFO  o.a.m.s.f.DefaultMavenResourcesFiltering - skip non existing resourceDirectory C:\Projects\Microservices\HospitalClaimsMicroservice\src\test\resources
2025-07-17 21:15:48,618 [Worker-36: Building] INFO  o.a.m.s.f.DefaultMavenResourcesFiltering - Copying 1 resource from src\main\resources to target\classes
2025-07-17 21:15:48,624 [Worker-36: Building] INFO  o.a.m.s.f.DefaultMavenResourcesFiltering - Copying 0 resource from src\main\resources to target\classes
2025-07-17 21:15:48,626 [Worker-36: Building] INFO  o.a.m.s.f.DefaultMavenResourcesFiltering - skip non existing resourceDirectory C:\Projects\Microservices\HospitalClaimsQueriesMicroservice\src\test\resources
2025-07-17 21:25:20,407 [Worker-35: Building] INFO  o.a.m.s.f.DefaultMavenResourcesFiltering - Copying 1 resource from src\main\resources to target\classes
2025-07-17 21:25:20,417 [Worker-35: Building] INFO  o.a.m.s.f.DefaultMavenResourcesFiltering - Copying 0 resource from src\main\resources to target\classes
2025-07-17 21:25:20,420 [Worker-35: Building] INFO  o.a.m.s.f.DefaultMavenResourcesFiltering - skip non existing resourceDirectory C:\Projects\Microservices\InusrerManageUsersMicroservice\src\test\resources
2025-07-17 21:30:33,520 [Worker-23: Building] INFO  o.a.m.s.f.DefaultMavenResourcesFiltering - Copying 1 resource from src\main\resources to target\classes
2025-07-17 21:30:33,528 [Worker-23: Building] INFO  o.a.m.s.f.DefaultMavenResourcesFiltering - Copying 0 resource from src\main\resources to target\classes
2025-07-17 21:30:33,531 [Worker-23: Building] INFO  o.a.m.s.f.DefaultMavenResourcesFiltering - skip non existing resourceDirectory C:\Projects\Microservices\InusrerManageUsersMicroservice\src\test\resources
2025-07-17 21:32:16,253 [Worker-36: Building] INFO  o.a.m.s.f.DefaultMavenResourcesFiltering - Copying 1 resource from src\main\resources to target\classes
2025-07-17 21:32:16,263 [Worker-36: Building] INFO  o.a.m.s.f.DefaultMavenResourcesFiltering - Copying 0 resource from src\main\resources to target\classes
2025-07-17 21:32:16,269 [Worker-36: Building] INFO  o.a.m.s.f.DefaultMavenResourcesFiltering - skip non existing resourceDirectory C:\Projects\Microservices\InusrerManageUsersMicroservice\src\test\resources
2025-07-17 21:52:02,698 [Worker-27: Building] INFO  o.a.m.s.f.DefaultMavenResourcesFiltering - Copying 1 resource from src\main\resources to target\classes
2025-07-17 21:52:02,708 [Worker-27: Building] INFO  o.a.m.s.f.DefaultMavenResourcesFiltering - Copying 0 resource from src\main\resources to target\classes
2025-07-17 21:52:02,738 [Worker-27: Building] INFO  o.a.m.s.f.DefaultMavenResourcesFiltering - skip non existing resourceDirectory C:\Projects\Microservices\InusrerManageUsersMicroservice\src\test\resources
2025-07-17 21:56:17,023 [Worker-33: Building] INFO  o.a.m.s.f.DefaultMavenResourcesFiltering - Copying 1 resource from src\main\resources to target\classes
2025-07-17 21:56:17,028 [Worker-33: Building] INFO  o.a.m.s.f.DefaultMavenResourcesFiltering - Copying 0 resource from src\main\resources to target\classes
2025-07-17 21:56:17,030 [Worker-33: Building] INFO  o.a.m.s.f.DefaultMavenResourcesFiltering - skip non existing resourceDirectory C:\Projects\Microservices\InusrerManageUsersMicroservice\src\test\resources
2025-07-17 22:00:54,010 [Worker-36: Building] INFO  o.a.m.s.f.DefaultMavenResourcesFiltering - Copying 1 resource from src\main\resources to target\classes
2025-07-17 22:00:54,021 [Worker-36: Building] INFO  o.a.m.s.f.DefaultMavenResourcesFiltering - Copying 0 resource from src\main\resources to target\classes
2025-07-17 22:00:54,026 [Worker-36: Building] INFO  o.a.m.s.f.DefaultMavenResourcesFiltering - skip non existing resourceDirectory C:\Projects\Microservices\InusrerManageUsersMicroservice\src\test\resources
2025-07-17 22:04:15,442 [Worker-37: Building] INFO  o.a.m.s.f.DefaultMavenResourcesFiltering - Copying 1 resource from src\main\resources to target\classes
2025-07-17 22:04:15,450 [Worker-37: Building] INFO  o.a.m.s.f.DefaultMavenResourcesFiltering - Copying 0 resource from src\main\resources to target\classes
2025-07-17 22:04:15,452 [Worker-37: Building] INFO  o.a.m.s.f.DefaultMavenResourcesFiltering - skip non existing resourceDirectory C:\Projects\Microservices\InusrerManageUsersMicroservice\src\test\resources
2025-07-17 22:15:12,067 [Worker-39: Building] INFO  o.a.m.s.f.DefaultMavenResourcesFiltering - Copying 1 resource from src\main\resources to target\classes
2025-07-17 22:15:12,076 [Worker-39: Building] INFO  o.a.m.s.f.DefaultMavenResourcesFiltering - Copying 0 resource from src\main\resources to target\classes
2025-07-17 22:15:12,080 [Worker-39: Building] INFO  o.a.m.s.f.DefaultMavenResourcesFiltering - skip non existing resourceDirectory C:\Projects\Microservices\InusrerManageUsersMicroservice\src\test\resources
2025-07-18 09:18:17,515 [Worker-6: Loading available Gradle versions] INFO  o.e.b.c.i.u.g.PublishedGradleVersions - Gradle version information cache is up-to-date. Trying to read.
2025-07-18 09:42:06,931 [Worker-6: Launching InusrerManageUsersMicroservice - InusrermanageusersApplication] INFO  o.a.m.s.f.DefaultMavenResourcesFiltering - Copying 1 resource from src\main\resources to target\classes
2025-07-18 09:42:06,955 [Worker-6: Launching InusrerManageUsersMicroservice - InusrermanageusersApplication] INFO  o.a.m.s.f.DefaultMavenResourcesFiltering - Copying 0 resource from src\main\resources to target\classes
2025-07-18 09:42:06,959 [Worker-6: Launching InusrerManageUsersMicroservice - InusrermanageusersApplication] INFO  o.a.m.s.f.DefaultMavenResourcesFiltering - skip non existing resourceDirectory C:\Projects\Microservices\InusrerManageUsersMicroservice\src\test\resources
2025-07-18 10:05:36,907 [Worker-19: Building] INFO  o.a.m.s.f.DefaultMavenResourcesFiltering - Copying 1 resource from src\main\resources to target\classes
2025-07-18 10:05:36,916 [Worker-19: Building] INFO  o.a.m.s.f.DefaultMavenResourcesFiltering - Copying 0 resource from src\main\resources to target\classes
2025-07-18 10:05:36,920 [Worker-19: Building] INFO  o.a.m.s.f.DefaultMavenResourcesFiltering - skip non existing resourceDirectory C:\Projects\Microservices\InusrerManageUsersMicroservice\src\test\resources
2025-07-18 10:25:30,189 [Worker-23: Building] INFO  o.a.m.s.f.DefaultMavenResourcesFiltering - Copying 1 resource from src\main\resources to target\classes
2025-07-18 10:25:30,197 [Worker-23: Building] INFO  o.a.m.s.f.DefaultMavenResourcesFiltering - Copying 0 resource from src\main\resources to target\classes
2025-07-18 10:25:30,201 [Worker-23: Building] INFO  o.a.m.s.f.DefaultMavenResourcesFiltering - skip non existing resourceDirectory C:\Projects\Microservices\InusrerManageUsersMicroservice\src\test\resources
2025-07-18 10:25:58,066 [Worker-24: Building] INFO  o.a.m.s.f.DefaultMavenResourcesFiltering - Copying 1 resource from src\main\resources to target\classes
2025-07-18 10:25:58,072 [Worker-24: Building] INFO  o.a.m.s.f.DefaultMavenResourcesFiltering - Copying 0 resource from src\main\resources to target\classes
2025-07-18 10:25:58,076 [Worker-24: Building] INFO  o.a.m.s.f.DefaultMavenResourcesFiltering - skip non existing resourceDirectory C:\Projects\Microservices\InusrerManageUsersMicroservice\src\test\resources
2025-07-18 10:44:51,918 [Worker-25: Building] INFO  o.a.m.s.f.DefaultMavenResourcesFiltering - Copying 1 resource from src\main\resources to target\classes
2025-07-18 10:44:51,954 [Worker-25: Building] INFO  o.a.m.s.f.DefaultMavenResourcesFiltering - Copying 0 resource from src\main\resources to target\classes
2025-07-18 10:44:51,960 [Worker-25: Building] INFO  o.a.m.s.f.DefaultMavenResourcesFiltering - skip non existing resourceDirectory C:\Projects\Microservices\ApiGatewayMicroservice\src\test\resources
2025-07-18 10:49:30,382 [Worker-23: Building] INFO  o.a.m.s.f.DefaultMavenResourcesFiltering - Copying 1 resource from src\main\resources to target\classes
2025-07-18 10:49:30,391 [Worker-23: Building] INFO  o.a.m.s.f.DefaultMavenResourcesFiltering - Copying 0 resource from src\main\resources to target\classes
2025-07-18 10:49:30,394 [Worker-23: Building] INFO  o.a.m.s.f.DefaultMavenResourcesFiltering - skip non existing resourceDirectory C:\Projects\Microservices\ApiGatewayMicroservice\src\test\resources
2025-07-18 10:50:25,230 [Worker-18: Building] INFO  o.a.m.s.f.DefaultMavenResourcesFiltering - Copying 1 resource from src\main\resources to target\classes
2025-07-18 10:50:25,248 [Worker-18: Building] INFO  o.a.m.s.f.DefaultMavenResourcesFiltering - Copying 0 resource from src\main\resources to target\classes
2025-07-18 10:50:25,255 [Worker-18: Building] INFO  o.a.m.s.f.DefaultMavenResourcesFiltering - skip non existing resourceDirectory C:\Projects\Microservices\LoginMicroservice\src\test\resources
2025-07-18 10:50:35,303 [Worker-19: Building] INFO  o.a.m.s.f.DefaultMavenResourcesFiltering - Copying 1 resource from src\main\resources to target\classes
2025-07-18 10:50:35,309 [Worker-19: Building] INFO  o.a.m.s.f.DefaultMavenResourcesFiltering - Copying 0 resource from src\main\resources to target\classes
2025-07-18 10:50:35,312 [Worker-19: Building] INFO  o.a.m.s.f.DefaultMavenResourcesFiltering - skip non existing resourceDirectory C:\Projects\Microservices\InusrerManageUsersMicroservice\src\test\resources
2025-07-18 10:52:58,101 [Worker-27: Building] INFO  o.a.m.s.f.DefaultMavenResourcesFiltering - Copying 1 resource from src\main\resources to target\classes
2025-07-18 10:52:58,109 [Worker-27: Building] INFO  o.a.m.s.f.DefaultMavenResourcesFiltering - Copying 0 resource from src\main\resources to target\classes
2025-07-18 10:52:58,112 [Worker-27: Building] INFO  o.a.m.s.f.DefaultMavenResourcesFiltering - skip non existing resourceDirectory C:\Projects\Microservices\LoginMicroservice\src\test\resources
2025-07-18 10:58:54,992 [Worker-24: Building] INFO  o.a.m.s.f.DefaultMavenResourcesFiltering - Copying 1 resource from src\main\resources to target\classes
2025-07-18 10:58:55,000 [Worker-24: Building] INFO  o.a.m.s.f.DefaultMavenResourcesFiltering - Copying 0 resource from src\main\resources to target\classes
2025-07-18 10:58:55,004 [Worker-24: Building] INFO  o.a.m.s.f.DefaultMavenResourcesFiltering - skip non existing resourceDirectory C:\Projects\Microservices\LoginMicroservice\src\test\resources
2025-07-18 10:59:18,163 [Worker-24: Building] INFO  o.a.m.s.f.DefaultMavenResourcesFiltering - Copying 1 resource from src\main\resources to target\classes
2025-07-18 10:59:18,172 [Worker-24: Building] INFO  o.a.m.s.f.DefaultMavenResourcesFiltering - Copying 0 resource from src\main\resources to target\classes
2025-07-18 10:59:18,175 [Worker-24: Building] INFO  o.a.m.s.f.DefaultMavenResourcesFiltering - skip non existing resourceDirectory C:\Projects\Microservices\LoginMicroservice\src\test\resources
2025-07-18 11:03:01,795 [Worker-27: Building] INFO  o.a.m.s.f.DefaultMavenResourcesFiltering - Copying 1 resource from src\main\resources to target\classes
2025-07-18 11:03:01,802 [Worker-27: Building] INFO  o.a.m.s.f.DefaultMavenResourcesFiltering - Copying 0 resource from src\main\resources to target\classes
2025-07-18 11:03:01,806 [Worker-27: Building] INFO  o.a.m.s.f.DefaultMavenResourcesFiltering - skip non existing resourceDirectory C:\Projects\Microservices\LoginMicroservice\src\test\resources
2025-07-18 11:03:43,711 [Worker-26: Building] INFO  o.a.m.s.f.DefaultMavenResourcesFiltering - Copying 1 resource from src\main\resources to target\classes
2025-07-18 11:03:43,722 [Worker-26: Building] INFO  o.a.m.s.f.DefaultMavenResourcesFiltering - Copying 0 resource from src\main\resources to target\classes
2025-07-18 11:03:43,729 [Worker-26: Building] INFO  o.a.m.s.f.DefaultMavenResourcesFiltering - skip non existing resourceDirectory C:\Projects\Microservices\LoginMicroservice\src\test\resources
2025-07-18 11:17:23,338 [Worker-35: Building] INFO  o.a.m.s.f.DefaultMavenResourcesFiltering - Copying 1 resource from src\main\resources to target\classes
2025-07-18 11:17:23,356 [Worker-35: Building] INFO  o.a.m.s.f.DefaultMavenResourcesFiltering - Copying 0 resource from src\main\resources to target\classes
2025-07-18 11:17:23,360 [Worker-35: Building] INFO  o.a.m.s.f.DefaultMavenResourcesFiltering - skip non existing resourceDirectory C:\Projects\Microservices\AdminMicroservice\src\test\resources
2025-07-18 11:35:23,291 [Worker-33: Building] INFO  o.a.m.s.f.DefaultMavenResourcesFiltering - Copying 1 resource from src\main\resources to target\classes
2025-07-18 11:35:23,304 [Worker-33: Building] INFO  o.a.m.s.f.DefaultMavenResourcesFiltering - Copying 0 resource from src\main\resources to target\classes
2025-07-18 11:35:23,309 [Worker-33: Building] INFO  o.a.m.s.f.DefaultMavenResourcesFiltering - skip non existing resourceDirectory C:\Projects\Microservices\VerifierMicroservice\src\test\resources
2025-07-18 11:41:21,916 [Worker-31: Building] INFO  o.a.m.s.f.DefaultMavenResourcesFiltering - Copying 1 resource from src\main\resources to target\classes
2025-07-18 11:41:21,932 [Worker-31: Building] INFO  o.a.m.s.f.DefaultMavenResourcesFiltering - Copying 0 resource from src\main\resources to target\classes
2025-07-18 11:41:21,938 [Worker-31: Building] INFO  o.a.m.s.f.DefaultMavenResourcesFiltering - skip non existing resourceDirectory C:\Projects\Microservices\HospitalClaimsMicroservice\src\test\resources
2025-07-18 11:56:02,553 [Worker-23: Building] INFO  o.a.m.s.f.DefaultMavenResourcesFiltering - Copying 1 resource from src\main\resources to target\classes
2025-07-18 11:56:02,577 [Worker-23: Building] INFO  o.a.m.s.f.DefaultMavenResourcesFiltering - Copying 0 resource from src\main\resources to target\classes
2025-07-18 11:56:02,591 [Worker-23: Building] INFO  o.a.m.s.f.DefaultMavenResourcesFiltering - skip non existing resourceDirectory C:\Projects\Microservices\CustomerClaimsMicroservice\src\test\resources
2025-07-18 11:57:06,941 [Worker-19: Building] INFO  o.a.m.s.f.DefaultMavenResourcesFiltering - Copying 1 resource from src\main\resources to target\classes
2025-07-18 11:57:06,957 [Worker-19: Building] INFO  o.a.m.s.f.DefaultMavenResourcesFiltering - Copying 0 resource from src\main\resources to target\classes
2025-07-18 11:57:06,962 [Worker-19: Building] INFO  o.a.m.s.f.DefaultMavenResourcesFiltering - skip non existing resourceDirectory C:\Projects\Microservices\CustomerClaimsQueriesMicroservice\src\test\resources
2025-07-18 12:14:11,458 [Worker-23: Building] INFO  o.a.m.s.f.DefaultMavenResourcesFiltering - Copying 1 resource from src\main\resources to target\classes
2025-07-18 12:14:11,476 [Worker-23: Building] INFO  o.a.m.s.f.DefaultMavenResourcesFiltering - Copying 0 resource from src\main\resources to target\classes
2025-07-18 12:14:11,484 [Worker-23: Building] INFO  o.a.m.s.f.DefaultMavenResourcesFiltering - skip non existing resourceDirectory C:\Projects\Microservices\InusrerManageUsersMicroservice\src\test\resources
2025-07-18 12:14:37,155 [Worker-7: Building] INFO  o.a.m.s.f.DefaultMavenResourcesFiltering - Copying 1 resource from src\main\resources to target\classes
2025-07-18 12:14:37,162 [Worker-7: Building] INFO  o.a.m.s.f.DefaultMavenResourcesFiltering - Copying 0 resource from src\main\resources to target\classes
2025-07-18 12:14:37,166 [Worker-7: Building] INFO  o.a.m.s.f.DefaultMavenResourcesFiltering - skip non existing resourceDirectory C:\Projects\Microservices\InusrerManageUsersMicroservice\src\test\resources
2025-07-18 12:15:09,184 [Worker-30: Building] INFO  o.a.m.s.f.DefaultMavenResourcesFiltering - Copying 1 resource from src\main\resources to target\classes
2025-07-18 12:15:09,191 [Worker-30: Building] INFO  o.a.m.s.f.DefaultMavenResourcesFiltering - Copying 0 resource from src\main\resources to target\classes
2025-07-18 12:15:09,195 [Worker-30: Building] INFO  o.a.m.s.f.DefaultMavenResourcesFiltering - skip non existing resourceDirectory C:\Projects\Microservices\InusrerManageUsersMicroservice\src\test\resources
2025-07-18 12:28:37,519 [Worker-30: Building] INFO  o.a.m.s.f.DefaultMavenResourcesFiltering - Copying 1 resource from src\main\resources to target\classes
2025-07-18 12:28:37,525 [Worker-30: Building] INFO  o.a.m.s.f.DefaultMavenResourcesFiltering - Copying 0 resource from src\main\resources to target\classes
2025-07-18 12:28:37,527 [Worker-30: Building] INFO  o.a.m.s.f.DefaultMavenResourcesFiltering - skip non existing resourceDirectory C:\Projects\Microservices\InusrerManageUsersMicroservice\src\test\resources
2025-07-18 12:36:44,166 [Worker-25: Building] INFO  o.a.m.s.f.DefaultMavenResourcesFiltering - Copying 2 resources from src\main\resources to target\classes
2025-07-18 12:36:44,189 [Worker-25: Building] INFO  o.a.m.s.f.DefaultMavenResourcesFiltering - Copying 0 resource from src\main\resources to target\classes
2025-07-18 12:36:44,195 [Worker-25: Building] INFO  o.a.m.s.f.DefaultMavenResourcesFiltering - skip non existing resourceDirectory C:\Projects\Microservices\ApiGatewayMicroservice\src\test\resources
2025-07-18 12:38:32,768 [Worker-26: Building] INFO  o.a.m.s.f.DefaultMavenResourcesFiltering - Copying 1 resource from src\main\resources to target\classes
2025-07-18 12:38:32,775 [Worker-26: Building] INFO  o.a.m.s.f.DefaultMavenResourcesFiltering - Copying 0 resource from src\main\resources to target\classes
2025-07-18 12:38:32,777 [Worker-26: Building] INFO  o.a.m.s.f.DefaultMavenResourcesFiltering - skip non existing resourceDirectory C:\Projects\Microservices\CustomerClaimsMicroservice\src\test\resources
2025-07-18 12:38:46,084 [Worker-39: Building] INFO  o.a.m.s.f.DefaultMavenResourcesFiltering - Copying 1 resource from src\main\resources to target\classes
2025-07-18 12:38:46,091 [Worker-39: Building] INFO  o.a.m.s.f.DefaultMavenResourcesFiltering - Copying 0 resource from src\main\resources to target\classes
2025-07-18 12:38:46,093 [Worker-39: Building] INFO  o.a.m.s.f.DefaultMavenResourcesFiltering - skip non existing resourceDirectory C:\Projects\Microservices\CustomerClaimsQueriesMicroservice\src\test\resources
2025-07-18 12:39:09,521 [Worker-39: Building] INFO  o.a.m.s.f.DefaultMavenResourcesFiltering - Copying 1 resource from src\main\resources to target\classes
2025-07-18 12:39:09,526 [Worker-39: Building] INFO  o.a.m.s.f.DefaultMavenResourcesFiltering - Copying 0 resource from src\main\resources to target\classes
2025-07-18 12:39:09,528 [Worker-39: Building] INFO  o.a.m.s.f.DefaultMavenResourcesFiltering - skip non existing resourceDirectory C:\Projects\Microservices\HospitalClaimsMicroservice\src\test\resources
2025-07-18 12:39:26,053 [Worker-41: Building] INFO  o.a.m.s.f.DefaultMavenResourcesFiltering - Copying 1 resource from src\main\resources to target\classes
2025-07-18 12:39:26,113 [Worker-41: Building] INFO  o.a.m.s.f.DefaultMavenResourcesFiltering - Copying 0 resource from src\main\resources to target\classes
2025-07-18 12:39:26,126 [Worker-41: Building] INFO  o.a.m.s.f.DefaultMavenResourcesFiltering - skip non existing resourceDirectory C:\Projects\Microservices\HospitalClaimsQueriesMicroservice\src\test\resources
2025-07-18 13:58:54,895 [Worker-46: Building] INFO  o.a.m.s.f.DefaultMavenResourcesFiltering - Copying 1 resource from src\main\resources to target\classes
2025-07-18 13:58:54,925 [Worker-46: Building] INFO  o.a.m.s.f.DefaultMavenResourcesFiltering - Copying 0 resource from src\main\resources to target\classes
2025-07-18 13:58:54,927 [Worker-46: Building] INFO  o.a.m.s.f.DefaultMavenResourcesFiltering - skip non existing resourceDirectory C:\Projects\Microservices\HospitalClaimsMicroservice\src\test\resources
2025-07-18 13:59:31,232 [Worker-48: Building] INFO  o.a.m.s.f.DefaultMavenResourcesFiltering - Copying 1 resource from src\main\resources to target\classes
2025-07-18 13:59:31,242 [Worker-48: Building] INFO  o.a.m.s.f.DefaultMavenResourcesFiltering - Copying 0 resource from src\main\resources to target\classes
2025-07-18 13:59:31,245 [Worker-48: Building] INFO  o.a.m.s.f.DefaultMavenResourcesFiltering - skip non existing resourceDirectory C:\Projects\Microservices\HospitalClaimsMicroservice\src\test\resources
2025-07-18 14:02:06,889 [Worker-46: Building] INFO  o.a.m.s.f.DefaultMavenResourcesFiltering - Copying 1 resource from src\main\resources to target\classes
2025-07-18 14:02:06,896 [Worker-46: Building] INFO  o.a.m.s.f.DefaultMavenResourcesFiltering - Copying 0 resource from src\main\resources to target\classes
2025-07-18 14:02:06,900 [Worker-46: Building] INFO  o.a.m.s.f.DefaultMavenResourcesFiltering - skip non existing resourceDirectory C:\Projects\Microservices\HospitalClaimsMicroservice\src\test\resources
2025-07-18 14:02:46,406 [Worker-47: Building] INFO  o.a.m.s.f.DefaultMavenResourcesFiltering - Copying 1 resource from src\main\resources to target\classes
2025-07-18 14:02:46,486 [Worker-47: Building] INFO  o.a.m.s.f.DefaultMavenResourcesFiltering - Copying 0 resource from src\main\resources to target\classes
2025-07-18 14:02:46,494 [Worker-47: Building] INFO  o.a.m.s.f.DefaultMavenResourcesFiltering - skip non existing resourceDirectory C:\Projects\Microservices\HospitalClaimsMicroservice\src\test\resources
2025-07-18 14:03:04,907 [Worker-51: Building] INFO  o.a.m.s.f.DefaultMavenResourcesFiltering - Copying 1 resource from src\main\resources to target\classes
2025-07-18 14:03:04,913 [Worker-51: Building] INFO  o.a.m.s.f.DefaultMavenResourcesFiltering - Copying 0 resource from src\main\resources to target\classes
2025-07-18 14:03:04,916 [Worker-51: Building] INFO  o.a.m.s.f.DefaultMavenResourcesFiltering - skip non existing resourceDirectory C:\Projects\Microservices\HospitalClaimsMicroservice\src\test\resources
2025-07-18 14:03:14,503 [Worker-49: Building] INFO  o.a.m.s.f.DefaultMavenResourcesFiltering - Copying 1 resource from src\main\resources to target\classes
2025-07-18 14:03:14,508 [Worker-49: Building] INFO  o.a.m.s.f.DefaultMavenResourcesFiltering - Copying 0 resource from src\main\resources to target\classes
2025-07-18 14:03:14,510 [Worker-49: Building] INFO  o.a.m.s.f.DefaultMavenResourcesFiltering - skip non existing resourceDirectory C:\Projects\Microservices\HospitalClaimsMicroservice\src\test\resources
2025-07-18 14:06:46,725 [Worker-51: Building] INFO  o.a.m.s.f.DefaultMavenResourcesFiltering - Copying 1 resource from src\main\resources to target\classes
2025-07-18 14:06:46,734 [Worker-51: Building] INFO  o.a.m.s.f.DefaultMavenResourcesFiltering - Copying 0 resource from src\main\resources to target\classes
2025-07-18 14:06:46,738 [Worker-51: Building] INFO  o.a.m.s.f.DefaultMavenResourcesFiltering - skip non existing resourceDirectory C:\Projects\Microservices\HospitalClaimsMicroservice\src\test\resources
2025-07-18 14:17:04,627 [Worker-37: Building] INFO  o.a.m.s.f.DefaultMavenResourcesFiltering - Copying 1 resource from src\main\resources to target\classes
2025-07-18 14:17:04,638 [Worker-37: Building] INFO  o.a.m.s.f.DefaultMavenResourcesFiltering - Copying 0 resource from src\main\resources to target\classes
2025-07-18 14:17:04,643 [Worker-37: Building] INFO  o.a.m.s.f.DefaultMavenResourcesFiltering - skip non existing resourceDirectory C:\Projects\Microservices\ApiGatewayMicroservice\src\test\resources
2025-07-18 14:17:45,023 [Worker-45: Building] INFO  o.a.m.s.f.DefaultMavenResourcesFiltering - Copying 1 resource from src\main\resources to target\classes
2025-07-18 14:17:45,031 [Worker-45: Building] INFO  o.a.m.s.f.DefaultMavenResourcesFiltering - Copying 0 resource from src\main\resources to target\classes
2025-07-18 14:17:45,034 [Worker-45: Building] INFO  o.a.m.s.f.DefaultMavenResourcesFiltering - skip non existing resourceDirectory C:\Projects\Microservices\ApiGatewayMicroservice\src\test\resources
2025-07-18 14:44:56,456 [Worker-23: Building] INFO  o.a.m.s.f.DefaultMavenResourcesFiltering - Copying 1 resource from src\main\resources to target\classes
2025-07-18 14:44:56,469 [Worker-23: Building] INFO  o.a.m.s.f.DefaultMavenResourcesFiltering - Copying 0 resource from src\main\resources to target\classes
2025-07-18 14:44:56,474 [Worker-23: Building] INFO  o.a.m.s.f.DefaultMavenResourcesFiltering - skip non existing resourceDirectory C:\Projects\Microservices\HospitalClaimsMicroservice\src\test\resources
2025-07-18 14:47:43,169 [Worker-37: Building] INFO  o.a.m.s.f.DefaultMavenResourcesFiltering - Copying 1 resource from src\main\resources to target\classes
2025-07-18 14:47:43,175 [Worker-37: Building] INFO  o.a.m.s.f.DefaultMavenResourcesFiltering - Copying 0 resource from src\main\resources to target\classes
2025-07-18 14:47:43,177 [Worker-37: Building] INFO  o.a.m.s.f.DefaultMavenResourcesFiltering - skip non existing resourceDirectory C:\Projects\Microservices\HospitalClaimsMicroservice\src\test\resources
2025-07-18 14:49:59,824 [Worker-23: Building] INFO  o.a.m.s.f.DefaultMavenResourcesFiltering - Copying 1 resource from src\main\resources to target\classes
2025-07-18 14:49:59,839 [Worker-23: Building] INFO  o.a.m.s.f.DefaultMavenResourcesFiltering - Copying 0 resource from src\main\resources to target\classes
2025-07-18 14:49:59,844 [Worker-23: Building] INFO  o.a.m.s.f.DefaultMavenResourcesFiltering - skip non existing resourceDirectory C:\Projects\Microservices\HospitalClaimsMicroservice\src\test\resources
2025-07-18 14:50:43,300 [Worker-54: Building] INFO  o.a.m.s.f.DefaultMavenResourcesFiltering - Copying 1 resource from src\main\resources to target\classes
2025-07-18 14:50:43,306 [Worker-54: Building] INFO  o.a.m.s.f.DefaultMavenResourcesFiltering - Copying 0 resource from src\main\resources to target\classes
2025-07-18 14:50:43,308 [Worker-54: Building] INFO  o.a.m.s.f.DefaultMavenResourcesFiltering - skip non existing resourceDirectory C:\Projects\Microservices\HospitalClaimsMicroservice\src\test\resources
2025-07-18 14:51:25,728 [Worker-39: Building] INFO  o.a.m.s.f.DefaultMavenResourcesFiltering - Copying 1 resource from src\main\resources to target\classes
2025-07-18 14:51:25,736 [Worker-39: Building] INFO  o.a.m.s.f.DefaultMavenResourcesFiltering - Copying 0 resource from src\main\resources to target\classes
2025-07-18 14:51:25,739 [Worker-39: Building] INFO  o.a.m.s.f.DefaultMavenResourcesFiltering - skip non existing resourceDirectory C:\Projects\Microservices\HospitalClaimsMicroservice\src\test\resources
2025-07-18 14:53:09,864 [Worker-28: Building] INFO  o.a.m.s.f.DefaultMavenResourcesFiltering - Copying 1 resource from src\main\resources to target\classes
2025-07-18 14:53:09,869 [Worker-28: Building] INFO  o.a.m.s.f.DefaultMavenResourcesFiltering - Copying 0 resource from src\main\resources to target\classes
2025-07-18 14:53:09,871 [Worker-28: Building] INFO  o.a.m.s.f.DefaultMavenResourcesFiltering - skip non existing resourceDirectory C:\Projects\Microservices\HospitalClaimsMicroservice\src\test\resources
2025-07-18 15:19:14,183 [Worker-50: Building] INFO  o.a.m.s.f.DefaultMavenResourcesFiltering - Copying 1 resource from src\main\resources to target\classes
2025-07-18 15:19:14,198 [Worker-50: Building] INFO  o.a.m.s.f.DefaultMavenResourcesFiltering - Copying 0 resource from src\main\resources to target\classes
2025-07-18 15:19:14,201 [Worker-50: Building] INFO  o.a.m.s.f.DefaultMavenResourcesFiltering - skip non existing resourceDirectory C:\Projects\Microservices\HospitalClaimsMicroservice\src\test\resources
2025-07-18 15:19:46,157 [Worker-28: Building] INFO  o.a.m.s.f.DefaultMavenResourcesFiltering - Copying 1 resource from src\main\resources to target\classes
2025-07-18 15:19:46,163 [Worker-28: Building] INFO  o.a.m.s.f.DefaultMavenResourcesFiltering - Copying 0 resource from src\main\resources to target\classes
2025-07-18 15:19:46,165 [Worker-28: Building] INFO  o.a.m.s.f.DefaultMavenResourcesFiltering - skip non existing resourceDirectory C:\Projects\Microservices\HospitalClaimsMicroservice\src\test\resources
2025-07-18 15:27:06,659 [Worker-7: Building] INFO  o.a.m.s.f.DefaultMavenResourcesFiltering - Copying 1 resource from src\main\resources to target\classes
2025-07-18 15:27:06,669 [Worker-7: Building] INFO  o.a.m.s.f.DefaultMavenResourcesFiltering - Copying 0 resource from src\main\resources to target\classes
2025-07-18 15:27:06,673 [Worker-7: Building] INFO  o.a.m.s.f.DefaultMavenResourcesFiltering - skip non existing resourceDirectory C:\Projects\Microservices\HospitalClaimsMicroservice\src\test\resources
2025-07-18 17:45:04,646 [Worker-37: Building] INFO  o.a.m.s.f.DefaultMavenResourcesFiltering - Copying 1 resource from src\main\resources to target\classes
2025-07-18 17:45:04,699 [Worker-37: Building] INFO  o.a.m.s.f.DefaultMavenResourcesFiltering - Copying 0 resource from src\main\resources to target\classes
2025-07-18 17:45:04,702 [Worker-37: Building] INFO  o.a.m.s.f.DefaultMavenResourcesFiltering - skip non existing resourceDirectory C:\Projects\Microservices\HospitalClaimsMicroservice\src\test\resources
2025-07-19 09:33:09,484 [Worker-6: Loading available Gradle versions] INFO  o.e.b.c.i.u.g.PublishedGradleVersions - Gradle version information cache is out-of-date. Trying to update.
